生徒ID,請求情報ID,支払日時,支払金額,合計,差引,12月売上,01月売上,02月売上,03月売上,04月売上,05月売上
S00000000933,2911461,"2026-01-01 04:19:38",13365,13365,0,0,13365,0,0,0,0
S00000000933,2911462,"2026-01-01 04:19:39",0,0,0,0,0,0,0,0,0
S00000000939,2916236,"2026-01-06 00:38:14",7425,6228,1197,0,6228,0,0,0,0
S00000000939,2916237,"2026-01-06 00:38:15",9900,8304,1596,0,8304,0,0,0,0
S00000000939,2916238,"2026-01-06 00:38:15",0,0,0,0,0,0,0,0,0
S00000001022,2912273,"2026-01-02 08:23:19",11880,11497,383,0,11497,0,0,0,0
S00000001236,2912934,"2026-01-02 08:49:27",14107,0,14107,0,0,0,0,0,0
S00000001236,2912935,"2026-01-02 08:49:28",0,0,0,0,0,0,0,0,0
S00000002234,2910547,"2026-01-01 03:44:29",11880,11880,0,0,11880,0,0,0,0
S00000002234,2912408,"2026-01-02 08:31:20",990,959,31,0,959,0,0,0,0
S00000002433,2906327,"2026-01-01 04:34:44",14107,14107,0,0,14107,0,0,0,0
S00000002433,2911899,"2026-01-01 04:34:44",0,0,0,0,0,0,0,0,0
S00000003489,2911665,"2026-01-01 04:26:42",14107,14107,0,0,14107,0,0,0,0
S00000003489,2911666,"2026-01-01 04:26:42",0,0,0,0,0,0,0,0,0
S00000003595,2910460,"2026-01-01 03:39:25",11880,11880,0,0,11880,0,0,0,0
S00000003617,2916623,"2026-01-06 03:30:37",11880,9964,1916,0,9964,0,0,0,0
S00000004088,2909967,"2026-01-01 03:19:18",14107,14107,0,0,14107,0,0,0,0
S00000004088,2909968,"2026-01-01 03:19:18",0,0,0,0,0,0,0,0,0
S00000004338,2912388,"2026-01-02 08:30:08",11880,11497,383,0,11497,0,0,0,0
S00000004338,2912389,"2026-01-02 08:30:11",990,959,31,0,959,0,0,0,0
S00000005392,2913388,"2026-01-03 03:27:43",13365,12503,862,0,12503,0,0,0,0
S00000005392,2913389,"2026-01-03 03:27:43",0,0,0,0,0,0,0,0,0
S00000005756,2916635,"2026-01-06 03:31:08",14107,11832,2275,0,11832,0,0,0,0
S00000005756,2916636,"2026-01-06 03:31:08",0,0,0,0,0,0,0,0,0
S00000006203,2915010,"2026-01-05 03:21:22",11880,10348,1532,0,10348,0,0,0,0
S00000006300,2914977,"2026-01-05 03:19:19",11880,10348,1532,0,10348,0,0,0,0
S00000006601,2910424,"2026-01-01 03:37:45",11880,11880,0,0,11880,0,0,0,0
S00000007069,2912641,"2026-01-02 08:39:58",13365,12934,431,0,12934,0,0,0,0
S00000007069,2912642,"2026-01-02 08:39:58",0,0,0,0,0,0,0,0,0
S00000007144,2881959,"2026-01-02 08:40:59",13365,0,13365,0,0,0,0,0,0
S00000007144,2912671,"2026-01-02 08:40:59",0,0,0,0,0,0,0,0,0
S00000007178,2916274,"2026-01-06 03:16:06",13365,11210,2155,0,11210,0,0,0,0
S00000007178,2916275,"2026-01-06 03:16:07",0,0,0,0,0,0,0,0,0
S00000007602,2913206,"2026-01-03 03:18:27",11880,11114,766,0,11114,0,0,0,0
S00000008095,2881970,"2026-01-01 04:37:53",19800,19800,0,0,19800,0,0,0,0
S00000008492,2910425,"2026-01-01 03:37:47",11880,11880,0,0,11880,0,0,0,0
S00000008504,2913532,"2026-01-03 03:32:31",11880,11114,766,0,11114,0,0,0,0
S00000008649,2916495,"2026-01-06 03:25:46",14107,11832,2275,0,11832,0,0,0,0
S00000008649,2916496,"2026-01-06 03:25:47",0,0,0,0,0,0,0,0,0
S00000008649,2916497,"2026-01-06 03:25:49",19800,16607,3193,0,16607,0,0,0,0
S00000008760,2916637,"2026-01-06 03:31:12",11880,9964,1916,0,9964,0,0,0,0
S00000008760,2916640,"2026-01-06 03:31:21",990,831,159,0,831,0,0,0,0
S00000008835,2912516,"2026-01-02 08:35:40",11880,11497,383,0,11497,0,0,0,0
S00000009019,2913590,"2026-01-03 03:34:25",11880,11114,766,0,11114,0,0,0,0
S00000009153,2914307,"2026-01-04 03:29:59",13365,12072,1293,0,12072,0,0,0,0
S00000009153,2914308,"2026-01-04 03:29:59",0,0,0,0,0,0,0,0,0
S00000009175,2910935,"2026-01-01 04:01:42",13365,13365,0,0,13365,0,0,0,0
S00000009175,2910936,"2026-01-01 04:01:42",0,0,0,0,0,0,0,0,0
S00000009260,2916046,"2026-01-05 17:29:15",0,0,0,0,0,0,0,0,0
S00000009260,2916047,"2026-01-05 17:29:15",7425,6467,958,0,6467,0,0,0,0
S00000009465,2915500,"2026-01-05 03:40:32",14107,12287,1820,0,12287,0,0,0,0
S00000009465,2915501,"2026-01-05 03:40:32",0,0,0,0,0,0,0,0,0
S00000010075,2910432,"2026-01-01 03:38:07",11880,11880,0,0,11880,0,0,0,0
S00000010190,2873571,"2026-01-01 04:24:21",13365,13365,0,0,13365,0,0,0,0
S00000010190,2911600,"2026-01-01 04:24:21",0,0,0,0,0,0,0,0,0
S00000010274,2914154,"2026-01-04 03:22:56",11880,10731,1149,0,10731,0,0,0,0
S00000010654,2911337,"2026-01-01 04:15:35",14107,14107,0,0,14107,0,0,0,0
S00000010654,2911338,"2026-01-01 04:15:35",0,0,0,0,0,0,0,0,0
S00000011051,2916591,"2026-01-06 03:29:23",13365,11210,2155,0,11210,0,0,0,0
S00000011051,2916592,"2026-01-06 03:29:24",0,0,0,0,0,0,0,0,0
S00000011116,2910421,"2026-01-01 03:37:38",990,990,0,0,990,0,0,0,0
S00000011116,2910426,"2026-01-01 03:37:50",11880,11880,0,0,11880,0,0,0,0
S00000011394,2912250,"2026-01-02 08:21:59",11880,11497,383,0,11497,0,0,0,0
S00000011420,2914937,"2026-01-05 03:17:13",11880,10348,1532,0,10348,0,0,0,0
S00000011426,2912232,"2026-01-02 08:21:10",11880,11497,383,0,11497,0,0,0,0
S00000011505,2878313,"2026-01-04 03:38:25",13365,12072,1293,0,12072,0,0,0,0
S00000011505,2914563,"2026-01-04 03:38:25",0,0,0,0,0,0,0,0,0
S00000012542,2915557,"2026-01-05 06:17:29",0,0,0,0,0,0,0,0,0
S00000012542,2915558,"2026-01-05 06:17:30",7425,6467,958,0,6467,0,0,0,0
S00000012919,2912415,"2026-01-02 08:31:43",11880,11497,383,0,11497,0,0,0,0
S00000013015,2913888,"2026-01-03 03:44:46",19800,18523,1277,0,18523,0,0,0,0
S00000013197,2912260,"2026-01-02 08:22:33",17820,17246,574,0,17246,0,0,0,0
S00000013230,2911400,"2026-01-01 04:17:37",12622,12622,0,0,12622,0,0,0,0
S00000013230,2911401,"2026-01-01 04:17:37",0,0,0,0,0,0,0,0,0
S00000013339,2916387,"2026-01-06 03:21:36",11880,9964,1916,0,9964,0,0,0,0
S00000013521,2914941,"2026-01-05 03:17:24",11880,10348,1532,0,10348,0,0,0,0
S00000013710,2910632,"2026-01-01 03:49:40",11880,11880,0,0,11880,0,0,0,0
S00000013733,2915279,"2026-01-05 03:32:58",13365,11641,1724,0,11641,0,0,0,0
S00000013733,2915280,"2026-01-05 03:32:58",0,0,0,0,0,0,0,0,0
S00000014120,2911120,"2026-01-01 04:08:13",11880,11880,0,0,11880,0,0,0,0
S00000014424,2913561,"2026-01-03 03:33:30",13365,12503,862,0,12503,0,0,0,0
S00000014424,2913562,"2026-01-03 03:33:30",0,0,0,0,0,0,0,0,0
S00000014618,2910282,"2026-01-01 03:29:45",11880,11880,0,0,11880,0,0,0,0
S00000014816,2911505,"2026-01-01 04:21:12",13365,13365,0,0,13365,0,0,0,0
S00000014816,2911506,"2026-01-01 04:21:12",0,0,0,0,0,0,0,0,0
S00000014909,2910269,"2026-01-01 03:29:11",13365,13365,0,0,13365,0,0,0,0
S00000014909,2910270,"2026-01-01 03:29:11",0,0,0,0,0,0,0,0,0
S00000014961,2911947,"2026-01-01 04:36:23",14107,14107,0,0,14107,0,0,0,0
S00000014961,2911948,"2026-01-01 04:36:23",0,0,0,0,0,0,0,0,0
S00000015277,2913419,"2026-01-03 03:28:43",18232,17056,1176,0,17056,0,0,0,0
S00000015277,2913420,"2026-01-03 03:28:43",0,0,0,0,0,0,0,0,0
S00000015432,2915192,"2026-01-05 03:29:56",12622,10994,1628,0,10994,0,0,0,0
S00000015432,2915193,"2026-01-05 03:29:56",0,0,0,0,0,0,0,0,0
S00000015481,2914835,"2026-01-04 19:09:35",0,0,0,0,0,0,0,0,0
S00000015481,2914836,"2026-01-04 19:09:35",14107,12742,1365,0,12742,0,0,0,0
S00000015605,2910507,"2026-01-01 03:42:03",11880,11880,0,0,11880,0,0,0,0
S00000016508,2912084,"2026-01-01 10:31:07",0,0,0,0,0,0,0,0,0
S00000016508,2912085,"2026-01-01 10:31:07",14107,14107,0,0,14107,0,0,0,0
S00000016627,2916641,"2026-01-06 03:31:25",11880,9964,1916,0,9964,0,0,0,0
S00000017015,2916312,"2026-01-06 03:18:14",11880,9964,1916,0,9964,0,0,0,0
S00000017475,2910680,"2026-01-01 03:52:29",11880,11880,0,0,11880,0,0,0,0
S00000017761,2916295,"2026-01-06 03:17:13",11880,9964,1916,0,9964,0,0,0,0
S00000017868,2913180,"2026-01-03 03:16:49",11880,11114,766,0,11114,0,0,0,0
S00000017917,2913152,"2026-01-03 03:15:35",14107,13197,910,0,13197,0,0,0,0
S00000017917,2913153,"2026-01-03 03:15:35",0,0,0,0,0,0,0,0,0
S00000017951,2914993,"2026-01-05 03:20:17",11880,10348,1532,0,10348,0,0,0,0
S00000018938,2914168,"2026-01-04 03:23:48",11880,10731,1149,0,10731,0,0,0,0
S00000019484,2912230,"2026-01-02 08:21:03",11880,11497,383,0,11497,0,0,0,0
S00000019560,2869117,"2026-01-01 04:08:56",13365,13365,0,0,13365,0,0,0,0
S00000019560,2911141,"2026-01-01 04:08:56",0,0,0,0,0,0,0,0,0
S00000019775,2912238,"2026-01-02 08:21:27",11880,11497,383,0,11497,0,0,0,0
S00000019894,2916632,"2026-01-06 03:31:00",11880,9964,1916,0,9964,0,0,0,0
S00000020021,2910929,"2026-01-01 04:01:30",13365,13365,0,0,13365,0,0,0,0
S00000020021,2910930,"2026-01-01 04:01:31",0,0,0,0,0,0,0,0,0
S00000020146,2916642,"2026-01-06 03:31:29",11880,9964,1916,0,9964,0,0,0,0
S00000020252,2910831,"2026-01-01 03:58:24",12622,12622,0,0,12622,0,0,0,0
S00000020252,2910832,"2026-01-01 03:58:24",0,0,0,0,0,0,0,0,0
S00000020421,2914067,"2026-01-04 03:17:37",11880,10731,1149,0,10731,0,0,0,0
S00000020566,2916408,"2026-01-06 03:22:26",11880,9964,1916,0,9964,0,0,0,0
S00000020850,2915258,"2026-01-05 03:32:15",14107,0,14107,0,0,0,0,0,0
S00000020850,2915259,"2026-01-05 03:32:15",0,0,0,0,0,0,0,0,0
S00000020888,2912263,"2026-01-02 08:22:43",11880,11497,383,0,11497,0,0,0,0
S00000021547,2912391,"2026-01-02 08:30:20",11880,11497,383,0,11497,0,0,0,0
S00000021547,2912392,"2026-01-02 08:30:23",990,959,31,0,959,0,0,0,0
S00000021664,2911365,"2026-01-01 04:16:28",13365,13365,0,0,13365,0,0,0,0
S00000021664,2911366,"2026-01-01 04:16:28",0,0,0,0,0,0,0,0,0
S00000021797,2910420,"2026-01-01 03:37:35",990,990,0,0,990,0,0,0,0
S00000021797,2910422,"2026-01-01 03:37:40",17820,17820,0,0,17820,0,0,0,0
S00000021799,2910462,"2026-01-01 03:39:30",11880,11880,0,0,11880,0,0,0,0
S00000021837,2910436,"2026-01-01 03:38:20",11880,11880,0,0,11880,0,0,0,0
S00000021911,2913261,"2026-01-03 03:21:55",11880,11114,766,0,11114,0,0,0,0
S00000022010,2914054,"2026-01-04 03:17:00",11880,10731,1149,0,10731,0,0,0,0
S00000022065,2914508,"2026-01-04 03:36:37",17820,16096,1724,0,16096,0,0,0,0
S00000022263,2912282,"2026-01-02 08:23:56",11880,11497,383,0,11497,0,0,0,0
S00000022553,2915126,"2026-01-05 03:27:36",13365,11641,1724,0,11641,0,0,0,0
S00000022553,2915127,"2026-01-05 03:27:36",0,0,0,0,0,0,0,0,0
S00000022785,2912412,"2026-01-02 08:31:33",11880,11497,383,0,11497,0,0,0,0
S00000022885,2914202,"2026-01-04 03:25:50",13365,12072,1293,0,12072,0,0,0,0
S00000022885,2914203,"2026-01-04 03:25:50",0,0,0,0,0,0,0,0,0
S00000024033,2915035,"2026-01-05 03:22:48",11880,10348,1532,0,10348,0,0,0,0
S00000024243,2915005,"2026-01-05 03:21:04",11880,10348,1532,0,10348,0,0,0,0
S00000024351,2912941,"2026-01-02 08:49:41",17820,17246,574,0,17246,0,0,0,0
S00000024525,2914963,"2026-01-05 03:18:29",11880,10348,1532,0,10348,0,0,0,0
S00000024897,2910985,"2026-01-01 04:03:23",13365,13365,0,0,13365,0,0,0,0
S00000024897,2910986,"2026-01-01 04:03:23",0,0,0,0,0,0,0,0,0
S00000024964,2911151,"2026-01-01 04:09:20",13365,13365,0,0,13365,0,0,0,0
S00000024964,2911152,"2026-01-01 04:09:20",0,0,0,0,0,0,0,0,0
S00000025357,2910671,"2026-01-01 03:51:56",17820,17820,0,0,17820,0,0,0,0
S00000025579,2913563,"2026-01-03 03:33:32",13365,12503,862,0,12503,0,0,0,0
S00000025579,2913564,"2026-01-03 03:33:32",0,0,0,0,0,0,0,0,0
S00000025646,2914381,"2026-01-04 03:32:22",13365,12072,1293,0,12072,0,0,0,0
S00000025646,2914382,"2026-01-04 03:32:23",0,0,0,0,0,0,0,0,0
S00000025663,2916304,"2026-01-06 03:17:46",11880,9964,1916,0,9964,0,0,0,0
S00000026634,2911508,"2026-01-01 04:21:19",14850,14850,0,0,14850,0,0,0,0
S00000026634,2911509,"2026-01-01 04:21:20",0,0,0,0,0,0,0,0,0
S00000026634,2911510,"2026-01-01 04:21:23",19800,19800,0,0,19800,0,0,0,0
S00000027262,2914383,"2026-01-04 03:32:26",13365,12072,1293,0,12072,0,0,0,0
S00000027262,2914384,"2026-01-04 03:32:26",0,0,0,0,0,0,0,0,0
S00000027589,2910678,"2026-01-01 03:52:22",11880,11880,0,0,11880,0,0,0,0
S00000028262,2910587,"2026-01-01 03:46:56",11880,11880,0,0,11880,0,0,0,0
S00000028393,2912228,"2026-01-02 08:20:58",11880,11497,383,0,11497,0,0,0,0
S00000028685,2914196,"2026-01-04 03:25:25",11880,10731,1149,0,10731,0,0,0,0
S00000028713,2910572,"2026-01-01 03:46:02",11880,11880,0,0,11880,0,0,0,0
S00000028740,2911753,"2026-01-01 04:29:43",13365,13365,0,0,13365,0,0,0,0
S00000028740,2911754,"2026-01-01 04:29:43",0,0,0,0,0,0,0,0,0
S00000029564,2914178,"2026-01-04 03:24:22",11880,10731,1149,0,10731,0,0,0,0
S00000030033,2916049,"2026-01-05 17:30:04",0,0,0,0,0,0,0,0,0
S00000030033,2916050,"2026-01-05 17:30:05",7425,6467,958,0,6467,0,0,0,0
S00000030252,2916441,"2026-01-06 03:23:43",13365,11210,2155,0,11210,0,0,0,0
S00000030252,2916442,"2026-01-06 03:23:43",0,0,0,0,0,0,0,0,0
S00000030349,2912088,"2026-01-01 14:00:22",0,0,0,0,0,0,0,0,0
S00000030349,2912089,"2026-01-01 14:00:22",13365,13365,0,0,13365,0,0,0,0
S00000030782,2912229,"2026-01-02 08:21:01",11880,11497,383,0,11497,0,0,0,0
S00000030794,2912288,"2026-01-02 08:24:18",11880,11497,383,0,11497,0,0,0,0
S00000031334,2912787,"2026-01-02 08:44:29",14107,13652,455,0,13652,0,0,0,0
S00000031334,2912788,"2026-01-02 08:44:30",0,0,0,0,0,0,0,0,0
S00000031395,2911167,"2026-01-01 04:09:50",12622,12622,0,0,12622,0,0,0,0
S00000031395,2911168,"2026-01-01 04:09:50",0,0,0,0,0,0,0,0,0
S00000031403,2911993,"2026-01-01 04:38:03",14107,14107,0,0,14107,0,0,0,0
S00000031403,2911994,"2026-01-01 04:38:03",0,0,0,0,0,0,0,0,0
S00000031482,2910350,"2026-01-01 03:33:57",11880,11880,0,0,11880,0,0,0,0
S00000032523,2915983,"2026-01-05 13:16:58",0,0,0,0,0,0,0,0,0
S00000032523,2915984,"2026-01-05 13:16:58",7425,0,7425,0,0,0,0,0,0
S00000032581,2910280,"2026-01-01 03:29:38",11880,11880,0,0,11880,0,0,0,0
S00000032631,2914042,"2026-01-04 03:16:23",11880,10731,1149,0,10731,0,0,0,0
S00000032692,2914099,"2026-01-04 03:19:38",11880,10731,1149,0,10731,0,0,0,0
S00000032929,2910428,"2026-01-01 03:37:56",17820,17820,0,0,17820,0,0,0,0
S00000034121,2914204,"2026-01-04 03:25:53",11880,10731,1149,0,10731,0,0,0,0
S00000034762,2913831,"2026-01-03 03:42:55",14107,13197,910,0,13197,0,0,0,0
S00000034762,2913832,"2026-01-03 03:42:55",0,0,0,0,0,0,0,0,0
S00000035270,2912046,"2026-01-01 04:39:52",14107,14107,0,0,14107,0,0,0,0
S00000035270,2912047,"2026-01-01 04:39:53",0,0,0,0,0,0,0,0,0
S00000035291,2912374,"2026-01-02 08:29:21",11880,11497,383,0,11497,0,0,0,0
S00000035927,2916296,"2026-01-06 03:17:16",11880,9964,1916,0,9964,0,0,0,0
S00000036090,2911017,"2026-01-01 04:04:33",19305,19305,0,0,19305,0,0,0,0
S00000036090,2911018,"2026-01-01 04:04:33",0,0,0,0,0,0,0,0,0
S00000036106,2916425,"2026-01-06 03:23:08",13365,11210,2155,0,11210,0,0,0,0
S00000036106,2916426,"2026-01-06 03:23:08",0,0,0,0,0,0,0,0,0
S00000036550,2914949,"2026-01-05 03:17:47",990,863,127,0,863,0,0,0,0
S00000036826,2914965,"2026-01-05 03:18:36",11880,10348,1532,0,10348,0,0,0,0
S00000036868,2912548,"2026-01-02 08:36:52",11880,11497,383,0,11497,0,0,0,0
S00000037097,2912303,"2026-01-02 08:25:08",11880,11497,383,0,11497,0,0,0,0
S00000037658,2914824,"2026-01-04 16:45:31",0,0,0,0,0,0,0,0,0
S00000037658,2914825,"2026-01-04 16:45:31",14107,12742,1365,0,12742,0,0,0,0
S00000037806,2910609,"2026-01-01 03:48:15",11880,11880,0,0,11880,0,0,0,0
S00000037824,2911025,"2026-01-01 04:04:53",12622,12622,0,0,12622,0,0,0,0
S00000037824,2911026,"2026-01-01 04:04:53",0,0,0,0,0,0,0,0,0
S00000037894,2912218,"2026-01-02 08:20:32",11880,11497,383,0,11497,0,0,0,0
S00000037956,2916643,"2026-01-06 03:31:33",13365,11210,2155,0,11210,0,0,0,0
S00000037956,2916644,"2026-01-06 03:31:33",0,0,0,0,0,0,0,0,0
S00000037999,2910490,"2026-01-01 03:41:06",11880,11880,0,0,11880,0,0,0,0
S00000038068,2916276,"2026-01-06 03:16:10",13365,11210,2155,0,11210,0,0,0,0
S00000038068,2916277,"2026-01-06 03:16:11",0,0,0,0,0,0,0,0,0
S00000038068,2916278,"2026-01-06 03:16:14",19800,16607,3193,0,16607,0,0,0,0
S00000038090,2912251,"2026-01-02 08:22:03",11880,11497,383,0,11497,0,0,0,0
S00000038242,2914974,"2026-01-05 03:19:08",11880,10348,1532,0,10348,0,0,0,0
S00000038528,2914936,"2026-01-05 03:17:10",11880,10348,1532,0,10348,0,0,0,0
S00000038583,2916907,"2026-01-06 03:42:01",14107,11832,2275,0,11832,0,0,0,0
S00000038583,2916908,"2026-01-06 03:42:01",0,0,0,0,0,0,0,0,0
S00000038648,2911497,"2026-01-01 04:20:53",14107,14107,0,0,14107,0,0,0,0
S00000038648,2911498,"2026-01-01 04:20:53",0,0,0,0,0,0,0,0,0
S00000038772,2912271,"2026-01-02 08:23:11",11880,11497,383,0,11497,0,0,0,0
S00000038898,2916297,"2026-01-06 03:17:21",11880,9964,1916,0,9964,0,0,0,0
S00000039052,2911093,"2026-01-01 04:07:14",19305,19305,0,0,19305,0,0,0,0
S00000039052,2911094,"2026-01-01 04:07:14",0,0,0,0,0,0,0,0,0
S00000039094,2911453,"2026-01-01 04:19:24",20377,20377,0,0,20377,0,0,0,0
S00000039094,2911454,"2026-01-01 04:19:24",0,0,0,0,0,0,0,0,0
S00000039114,2913113,"2026-01-04 03:42:33",14107,12742,1365,0,12742,0,0,0,0
S00000039114,2914683,"2026-01-04 03:42:33",0,0,0,0,0,0,0,0,0
S00000039425,2914260,"2026-01-04 03:28:22",11880,10731,1149,0,10731,0,0,0,0
S00000039516,2910392,"2026-01-01 03:36:15",11880,11880,0,0,11880,0,0,0,0
S00000039517,2910602,"2026-01-01 03:47:51",11880,11880,0,0,11880,0,0,0,0
S00000039571,2910391,"2026-01-01 03:36:12",11880,11880,0,0,11880,0,0,0,0
S00000039789,2912290,"2026-01-02 08:24:24",11880,11497,383,0,11497,0,0,0,0
S00000039794,2914946,"2026-01-05 03:17:39",11880,10348,1532,0,10348,0,0,0,0
S00000039794,2915001,"2026-01-05 03:20:48",990,863,127,0,863,0,0,0,0
S00000039889,2910401,"2026-01-01 03:36:46",11880,11880,0,0,11880,0,0,0,0
S00000039910,2912299,"2026-01-02 08:24:53",11880,11497,383,0,11497,0,0,0,0
S00000040790,2916299,"2026-01-06 03:17:28",11880,9964,1916,0,9964,0,0,0,0
S00000041194,2910423,"2026-01-01 03:37:43",11880,11880,0,0,11880,0,0,0,0
S00000041901,2916148,"2026-01-05 18:42:21",0,0,0,0,0,0,0,0,0
S00000041901,2916149,"2026-01-05 18:42:21",14850,12934,1916,0,12934,0,0,0,0
S00000041948,2910972,"2026-01-01 04:02:58",13365,13365,0,0,13365,0,0,0,0
S00000041948,2910973,"2026-01-01 04:02:58",0,0,0,0,0,0,0,0,0
S00000041970,2912676,"2026-01-02 08:41:10",13365,12934,431,0,12934,0,0,0,0
S00000041970,2912677,"2026-01-02 08:41:10",0,0,0,0,0,0,0,0,0
S00000041994,2910869,"2026-01-01 03:59:37",13365,13365,0,0,13365,0,0,0,0
S00000041994,2910870,"2026-01-01 03:59:37",0,0,0,0,0,0,0,0,0
S00000042532,2914120,"2026-01-04 03:20:57",11880,10731,1149,0,10731,0,0,0,0
S00000042871,2914938,"2026-01-05 03:17:16",11880,10348,1532,0,10348,0,0,0,0
S00000043427,2912483,"2026-01-02 08:34:32",11880,11497,383,0,11497,0,0,0,0
S00000043763,2915196,"2026-01-05 03:30:03",13365,11641,1724,0,11641,0,0,0,0
S00000043763,2915197,"2026-01-05 03:30:03",0,0,0,0,0,0,0,0,0
S00000043765,2914839,"2026-01-04 19:38:43",0,0,0,0,0,0,0,0,0
S00000043765,2914840,"2026-01-04 19:38:43",14107,12742,1365,0,12742,0,0,0,0
S00000044169,2914405,"2026-01-04 03:33:15",13365,12072,1293,0,12072,0,0,0,0
S00000044169,2914406,"2026-01-04 03:33:15",0,0,0,0,0,0,0,0,0
S00000044333,2916305,"2026-01-06 03:17:49",11880,9964,1916,0,9964,0,0,0,0
S00000044333,2916306,"2026-01-06 03:17:52",990,831,159,0,831,0,0,0,0
S00000044563,2911745,"2026-01-01 04:29:28",14107,14107,0,0,14107,0,0,0,0
S00000044563,2911746,"2026-01-01 04:29:28",0,0,0,0,0,0,0,0,0
S00000044687,2912967,"2026-01-02 08:50:31",11880,11497,383,0,11497,0,0,0,0
S00000044757,2914900,"2026-01-05 03:15:38",14850,12934,1916,0,12934,0,0,0,0
S00000044757,2914901,"2026-01-05 03:15:38",0,0,0,0,0,0,0,0,0
S00000045361,2914543,"2026-01-04 03:37:44",14107,12742,1365,0,12742,0,0,0,0
S00000045361,2914544,"2026-01-04 03:37:45",0,0,0,0,0,0,0,0,0
S00000045586,2914798,"2026-01-04 13:49:39",0,0,0,0,0,0,0,0,0
S00000045586,2914799,"2026-01-04 13:49:39",14107,12742,1365,0,12742,0,0,0,0
S00000045649,2914047,"2026-01-04 03:16:37",11880,10731,1149,0,10731,0,0,0,0
S00000045819,2914973,"2026-01-05 03:19:05",11880,10348,1532,0,10348,0,0,0,0
S00000045954,2910459,"2026-01-01 03:39:21",11880,11880,0,0,11880,0,0,0,0
S00000046072,2914690,"2026-01-04 03:42:44",14107,12742,1365,0,12742,0,0,0,0
S00000046072,2914691,"2026-01-04 03:42:45",0,0,0,0,0,0,0,0,0
S00000046092,2910457,"2026-01-01 03:39:16",11880,11880,0,0,11880,0,0,0,0
S00000046105,2909957,"2026-01-01 03:19:00",13365,13365,0,0,13365,0,0,0,0
S00000046105,2909958,"2026-01-01 03:19:00",0,0,0,0,0,0,0,0,0
S00000046174,2914934,"2026-01-05 03:17:02",11880,10348,1532,0,10348,0,0,0,0
S00000046260,2916645,"2026-01-06 03:31:36",13365,11210,2155,0,11210,0,0,0,0
S00000046260,2916646,"2026-01-06 03:31:36",0,0,0,0,0,0,0,0,0
S00000046658,2910472,"2026-01-01 03:40:01",11880,11880,0,0,11880,0,0,0,0
S00000046849,2910427,"2026-01-01 03:37:53",11880,11880,0,0,11880,0,0,0,0
S00000046983,2910419,"2026-01-01 03:37:33",11880,11880,0,0,11880,0,0,0,0
S00000047128,2915335,"2026-01-05 03:34:49",12622,10994,1628,0,10994,0,0,0,0
S00000047128,2915336,"2026-01-05 03:34:49",0,0,0,0,0,0,0,0,0
S00000047211,2915078,"2026-01-05 03:25:32",11880,10348,1532,0,10348,0,0,0,0
S00000047778,2910637,"2026-01-01 03:49:56",17820,17820,0,0,17820,0,0,0,0
S00000047930,2916315,"2026-01-06 03:18:25",11880,9964,1916,0,9964,0,0,0,0
S00000047971,2914733,"2026-01-04 04:11:55",0,0,0,0,0,0,0,0,0
S00000047971,2914734,"2026-01-04 04:11:55",14850,13413,1437,0,13413,0,0,0,0
S00000048108,2911063,"2026-01-01 04:06:06",11880,11880,0,0,11880,0,0,0,0
S00000048116,2911144,"2026-01-01 04:09:05",11880,11880,0,0,11880,0,0,0,0
S00000048143,2915573,"2026-01-05 09:11:02",0,0,0,0,0,0,0,0,0
S00000048143,2915574,"2026-01-05 09:11:03",14107,12287,1820,0,12287,0,0,0,0
S00000048385,2913595,"2026-01-03 03:34:36",11880,11114,766,0,11114,0,0,0,0
S00000048463,2915594,"2026-01-05 11:15:48",0,0,0,0,0,0,0,0,0
S00000048463,2915595,"2026-01-05 11:15:48",13365,11641,1724,0,11641,0,0,0,0
S00000048575,2913581,"2026-01-03 03:34:07",13365,12503,862,0,12503,0,0,0,0
S00000048575,2913582,"2026-01-03 03:34:07",0,0,0,0,0,0,0,0,0
S00000049324,2911803,"2026-01-01 04:31:20",14107,14107,0,0,14107,0,0,0,0
S00000049324,2911804,"2026-01-01 04:31:20",0,0,0,0,0,0,0,0,0
S00000049490,2916647,"2026-01-06 03:31:41",11880,9964,1916,0,9964,0,0,0,0
S00000049541,2915402,"2026-01-05 03:37:11",14107,12287,1820,0,12287,0,0,0,0
S00000049541,2915403,"2026-01-05 03:37:11",0,0,0,0,0,0,0,0,0
S00000049677,2912338,"2026-01-02 08:27:08",11880,11497,383,0,11497,0,0,0,0
S00000049738,2910655,"2026-01-01 03:51:01",13365,13365,0,0,13365,0,0,0,0
S00000049738,2910656,"2026-01-01 03:51:02",0,0,0,0,0,0,0,0,0
S00000050947,2912521,"2026-01-02 08:35:51",13365,12934,431,0,12934,0,0,0,0
S00000050947,2912522,"2026-01-02 08:35:51",0,0,0,0,0,0,0,0,0
S00000052235,2910677,"2026-01-01 03:52:19",19800,19800,0,0,19800,0,0,0,0
S00000052292,2913660,"2026-01-03 03:37:00",11880,11114,766,0,11114,0,0,0,0
S00000052349,2914935,"2026-01-05 03:17:06",11880,10348,1532,0,10348,0,0,0,0
S00000052853,2912244,"2026-01-02 08:21:42",11880,11497,383,0,11497,0,0,0,0
S00000052902,2913259,"2026-01-03 03:21:48",11880,11114,766,0,11114,0,0,0,0
S00000053127,2916390,"2026-01-06 03:21:45",14107,11832,2275,0,11832,0,0,0,0
S00000053127,2916391,"2026-01-06 03:21:45",0,0,0,0,0,0,0,0,0
S00000053127,2916392,"2026-01-06 03:21:49",19800,16607,3193,0,16607,0,0,0,0
S00000053685,2913596,"2026-01-03 03:34:39",11880,11114,766,0,11114,0,0,0,0
S00000053817,2915072,"2026-01-05 03:25:06",11880,10348,1532,0,10348,0,0,0,0
S00000054250,2915128,"2026-01-05 03:27:41",13365,11641,1724,0,11641,0,0,0,0
S00000054250,2915129,"2026-01-05 03:27:41",0,0,0,0,0,0,0,0,0
S00000054550,2916928,"2026-01-06 03:42:43",14107,11832,2275,0,11832,0,0,0,0
S00000054550,2916929,"2026-01-06 03:42:43",0,0,0,0,0,0,0,0,0
S00000054580,2912576,"2026-01-02 08:37:48",13365,12934,431,0,12934,0,0,0,0
S00000054580,2912577,"2026-01-02 08:37:49",0,0,0,0,0,0,0,0,0
S00000054847,2911859,"2026-01-01 04:33:14",12622,12622,0,0,12622,0,0,0,0
S00000054847,2911860,"2026-01-01 04:33:14",0,0,0,0,0,0,0,0,0
S00000054864,2910416,"2026-01-01 03:37:25",11880,11880,0,0,11880,0,0,0,0
S00000054868,2910417,"2026-01-01 03:37:28",11880,11880,0,0,11880,0,0,0,0
S00000054930,2910151,"2026-01-01 03:25:14",13365,13365,0,0,13365,0,0,0,0
S00000054930,2910152,"2026-01-01 03:25:14",0,0,0,0,0,0,0,0,0
S00000054956,2912227,"2026-01-02 08:20:53",990,959,31,0,959,0,0,0,0
S00000055240,2916337,"2026-01-06 03:19:47",11880,9964,1916,0,9964,0,0,0,0
S00000055424,2914970,"2026-01-05 03:18:53",11880,10348,1532,0,10348,0,0,0,0
S00000055439,2914939,"2026-01-05 03:17:18",11880,10348,1532,0,10348,0,0,0,0
S00000055560,2915205,"2026-01-05 03:30:21",13365,11641,1724,0,11641,0,0,0,0
S00000055560,2915206,"2026-01-05 03:30:22",0,0,0,0,0,0,0,0,0
S00000055635,2914943,"2026-01-05 03:17:29",11880,10348,1532,0,10348,0,0,0,0
S00000055900,2912633,"2026-01-02 08:39:44",14107,13652,455,0,13652,0,0,0,0
S00000055900,2912634,"2026-01-02 08:39:44",0,0,0,0,0,0,0,0,0
S00000055943,2913805,"2026-01-03 03:42:05",14107,13197,910,0,13197,0,0,0,0
S00000055943,2913806,"2026-01-03 03:42:05",0,0,0,0,0,0,0,0,0
S00000056065,2915069,"2026-01-05 03:24:55",11880,10348,1532,0,10348,0,0,0,0
S00000056129,2916648,"2026-01-06 03:31:45",11880,9964,1916,0,9964,0,0,0,0
S00000056240,2916424,"2026-01-06 03:23:04",11880,9964,1916,0,9964,0,0,0,0
S00000056548,2909975,"2026-01-01 03:19:36",13365,13365,0,0,13365,0,0,0,0
S00000056548,2909976,"2026-01-01 03:19:36",0,0,0,0,0,0,0,0,0
S00000056555,2910071,"2026-01-01 03:22:40",14850,14850,0,0,14850,0,0,0,0
S00000056555,2910072,"2026-01-01 03:22:40",0,0,0,0,0,0,0,0,0
S00000056580,2911007,"2026-01-01 04:04:10",13365,13365,0,0,13365,0,0,0,0
S00000056580,2911008,"2026-01-01 04:04:10",0,0,0,0,0,0,0,0,0
S00000056820,2913798,"2026-01-03 03:41:49",14850,13892,958,0,13892,0,0,0,0
S00000056820,2913799,"2026-01-03 03:41:49",0,0,0,0,0,0,0,0,0
S00000056982,2915016,"2026-01-05 03:21:43",11880,10348,1532,0,10348,0,0,0,0
S00000056982,2915017,"2026-01-05 03:21:45",990,863,127,0,863,0,0,0,0
S00000057289,2915407,"2026-01-05 03:37:22",14107,12287,1820,0,12287,0,0,0,0
S00000057289,2915408,"2026-01-05 03:37:22",0,0,0,0,0,0,0,0,0
S00000057566,2914342,"2026-01-04 03:31:05",13365,12072,1293,0,12072,0,0,0,0
S00000057566,2914343,"2026-01-04 03:31:05",0,0,0,0,0,0,0,0,0
S00000058076,2914074,"2026-01-04 03:18:01",17820,16096,1724,0,16096,0,0,0,0
S00000058089,2914043,"2026-01-04 03:16:26",11880,10731,1149,0,10731,0,0,0,0
S00000058097,2913076,"2026-01-02 13:58:24",0,0,0,0,0,0,0,0,0
S00000058097,2913077,"2026-01-02 13:58:24",20377,19720,657,0,19720,0,0,0,0
S00000058134,2913273,"2026-01-03 03:22:37",11880,11114,766,0,11114,0,0,0,0
S00000058279,2916298,"2026-01-06 03:17:24",11880,9964,1916,0,9964,0,0,0,0
S00000058326,2911421,"2026-01-01 04:18:17",12622,12622,0,0,12622,0,0,0,0
S00000058326,2911422,"2026-01-01 04:18:17",0,0,0,0,0,0,0,0,0
S00000058667,2913201,"2026-01-03 03:18:10",11880,11114,766,0,11114,0,0,0,0
S00000058667,2913202,"2026-01-03 03:18:13",990,927,63,0,927,0,0,0,0
S00000058734,2914315,"2026-01-04 03:30:14",13365,12072,1293,0,12072,0,0,0,0
S00000058734,2914316,"2026-01-04 03:30:14",0,0,0,0,0,0,0,0,0
S00000058997,2910961,"2026-01-01 04:02:35",12622,12622,0,0,12622,0,0,0,0
S00000058997,2910962,"2026-01-01 04:02:35",0,0,0,0,0,0,0,0,0
S00000059238,2913886,"2026-01-03 03:44:42",21450,20067,1383,0,20067,0,0,0,0
S00000059238,2913887,"2026-01-03 03:44:43",0,0,0,0,0,0,0,0,0
S00000059297,2913740,"2026-01-03 03:39:46",11880,11114,766,0,11114,0,0,0,0
S00000059606,2914048,"2026-01-04 03:16:41",11880,10731,1149,0,10731,0,0,0,0
S00000059606,2914049,"2026-01-04 03:16:44",990,895,95,0,895,0,0,0,0
S00000059980,2910429,"2026-01-01 03:37:59",11880,11880,0,0,11880,0,0,0,0
S00000060139,2912987,"2026-01-02 08:51:19",14850,14371,479,0,14371,0,0,0,0
S00000060139,2912988,"2026-01-02 08:51:19",0,0,0,0,0,0,0,0,0
S00000060255,2912298,"2026-01-02 08:24:48",11880,11497,383,0,11497,0,0,0,0
S00000060284,2914224,"2026-01-04 03:27:03",11880,10731,1149,0,10731,0,0,0,0
S00000060377,2911095,"2026-01-01 04:07:18",18232,18232,0,0,18232,0,0,0,0
S00000060377,2911096,"2026-01-01 04:07:19",0,0,0,0,0,0,0,0,0
S00000060380,2910492,"2026-01-01 03:41:13",11880,11880,0,0,11880,0,0,0,0
S00000060571,2914513,"2026-01-04 03:36:48",14850,13413,1437,0,13413,0,0,0,0
S00000060571,2914514,"2026-01-04 03:36:49",0,0,0,0,0,0,0,0,0
S00000060593,2916622,"2026-01-06 03:30:33",11880,9964,1916,0,9964,0,0,0,0
S00000060876,2914044,"2026-01-04 03:16:28",11880,10731,1149,0,10731,0,0,0,0
S00000060893,2916649,"2026-01-06 03:31:48",13365,11210,2155,0,11210,0,0,0,0
S00000060893,2916650,"2026-01-06 03:31:48",0,0,0,0,0,0,0,0,0
S00000061305,2913597,"2026-01-03 03:34:42",11880,11114,766,0,11114,0,0,0,0
S00000061474,2913251,"2026-01-03 03:21:15",17820,16671,1149,0,16671,0,0,0,0
S00000061824,2910763,"2026-01-01 03:56:09",12622,12622,0,0,12622,0,0,0,0
S00000061824,2910764,"2026-01-01 03:56:09",0,0,0,0,0,0,0,0,0
S00000062132,2910382,"2026-01-01 03:35:48",11880,11880,0,0,11880,0,0,0,0
S00000062142,2910593,"2026-01-01 03:47:19",11880,11880,0,0,11880,0,0,0,0
S00000062152,2910875,"2026-01-01 03:59:45",11880,11880,0,0,11880,0,0,0,0
S00000062183,2910431,"2026-01-01 03:38:04",11880,11880,0,0,11880,0,0,0,0
S00000063240,2914978,"2026-01-05 03:19:26",990,863,127,0,863,0,0,0,0
S00000063266,2910564,"2026-01-01 03:45:35",11880,11880,0,0,11880,0,0,0,0
S00000063389,2913520,"2026-01-03 03:32:09",13365,12503,862,0,12503,0,0,0,0
S00000063389,2913521,"2026-01-03 03:32:09",0,0,0,0,0,0,0,0,0
S00000063430,2915246,"2026-01-05 03:31:47",12622,10994,1628,0,10994,0,0,0,0
S00000063430,2915247,"2026-01-05 03:31:47",0,0,0,0,0,0,0,0,0
S00000063477,2915254,"2026-01-05 03:32:07",14107,12287,1820,0,12287,0,0,0,0
S00000063477,2915255,"2026-01-05 03:32:07",0,0,0,0,0,0,0,0,0
S00000063763,2912538,"2026-01-02 08:36:26",11880,11497,383,0,11497,0,0,0,0
S00000063835,2915209,"2026-01-05 03:30:29",13365,11641,1724,0,11641,0,0,0,0
S00000063835,2915210,"2026-01-05 03:30:29",0,0,0,0,0,0,0,0,0
S00000063848,2915231,"2026-01-05 03:31:15",13365,11641,1724,0,11641,0,0,0,0
S00000063848,2915232,"2026-01-05 03:31:15",0,0,0,0,0,0,0,0,0
S00000063956,2915985,"2026-01-05 13:39:11",0,0,0,0,0,0,0,0,0
S00000063956,2915986,"2026-01-05 13:39:11",7425,6467,958,0,6467,0,0,0,0
S00000064112,2911469,"2026-01-01 04:19:55",14107,14107,0,0,14107,0,0,0,0
S00000064112,2911470,"2026-01-01 04:19:56",0,0,0,0,0,0,0,0,0
S00000064176,2916938,"2026-01-06 03:43:03",14107,11832,2275,0,11832,0,0,0,0
S00000064176,2916939,"2026-01-06 03:43:04",0,0,0,0,0,0,0,0,0
S00000064363,2912805,"2026-01-02 08:45:03",13365,12934,431,0,12934,0,0,0,0
S00000064363,2912806,"2026-01-02 08:45:03",0,0,0,0,0,0,0,0,0
S00000064402,2910463,"2026-01-01 03:39:33",11880,11880,0,0,11880,0,0,0,0
S00000064431,2913615,"2026-01-03 03:35:32",13365,12503,862,0,12503,0,0,0,0
S00000064431,2913616,"2026-01-03 03:35:33",0,0,0,0,0,0,0,0,0
S00000064492,2912541,"2026-01-02 08:36:36",13365,12934,431,0,12934,0,0,0,0
S00000064492,2912542,"2026-01-02 08:36:36",0,0,0,0,0,0,0,0,0
S00000064534,2915150,"2026-01-05 03:28:26",12622,10994,1628,0,10994,0,0,0,0
S00000064534,2915151,"2026-01-05 03:28:26",0,0,0,0,0,0,0,0,0
S00000064580,2911902,"2026-01-01 04:34:52",12622,12622,0,0,12622,0,0,0,0
S00000064580,2911903,"2026-01-01 04:34:52",0,0,0,0,0,0,0,0,0
S00000064684,2910415,"2026-01-01 03:37:23",11880,11880,0,0,11880,0,0,0,0
S00000064854,2910418,"2026-01-01 03:37:30",990,990,0,0,990,0,0,0,0
S00000065186,2911984,"2026-01-01 04:37:44",13365,13365,0,0,13365,0,0,0,0
S00000065186,2911985,"2026-01-01 04:37:44",0,0,0,0,0,0,0,0,0
S00000065273,2916651,"2026-01-06 03:31:51",11880,9964,1916,0,9964,0,0,0,0
S00000065307,2910414,"2026-01-01 03:37:19",11880,11880,0,0,11880,0,0,0,0
S00000065309,2912237,"2026-01-02 08:21:23",11880,11497,383,0,11497,0,0,0,0
S00000065534,2913598,"2026-01-03 03:34:45",11880,11114,766,0,11114,0,0,0,0
S00000065589,2914095,"2026-01-04 03:19:22",11880,10731,1149,0,10731,0,0,0,0
S00000065802,2914940,"2026-01-05 03:17:21",11880,10348,1532,0,10348,0,0,0,0
S00000065882,2910662,"2026-01-01 03:51:21",11880,11880,0,0,11880,0,0,0,0
S00000065971,2914151,"2026-01-04 03:22:45",11880,10731,1149,0,10731,0,0,0,0
S00000066106,2912267,"2026-01-02 08:22:57",11880,11497,383,0,11497,0,0,0,0
S00000066428,2910923,"2026-01-01 04:01:19",12622,12622,0,0,12622,0,0,0,0
S00000066428,2910924,"2026-01-01 04:01:19",0,0,0,0,0,0,0,0,0
S00000066768,2914968,"2026-01-05 03:18:46",11880,10348,1532,0,10348,0,0,0,0
S00000067036,2911671,"2026-01-01 04:26:54",14107,14107,0,0,14107,0,0,0,0
S00000067036,2911672,"2026-01-01 04:26:54",0,0,0,0,0,0,0,0,0
S00000067142,2912221,"2026-01-02 08:20:36",11880,11497,383,0,11497,0,0,0,0
S00000067157,2910558,"2026-01-01 03:45:09",11880,11880,0,0,11880,0,0,0,0
S00000067472,2912233,"2026-01-02 08:21:13",11880,11497,383,0,11497,0,0,0,0
S00000067571,2910605,"2026-01-01 03:48:01",11880,11880,0,0,11880,0,0,0,0
S00000067915,2913977,"2026-01-03 18:21:18",0,0,0,0,0,0,0,0,0
S00000067915,2913978,"2026-01-03 18:21:18",14107,1881,12226,0,1881,0,0,0,0
S00000068105,2912584,"2026-01-02 08:38:02",13365,12934,431,0,12934,0,0,0,0
S00000068105,2912585,"2026-01-02 08:38:03",0,0,0,0,0,0,0,0,0
S00000068621,2909873,"2026-01-01 00:10:03",0,0,0,0,0,0,0,0,0
S00000068621,2909874,"2026-01-01 00:10:03",14107,14107,0,0,14107,0,0,0,0
S00000068939,2914065,"2026-01-04 03:17:32",11880,10731,1149,0,10731,0,0,0,0
S00000068987,2910430,"2026-01-01 03:38:02",11880,11880,0,0,11880,0,0,0,0
S00000069099,2915506,"2026-01-05 03:40:44",13365,11641,1724,0,11641,0,0,0,0
S00000069099,2915507,"2026-01-05 03:40:45",0,0,0,0,0,0,0,0,0
S00000069751,2914995,"2026-01-05 03:20:25",11880,10348,1532,0,10348,0,0,0,0
S00000069785,2916300,"2026-01-06 03:17:31",11880,9964,1916,0,9964,0,0,0,0
S00000070539,2910468,"2026-01-01 03:39:48",11880,11880,0,0,11880,0,0,0,0
S00000070706,2910277,"2026-01-01 03:29:28",11880,11880,0,0,11880,0,0,0,0
S00000070813,2910885,"2026-01-01 04:00:07",13365,13365,0,0,13365,0,0,0,0
S00000070813,2910886,"2026-01-01 04:00:07",0,0,0,0,0,0,0,0,0
S00000071096,2909550,"2026-01-01 03:17:17",12622,12622,0,0,12622,0,0,0,0
S00000071096,2909912,"2026-01-01 03:17:17",0,0,0,0,0,0,0,0,0
S00000071143,2911500,"2026-01-01 04:21:01",14107,14107,0,0,14107,0,0,0,0
S00000071143,2911501,"2026-01-01 04:21:01",0,0,0,0,0,0,0,0,0
S00000071342,2911231,"2026-01-01 04:12:03",13365,13365,0,0,13365,0,0,0,0
S00000071342,2911232,"2026-01-01 04:12:03",0,0,0,0,0,0,0,0,0
S00000071716,2913599,"2026-01-03 03:34:47",11880,11114,766,0,11114,0,0,0,0
S00000071739,2915058,"2026-01-05 03:24:18",11880,10348,1532,0,10348,0,0,0,0
S00000072074,2914157,"2026-01-04 03:23:07",11880,10731,1149,0,10731,0,0,0,0
S00000072116,2911532,"2026-01-01 04:22:06",14107,14107,0,0,14107,0,0,0,0
S00000072116,2911533,"2026-01-01 04:22:06",0,0,0,0,0,0,0,0,0
S00000072467,2910433,"2026-01-01 03:38:09",11880,11880,0,0,11880,0,0,0,0
S00000072500,2911970,"2026-01-01 04:37:14",20377,20377,0,0,20377,0,0,0,0
S00000072500,2911971,"2026-01-01 04:37:14",0,0,0,0,0,0,0,0,0
S00000072570,2913198,"2026-01-03 03:18:00",11880,11114,766,0,11114,0,0,0,0
S00000073021,2910568,"2026-01-01 03:45:48",11880,11880,0,0,11880,0,0,0,0
S00000073085,2911567,"2026-01-01 04:23:17",14107,14107,0,0,14107,0,0,0,0
S00000073085,2911568,"2026-01-01 04:23:17",0,0,0,0,0,0,0,0,0
S00000073103,2910456,"2026-01-01 03:39:13",990,990,0,0,990,0,0,0,0
S00000073103,2910475,"2026-01-01 03:40:11",11880,11880,0,0,11880,0,0,0,0
S00000073206,2912607,"2026-01-02 08:38:50",14107,13652,455,0,13652,0,0,0,0
S00000073206,2912608,"2026-01-02 08:38:50",0,0,0,0,0,0,0,0,0
S00000073314,2910501,"2026-01-01 03:41:43",11880,11880,0,0,11880,0,0,0,0
S00000073477,2912353,"2026-01-02 08:28:04",11880,11497,383,0,11497,0,0,0,0
S00000073573,2916652,"2026-01-06 03:31:54",13365,11210,2155,0,11210,0,0,0,0
S00000073573,2916653,"2026-01-06 03:31:54",0,0,0,0,0,0,0,0,0
S00000073627,2912231,"2026-01-02 08:21:06",11880,11497,383,0,11497,0,0,0,0
S00000073735,2913963,"2026-01-03 13:29:37",0,0,0,0,0,0,0,0,0
S00000073735,2913964,"2026-01-03 13:29:37",14107,13197,910,0,13197,0,0,0,0
S00000073862,2910524,"2026-01-01 03:43:05",11880,11880,0,0,11880,0,0,0,0
S00000073979,2910283,"2026-01-01 03:29:48",17820,17820,0,0,17820,0,0,0,0
S00000074435,2912235,"2026-01-02 08:21:18",11880,11497,383,0,11497,0,0,0,0
S00000074506,2914135,"2026-01-04 03:21:51",11880,10731,1149,0,10731,0,0,0,0
S00000074654,2910410,"2026-01-01 03:37:09",11880,11880,0,0,11880,0,0,0,0
S00000074676,2910411,"2026-01-01 03:37:12",11880,11880,0,0,11880,0,0,0,0
S00000074689,2910412,"2026-01-01 03:37:14",11880,11880,0,0,11880,0,0,0,0
S00000074723,2910413,"2026-01-01 03:37:17",11880,11880,0,0,11880,0,0,0,0
S00000074819,2912264,"2026-01-02 08:22:46",11880,11497,383,0,11497,0,0,0,0
S00000075031,2912435,"2026-01-02 08:32:45",11880,11497,383,0,11497,0,0,0,0
S00000075045,2912254,"2026-01-02 08:22:14",11880,11497,383,0,11497,0,0,0,0
S00000075546,2914364,"2026-01-04 03:31:48",13365,12072,1293,0,12072,0,0,0,0
S00000075546,2914365,"2026-01-04 03:31:48",0,0,0,0,0,0,0,0,0
S00000075811,2916397,"2026-01-06 03:22:04",11880,9964,1916,0,9964,0,0,0,0
S00000076226,2913270,"2026-01-03 03:22:25",990,927,63,0,927,0,0,0,0
S00000076226,2914220,"2026-01-04 03:26:48",11880,10731,1149,0,10731,0,0,0,0
S00000076263,2913600,"2026-01-03 03:34:51",11880,11114,766,0,11114,0,0,0,0
S00000076380,2916590,"2026-01-06 03:29:20",11880,9964,1916,0,9964,0,0,0,0
S00000076571,2910515,"2026-01-01 03:42:32",11880,11880,0,0,11880,0,0,0,0
S00000076571,2910516,"2026-01-01 03:42:35",990,990,0,0,990,0,0,0,0
S00000076624,2911609,"2026-01-01 04:24:42",12540,12540,0,0,12540,0,0,0,0
S00000076750,2914050,"2026-01-04 03:16:46",17820,16096,1724,0,16096,0,0,0,0
S00000076888,2915437,"2026-01-05 03:38:24",14107,12287,1820,0,12287,0,0,0,0
S00000076888,2915438,"2026-01-05 03:38:24",0,0,0,0,0,0,0,0,0
S00000077069,2915142,"2026-01-05 03:28:08",11880,10348,1532,0,10348,0,0,0,0
S00000077645,2915063,"2026-01-05 03:24:36",17820,15521,2299,0,15521,0,0,0,0
S00000078098,2915219,"2026-01-05 03:30:50",12622,10994,1628,0,10994,0,0,0,0
S00000078098,2915220,"2026-01-05 03:30:50",0,0,0,0,0,0,0,0,0
S00000078252,2912224,"2026-01-02 08:20:45",11880,11497,383,0,11497,0,0,0,0
S00000078276,2912225,"2026-01-02 08:20:47",11880,11497,383,0,11497,0,0,0,0
S00000078276,2912226,"2026-01-02 08:20:50",990,959,31,0,959,0,0,0,0
S00000078672,2914766,"2026-01-04 11:34:32",0,0,0,0,0,0,0,0,0
S00000078672,2914767,"2026-01-04 11:34:32",13365,12072,1293,0,12072,0,0,0,0
S00000078675,2912056,"2026-01-01 06:42:28",0,0,0,0,0,0,0,0,0
S00000078675,2912057,"2026-01-01 06:42:28",13365,13365,0,0,13365,0,0,0,0
S00000078740,2913361,"2026-01-03 03:26:50",12622,11808,814,0,11808,0,0,0,0
S00000078740,2913362,"2026-01-03 03:26:50",0,0,0,0,0,0,0,0,0
S00000078932,2915297,"2026-01-05 03:33:31",20377,17748,2629,0,17748,0,0,0,0
S00000078932,2915298,"2026-01-05 03:33:31",0,0,0,0,0,0,0,0,0
S00000078932,2915299,"2026-01-05 03:33:34",19800,17246,2554,0,17246,0,0,0,0
S00000078970,2913178,"2026-01-03 03:16:41",11880,11114,766,0,11114,0,0,0,0
S00000079533,2914102,"2026-01-04 03:19:52",11880,10731,1149,0,10731,0,0,0,0
S00000079995,2910583,"2026-01-01 03:46:41",17820,17820,0,0,17820,0,0,0,0
S00000080355,2910394,"2026-01-01 03:36:22",11880,11880,0,0,11880,0,0,0,0
S00000080355,2910395,"2026-01-01 03:36:25",990,990,0,0,990,0,0,0,0
S00000080357,2914200,"2026-01-04 03:25:41",11880,10731,1149,0,10731,0,0,0,0
S00000080405,2910478,"2026-01-01 03:40:21",11880,11880,0,0,11880,0,0,0,0
S00000080471,2911630,"2026-01-01 04:25:24",13365,13365,0,0,13365,0,0,0,0
S00000080471,2911631,"2026-01-01 04:25:24",0,0,0,0,0,0,0,0,0
S00000080475,2911782,"2026-01-01 04:30:36",13365,13365,0,0,13365,0,0,0,0
S00000080475,2911783,"2026-01-01 04:30:36",0,0,0,0,0,0,0,0,0
S00000080500,2913837,"2026-01-03 03:43:06",13365,12503,862,0,12503,0,0,0,0
S00000080500,2913838,"2026-01-03 03:43:07",0,0,0,0,0,0,0,0,0
S00000080540,2913754,"2026-01-03 03:40:16",20377,19063,1314,0,19063,0,0,0,0
S00000080540,2913755,"2026-01-03 03:40:16",0,0,0,0,0,0,0,0,0
S00000080580,2910407,"2026-01-01 03:37:02",11880,11880,0,0,11880,0,0,0,0
S00000080580,2910408,"2026-01-01 03:37:04",990,990,0,0,990,0,0,0,0
S00000080581,2910481,"2026-01-01 03:40:32",11880,11880,0,0,11880,0,0,0,0
S00000080786,2912811,"2026-01-02 08:45:17",11880,11497,383,0,11497,0,0,0,0
S00000080941,2913179,"2026-01-03 03:16:44",11880,11114,766,0,11114,0,0,0,0
S00000081147,2913177,"2026-01-03 03:16:36",11880,11114,766,0,11114,0,0,0,0
S00000081961,2913492,"2026-01-03 03:31:08",13365,12503,862,0,12503,0,0,0,0
S00000081961,2913493,"2026-01-03 03:31:08",0,0,0,0,0,0,0,0,0
S00000082056,2912361,"2026-01-02 08:28:38",11880,11497,383,0,11497,0,0,0,0
S00000082175,2910434,"2026-01-01 03:38:12",11880,11880,0,0,11880,0,0,0,0
S00000082239,2914045,"2026-01-04 03:16:32",11880,10731,1149,0,10731,0,0,0,0
S00000082285,2910512,"2026-01-01 03:42:21",11880,11880,0,0,11880,0,0,0,0
S00000082386,2910435,"2026-01-01 03:38:15",11880,11880,0,0,11880,0,0,0,0
S00000082538,2911081,"2026-01-01 04:06:46",14107,14107,0,0,14107,0,0,0,0
S00000082538,2911082,"2026-01-01 04:06:46",0,0,0,0,0,0,0,0,0
S00000082558,2911163,"2026-01-01 04:09:43",13365,13365,0,0,13365,0,0,0,0
S00000082558,2911164,"2026-01-01 04:09:43",0,0,0,0,0,0,0,0,0
S00000082612,2910604,"2026-01-01 03:47:57",11880,11880,0,0,11880,0,0,0,0
S00000082728,2911097,"2026-01-01 04:07:23",14107,14107,0,0,14107,0,0,0,0
S00000082728,2911098,"2026-01-01 04:07:23",0,0,0,0,0,0,0,0,0
S00000082856,2912234,"2026-01-02 08:21:16",11880,11497,383,0,11497,0,0,0,0
S00000083428,2910409,"2026-01-01 03:37:07",11880,11880,0,0,11880,0,0,0,0
S00000083479,2910519,"2026-01-01 03:42:46",11880,11880,0,0,11880,0,0,0,0
S00000083494,2916346,"2026-01-06 03:20:09",12622,10587,2035,0,10587,0,0,0,0
S00000083494,2916347,"2026-01-06 03:20:09",0,0,0,0,0,0,0,0,0
S00000083527,2910437,"2026-01-01 03:38:23",11880,11880,0,0,11880,0,0,0,0
S00000083923,2910597,"2026-01-01 03:47:34",11880,11880,0,0,11880,0,0,0,0
S00000083978,2910131,"2026-01-01 03:24:36",13365,13365,0,0,13365,0,0,0,0
S00000083978,2910132,"2026-01-01 03:24:36",0,0,0,0,0,0,0,0,0
S00000084060,2913238,"2026-01-03 03:20:27",11880,11114,766,0,11114,0,0,0,0
S00000084060,2913239,"2026-01-03 03:20:31",990,927,63,0,927,0,0,0,0
S00000084160,2912413,"2026-01-02 08:31:37",11880,11497,383,0,11497,0,0,0,0
S00000084168,2910438,"2026-01-01 03:38:25",11880,11880,0,0,11880,0,0,0,0
S00000084168,2910439,"2026-01-01 03:38:28",990,990,0,0,990,0,0,0,0
S00000084233,2912795,"2026-01-02 08:44:43",14107,13652,455,0,13652,0,0,0,0
S00000084233,2912796,"2026-01-02 08:44:43",0,0,0,0,0,0,0,0,0
S00000084275,2912588,"2026-01-02 08:38:09",11880,11497,383,0,11497,0,0,0,0
S00000084353,2910592,"2026-01-01 03:47:15",11880,11880,0,0,11880,0,0,0,0
S00000084637,2914057,"2026-01-04 03:17:06",11880,10731,1149,0,10731,0,0,0,0
S00000084837,2913791,"2026-01-03 03:41:34",14850,13892,958,0,13892,0,0,0,0
S00000084837,2913792,"2026-01-03 03:41:35",0,0,0,0,0,0,0,0,0
S00000084941,2913839,"2026-01-03 03:43:11",14107,13197,910,0,13197,0,0,0,0
S00000084941,2913840,"2026-01-03 03:43:11",0,0,0,0,0,0,0,0,0
S00000085423,2910370,"2026-01-01 03:35:08",11880,11880,0,0,11880,0,0,0,0
S00000085712,2916217,"2026-01-05 22:51:29",0,0,0,0,0,0,0,0,0
S00000085712,2916218,"2026-01-05 22:51:30",10725,9342,1383,0,9342,0,0,0,0
S00000086285,2915566,"2026-01-05 08:10:55",0,0,0,0,0,0,0,0,0
S00000086285,2915567,"2026-01-05 08:10:55",7425,495,6930,0,495,0,0,0,0
S00000086459,2913223,"2026-01-03 03:19:24",17820,16671,1149,0,16671,0,0,0,0
S00000086866,2914360,"2026-01-04 03:31:41",13365,12072,1293,0,12072,0,0,0,0
S00000086866,2914361,"2026-01-04 03:31:41",0,0,0,0,0,0,0,0,0
S00000086904,2913601,"2026-01-03 03:34:54",11880,11114,766,0,11114,0,0,0,0
S00000086904,2913602,"2026-01-03 03:34:55",990,927,63,0,927,0,0,0,0
S00000087035,2915461,"2026-01-05 03:39:16",13365,11641,1724,0,11641,0,0,0,0
S00000087035,2915462,"2026-01-05 03:39:16",0,0,0,0,0,0,0,0,0
S00000087238,2914096,"2026-01-04 03:19:27",11880,10731,1149,0,10731,0,0,0,0
S00000087506,2915011,"2026-01-05 03:21:26",11880,10348,1532,0,10348,0,0,0,0
S00000087735,2916348,"2026-01-06 03:20:13",14107,11832,2275,0,11832,0,0,0,0
S00000087735,2916349,"2026-01-06 03:20:13",0,0,0,0,0,0,0,0,0
S00000088003,2915404,"2026-01-05 03:37:14",17820,15521,2299,0,15521,0,0,0,0
S00000088058,2909959,"2026-01-01 03:19:04",14107,14107,0,0,14107,0,0,0,0
S00000088058,2909960,"2026-01-01 03:19:04",0,0,0,0,0,0,0,0,0
S00000088233,2916654,"2026-01-06 03:31:58",13365,11210,2155,0,11210,0,0,0,0
S00000088233,2916655,"2026-01-06 03:31:58",0,0,0,0,0,0,0,0,0
S00000088355,2910405,"2026-01-01 03:36:57",990,990,0,0,990,0,0,0,0
S00000088445,2910440,"2026-01-01 03:38:31",11880,11880,0,0,11880,0,0,0,0
S00000088464,2914311,"2026-01-04 03:30:06",13365,12072,1293,0,12072,0,0,0,0
S00000088464,2914312,"2026-01-04 03:30:07",0,0,0,0,0,0,0,0,0
S00000088584,2913166,"2026-01-03 03:16:04",12622,11808,814,0,11808,0,0,0,0
S00000088584,2913167,"2026-01-03 03:16:04",0,0,0,0,0,0,0,0,0
S00000088656,2909845,"2026-01-01 03:16:05",12622,12622,0,0,12622,0,0,0,0
S00000088656,2909892,"2026-01-01 03:16:05",0,0,0,0,0,0,0,0,0
S00000088665,2910406,"2026-01-01 03:36:59",11880,11880,0,0,11880,0,0,0,0
S00000088730,2913560,"2026-01-03 03:33:27",11880,11114,766,0,11114,0,0,0,0
S00000088769,2913570,"2026-01-03 03:33:45",13365,12503,862,0,12503,0,0,0,0
S00000088769,2913571,"2026-01-03 03:33:45",0,0,0,0,0,0,0,0,0
S00000088834,2912239,"2026-01-02 08:21:30",11880,11497,383,0,11497,0,0,0,0
S00000088866,2912312,"2026-01-02 08:25:45",17820,17246,574,0,17246,0,0,0,0
S00000088908,2912236,"2026-01-02 08:21:21",11880,11497,383,0,11497,0,0,0,0
S00000088919,2910615,"2026-01-01 03:48:36",11880,11880,0,0,11880,0,0,0,0
S00000088928,2914217,"2026-01-04 03:26:39",13365,12072,1293,0,12072,0,0,0,0
S00000088928,2914218,"2026-01-04 03:26:39",0,0,0,0,0,0,0,0,0
S00000089006,2915486,"2026-01-05 03:40:07",14107,12287,1820,0,12287,0,0,0,0
S00000089006,2915487,"2026-01-05 03:40:07",0,0,0,0,0,0,0,0,0
S00000089105,2910628,"2026-01-01 03:49:23",11880,11880,0,0,11880,0,0,0,0
S00000089239,2914046,"2026-01-04 03:16:35",11880,10731,1149,0,10731,0,0,0,0
S00000089500,2916609,"2026-01-06 03:30:04",19305,16192,3113,0,16192,0,0,0,0
S00000089500,2916610,"2026-01-06 03:30:04",0,0,0,0,0,0,0,0,0
S00000089963,2910611,"2026-01-01 03:48:23",11880,11880,0,0,11880,0,0,0,0
S00000090054,2910388,"2026-01-01 03:36:04",11880,11880,0,0,11880,0,0,0,0
S00000090244,2910625,"2026-01-01 03:49:12",11880,11880,0,0,11880,0,0,0,0
S00000090478,2914131,"2026-01-04 03:21:39",11880,10731,1149,0,10731,0,0,0,0
S00000090478,2914132,"2026-01-04 03:21:42",990,895,95,0,895,0,0,0,0
S00000090508,2910380,"2026-01-01 03:35:43",11880,11880,0,0,11880,0,0,0,0
S00000090622,2912203,"2026-01-02 08:19:45",12622,12215,407,0,12215,0,0,0,0
S00000090622,2912204,"2026-01-02 08:19:45",0,0,0,0,0,0,0,0,0
S00000090734,2912245,"2026-01-02 08:21:45",11880,11497,383,0,11497,0,0,0,0
S00000090734,2912246,"2026-01-02 08:21:48",990,959,31,0,959,0,0,0,0
S00000091024,2910403,"2026-01-01 03:36:52",11880,11880,0,0,11880,0,0,0,0
S00000091024,2910404,"2026-01-01 03:36:54",990,990,0,0,990,0,0,0,0
S00000091300,2912639,"2026-01-02 08:39:54",12622,12215,407,0,12215,0,0,0,0
S00000091300,2912640,"2026-01-02 08:39:54",0,0,0,0,0,0,0,0,0
S00000091418,2910441,"2026-01-01 03:38:33",11880,11880,0,0,11880,0,0,0,0
S00000091512,2916301,"2026-01-06 03:17:35",11880,9964,1916,0,9964,0,0,0,0
S00000091512,2916302,"2026-01-06 03:17:40",990,831,159,0,831,0,0,0,0
S00000091639,2916350,"2026-01-06 03:20:17",12622,10587,2035,0,10587,0,0,0,0
S00000091639,2916351,"2026-01-06 03:20:17",0,0,0,0,0,0,0,0,0
S00000091771,2914702,"2026-01-04 03:43:08",14107,12742,1365,0,12742,0,0,0,0
S00000091771,2914703,"2026-01-04 03:43:08",0,0,0,0,0,0,0,0,0
S00000091982,2910719,"2026-01-01 03:54:32",11880,11880,0,0,11880,0,0,0,0
S00000092008,2910397,"2026-01-01 03:36:31",11880,11880,0,0,11880,0,0,0,0
S00000092223,2913228,"2026-01-03 03:19:43",990,927,63,0,927,0,0,0,0
S00000092284,2914592,"2026-01-04 03:39:26",14850,13413,1437,0,13413,0,0,0,0
S00000092284,2914593,"2026-01-04 03:39:27",0,0,0,0,0,0,0,0,0
S00000092378,2914944,"2026-01-05 03:17:32",11880,10348,1532,0,10348,0,0,0,0
S00000092395,2911315,"2026-01-01 04:14:53",13365,13365,0,0,13365,0,0,0,0
S00000092395,2911316,"2026-01-01 04:14:53",0,0,0,0,0,0,0,0,0
S00000092634,2914051,"2026-01-04 03:16:50",11880,10731,1149,0,10731,0,0,0,0
S00000092724,2913182,"2026-01-03 03:16:58",11880,11114,766,0,11114,0,0,0,0
S00000092729,2915467,"2026-01-05 03:39:28",14107,12287,1820,0,12287,0,0,0,0
S00000092729,2915468,"2026-01-05 03:39:28",0,0,0,0,0,0,0,0,0
S00000092780,2914647,"2026-01-04 03:41:17",14107,12742,1365,0,12742,0,0,0,0
S00000092780,2914648,"2026-01-04 03:41:18",0,0,0,0,0,0,0,0,0
S00000093006,2913827,"2026-01-03 03:42:49",14850,13892,958,0,13892,0,0,0,0
S00000093006,2913828,"2026-01-03 03:42:49",0,0,0,0,0,0,0,0,0
S00000093200,2910099,"2026-01-01 03:23:35",13365,13365,0,0,13365,0,0,0,0
S00000093200,2910100,"2026-01-01 03:23:35",0,0,0,0,0,0,0,0,0
S00000093283,2916862,"2026-01-06 03:40:27",13365,11210,2155,0,11210,0,0,0,0
S00000093283,2916863,"2026-01-06 03:40:27",0,0,0,0,0,0,0,0,0
S00000093313,2916422,"2026-01-06 03:23:00",13365,11210,2155,0,11210,0,0,0,0
S00000093313,2916423,"2026-01-06 03:23:00",0,0,0,0,0,0,0,0,0
S00000093585,2915036,"2026-01-05 03:22:53",17820,15521,2299,0,15521,0,0,0,0
S00000093596,2910443,"2026-01-01 03:38:40",11880,11880,0,0,11880,0,0,0,0
S00000093612,2916656,"2026-01-06 03:32:01",11880,9964,1916,0,9964,0,0,0,0
S00000093935,2913480,"2026-01-03 03:30:44",13365,12503,862,0,12503,0,0,0,0
S00000093935,2913481,"2026-01-03 03:30:44",0,0,0,0,0,0,0,0,0
S00000094254,2913311,"2026-01-03 03:24:55",11880,11114,766,0,11114,0,0,0,0
S00000094359,2910473,"2026-01-01 03:40:06",11880,11880,0,0,11880,0,0,0,0
S00000094411,2915188,"2026-01-05 03:29:49",13365,11641,1724,0,11641,0,0,0,0
S00000094411,2915189,"2026-01-05 03:29:49",0,0,0,0,0,0,0,0,0
S00000094515,2916888,"2026-01-06 03:41:21",14850,12455,2395,0,12455,0,0,0,0
S00000094515,2916889,"2026-01-06 03:41:22",0,0,0,0,0,0,0,0,0
S00000094841,2910442,"2026-01-01 03:38:37",11880,11880,0,0,11880,0,0,0,0
S00000094985,2910570,"2026-01-01 03:45:54",11880,11880,0,0,11880,0,0,0,0
S00000095024,2916917,"2026-01-06 03:42:21",13365,11210,2155,0,11210,0,0,0,0
S00000095024,2916918,"2026-01-06 03:42:21",0,0,0,0,0,0,0,0,0
S00000095099,2909413,"2026-01-01 04:04:49",13365,13365,0,0,13365,0,0,0,0
S00000095099,2911024,"2026-01-01 04:04:49",0,0,0,0,0,0,0,0,0
S00000095179,2910589,"2026-01-01 03:47:04",11880,11880,0,0,11880,0,0,0,0
S00000095301,2914942,"2026-01-05 03:17:25",11880,10348,1532,0,10348,0,0,0,0
S00000095307,2912318,"2026-01-02 08:26:06",11880,11497,383,0,11497,0,0,0,0
S00000095307,2912319,"2026-01-02 08:26:08",990,959,31,0,959,0,0,0,0
S00000095331,2911708,"2026-01-01 04:28:10",14850,14850,0,0,14850,0,0,0,0
S00000095331,2911709,"2026-01-01 04:28:10",0,0,0,0,0,0,0,0,0
S00000095355,2913209,"2026-01-03 03:18:38",11880,11114,766,0,11114,0,0,0,0
S00000095399,2914100,"2026-01-04 03:19:41",11880,10731,1149,0,10731,0,0,0,0
S00000095505,2915061,"2026-01-05 03:24:29",11880,10348,1532,0,10348,0,0,0,0
S00000095581,2910452,"2026-01-01 03:39:03",11880,11880,0,0,11880,0,0,0,0
S00000095592,2916626,"2026-01-06 03:30:44",11880,9964,1916,0,9964,0,0,0,0
S00000095744,2914945,"2026-01-05 03:17:35",11880,10348,1532,0,10348,0,0,0,0
S00000095747,2910549,"2026-01-01 03:44:37",11880,11880,0,0,11880,0,0,0,0
S00000095808,2911681,"2026-01-01 04:27:13",14107,14107,0,0,14107,0,0,0,0
S00000095808,2911682,"2026-01-01 04:27:13",0,0,0,0,0,0,0,0,0
S00000095926,2910383,"2026-01-01 03:35:51",11880,11880,0,0,11880,0,0,0,0
S00000096177,2911241,"2026-01-01 04:12:22",13365,13365,0,0,13365,0,0,0,0
S00000096177,2911242,"2026-01-01 04:12:22",0,0,0,0,0,0,0,0,0
S00000096267,2915039,"2026-01-05 03:23:06",11880,10348,1532,0,10348,0,0,0,0
S00000096532,2916326,"2026-01-06 03:19:03",11880,9964,1916,0,9964,0,0,0,0
S00000096578,2910646,"2026-01-01 03:50:28",11880,11880,0,0,11880,0,0,0,0
S00000096659,2910848,"2026-01-01 03:58:59",12622,12622,0,0,12622,0,0,0,0
S00000096659,2910849,"2026-01-01 03:58:59",0,0,0,0,0,0,0,0,0
S00000096739,2912375,"2026-01-02 08:29:25",11880,11497,383,0,11497,0,0,0,0
S00000096746,2912249,"2026-01-02 08:21:57",11880,11497,383,0,11497,0,0,0,0
S00000096783,2910384,"2026-01-01 03:35:54",990,990,0,0,990,0,0,0,0
S00000096794,2910385,"2026-01-01 03:35:56",11880,11880,0,0,11880,0,0,0,0
S00000097089,2910444,"2026-01-01 03:38:43",11880,11880,0,0,11880,0,0,0,0
S00000097201,2914115,"2026-01-04 03:20:39",11880,10731,1149,0,10731,0,0,0,0
S00000097206,2912293,"2026-01-02 08:24:32",11880,11497,383,0,11497,0,0,0,0
S00000097275,2911085,"2026-01-01 04:06:53",12622,12622,0,0,12622,0,0,0,0
S00000097275,2911086,"2026-01-01 04:06:53",0,0,0,0,0,0,0,0,0
S00000097380,2916849,"2026-01-06 03:39:41",14107,11832,2275,0,11832,0,0,0,0
S00000097380,2916850,"2026-01-06 03:39:42",0,0,0,0,0,0,0,0,0
S00000097430,2910559,"2026-01-01 03:45:15",11880,11880,0,0,11880,0,0,0,0
S00000097578,2912404,"2026-01-02 08:31:06",11880,11497,383,0,11497,0,0,0,0
S00000097610,2910396,"2026-01-01 03:36:28",11880,11880,0,0,11880,0,0,0,0
S00000097632,2910399,"2026-01-01 03:36:38",11880,11880,0,0,11880,0,0,0,0
S00000097638,2910400,"2026-01-01 03:36:42",11880,11880,0,0,11880,0,0,0,0
S00000097658,2910398,"2026-01-01 03:36:34",11880,11880,0,0,11880,0,0,0,0
S00000097668,2910488,"2026-01-01 03:40:59",11880,11880,0,0,11880,0,0,0,0
S00000097676,2911371,"2026-01-01 04:16:39",12622,12622,0,0,12622,0,0,0,0
S00000097676,2911372,"2026-01-01 04:16:39",0,0,0,0,0,0,0,0,0
S00000097832,2916303,"2026-01-06 03:17:43",17820,14946,2874,0,14946,0,0,0,0
S00000097951,2911581,"2026-01-01 04:23:42",14107,14107,0,0,14107,0,0,0,0
S00000097951,2911582,"2026-01-01 04:23:42",0,0,0,0,0,0,0,0,0
S00000098034,2916177,"2026-01-05 20:56:37",19800,17246,2554,0,17246,0,0,0,0
S00000098099,2916582,"2026-01-06 03:29:05",14107,11832,2275,0,11832,0,0,0,0
S00000098099,2916583,"2026-01-06 03:29:05",0,0,0,0,0,0,0,0,0
S00000098226,2912652,"2026-01-02 08:40:22",12622,12215,407,0,12215,0,0,0,0
S00000098226,2912653,"2026-01-02 08:40:22",0,0,0,0,0,0,0,0,0
S00000098332,2910445,"2026-01-01 03:38:45",11880,11880,0,0,11880,0,0,0,0
S00000098427,2913454,"2026-01-03 03:29:53",13365,12503,862,0,12503,0,0,0,0
S00000098427,2913455,"2026-01-03 03:29:53",0,0,0,0,0,0,0,0,0
S00000098464,2914700,"2026-01-04 03:43:05",14107,0,14107,0,0,0,0,0,0
S00000098464,2914701,"2026-01-04 03:43:05",0,0,0,0,0,0,0,0,0
S00000098616,2912386,"2026-01-02 08:30:00",11880,11497,383,0,11497,0,0,0,0
S00000098674,2910446,"2026-01-01 03:38:48",11880,11880,0,0,11880,0,0,0,0
S00000098717,2910551,"2026-01-01 03:44:44",11880,11880,0,0,11880,0,0,0,0
S00000098717,2910552,"2026-01-01 03:44:46",990,990,0,0,990,0,0,0,0
S00000098790,2913567,"2026-01-03 03:33:39",11880,11114,766,0,11114,0,0,0,0
S00000098828,2914948,"2026-01-05 03:17:44",11880,10348,1532,0,10348,0,0,0,0
S00000098865,2912240,"2026-01-02 08:21:32",11880,11497,383,0,11497,0,0,0,0
S00000098885,2914430,"2026-01-04 03:34:05",11880,10731,1149,0,10731,0,0,0,0
S00000098909,2914223,"2026-01-04 03:26:59",11880,10731,1149,0,10731,0,0,0,0
S00000098915,2915079,"2026-01-05 03:25:34",11880,10348,1532,0,10348,0,0,0,0
S00000099034,2909415,"2026-01-01 03:17:08",13365,13365,0,0,13365,0,0,0,0
S00000099034,2909909,"2026-01-01 03:17:08",0,0,0,0,0,0,0,0,0
S00000099470,2913185,"2026-01-03 03:17:09",11880,11114,766,0,11114,0,0,0,0
S00000099645,2913187,"2026-01-03 03:17:16",11880,11114,766,0,11114,0,0,0,0
S00000099674,2913215,"2026-01-03 03:18:57",11880,11114,766,0,11114,0,0,0,0
S00000099744,2911603,"2026-01-01 04:24:27",11880,11880,0,0,11880,0,0,0,0
S00000099941,2910528,"2026-01-01 03:43:21",11880,11880,0,0,11880,0,0,0,0
S00000099971,2916624,"2026-01-06 03:30:40",13365,11210,2155,0,11210,0,0,0,0
S00000099971,2916625,"2026-01-06 03:30:41",0,0,0,0,0,0,0,0,0
S00000100270,2913889,"2026-01-03 03:44:51",14107,13197,910,0,13197,0,0,0,0
S00000100270,2913890,"2026-01-03 03:44:51",0,0,0,0,0,0,0,0,0
S00000100643,2914068,"2026-01-04 03:17:41",11880,10731,1149,0,10731,0,0,0,0
S00000101208,2913627,"2026-01-03 03:35:57",13365,12503,862,0,12503,0,0,0,0
S00000101208,2913628,"2026-01-03 03:35:57",0,0,0,0,0,0,0,0,0
S00000101256,2916600,"2026-01-06 03:29:46",13365,11210,2155,0,11210,0,0,0,0
S00000101256,2916601,"2026-01-06 03:29:46",0,0,0,0,0,0,0,0,0
S00000101331,2912192,"2026-01-02 08:19:24",13365,12934,431,0,12934,0,0,0,0
S00000101331,2912193,"2026-01-02 08:19:24",0,0,0,0,0,0,0,0,0
S00000101587,2913300,"2026-01-03 03:24:13",11880,11114,766,0,11114,0,0,0,0
S00000101614,2914088,"2026-01-04 03:18:54",11880,10731,1149,0,10731,0,0,0,0
S00000101625,2910660,"2026-01-01 03:51:14",11880,11880,0,0,11880,0,0,0,0
S00000101774,2913181,"2026-01-03 03:16:53",11880,11114,766,0,11114,0,0,0,0
S00000101804,2910213,"2026-01-01 03:27:15",13365,13365,0,0,13365,0,0,0,0
S00000101804,2910214,"2026-01-01 03:27:15",0,0,0,0,0,0,0,0,0
S00000101894,2914142,"2026-01-04 03:22:12",11880,10731,1149,0,10731,0,0,0,0
S00000101900,2915013,"2026-01-05 03:21:34",11880,10348,1532,0,10348,0,0,0,0
S00000101900,2915014,"2026-01-05 03:21:36",990,863,127,0,863,0,0,0,0
S00000102309,2914979,"2026-01-05 03:19:28",11880,10348,1532,0,10348,0,0,0,0
S00000102509,2913183,"2026-01-03 03:17:01",11880,11114,766,0,11114,0,0,0,0
S00000102518,2912241,"2026-01-02 08:21:35",11880,11497,383,0,11497,0,0,0,0
S00000102726,2910614,"2026-01-01 03:48:33",11880,11880,0,0,11880,0,0,0,0
S00000102729,2910389,"2026-01-01 03:36:07",11880,11880,0,0,11880,0,0,0,0
S00000102729,2910390,"2026-01-01 03:36:09",990,990,0,0,990,0,0,0,0
S00000102734,2914971,"2026-01-05 03:18:57",11880,10348,1532,0,10348,0,0,0,0
S00000102776,2912341,"2026-01-02 08:27:20",11880,11497,383,0,11497,0,0,0,0
S00000102843,2910652,"2026-01-01 03:50:50",11880,11880,0,0,11880,0,0,0,0
S00000102848,2911271,"2026-01-01 04:13:18",12622,12622,0,0,12622,0,0,0,0
S00000102848,2911272,"2026-01-01 04:13:18",0,0,0,0,0,0,0,0,0
S00000102849,2911657,"2026-01-01 04:26:20",11880,11880,0,0,11880,0,0,0,0
S00000102858,2910393,"2026-01-01 03:36:19",11880,11880,0,0,11880,0,0,0,0
S00000103012,2910639,"2026-01-01 03:50:04",11880,11880,0,0,11880,0,0,0,0
S00000103042,2912242,"2026-01-02 08:21:37",11880,11497,383,0,11497,0,0,0,0
S00000103042,2912243,"2026-01-02 08:21:39",990,959,31,0,959,0,0,0,0
S00000103175,2914091,"2026-01-04 03:19:06",11880,10731,1149,0,10731,0,0,0,0
S00000103226,2913603,"2026-01-03 03:34:58",11880,11114,766,0,11114,0,0,0,0
S00000103251,2912416,"2026-01-02 08:31:47",11880,11497,383,0,11497,0,0,0,0
S00000103251,2915062,"2026-01-05 03:24:33",19800,17246,2554,0,17246,0,0,0,0
S00000103269,2914296,"2026-01-04 03:29:37",13365,12072,1293,0,12072,0,0,0,0
S00000103269,2914297,"2026-01-04 03:29:37",0,0,0,0,0,0,0,0,0
S00000103286,2914138,"2026-01-04 03:22:00",13365,12072,1293,0,12072,0,0,0,0
S00000103286,2914139,"2026-01-04 03:22:00",0,0,0,0,0,0,0,0,0
S00000103334,2915088,"2026-01-05 03:26:10",11880,10348,1532,0,10348,0,0,0,0
S00000103518,2914052,"2026-01-04 03:16:53",11880,10731,1149,0,10731,0,0,0,0
S00000103538,2911519,"2026-01-01 04:21:40",13365,13365,0,0,13365,0,0,0,0
S00000103538,2911520,"2026-01-01 04:21:40",0,0,0,0,0,0,0,0,0
S00000103579,2910541,"2026-01-01 03:44:07",11880,11880,0,0,11880,0,0,0,0
S00000103613,2914058,"2026-01-04 03:17:09",990,895,95,0,895,0,0,0,0
S00000103696,2912320,"2026-01-02 08:26:11",11880,11497,383,0,11497,0,0,0,0
S00000104093,2916307,"2026-01-06 03:17:55",11880,9964,1916,0,9964,0,0,0,0
S00000104093,2916308,"2026-01-06 03:17:58",990,831,159,0,831,0,0,0,0
S00000104101,2913207,"2026-01-03 03:18:31",11880,11114,766,0,11114,0,0,0,0
S00000104295,2916313,"2026-01-06 03:18:17",11880,9964,1916,0,9964,0,0,0,0
S00000104305,2914947,"2026-01-05 03:17:42",11880,10348,1532,0,10348,0,0,0,0
S00000104590,2911601,"2026-01-01 04:24:24",12622,12622,0,0,12622,0,0,0,0
S00000104590,2911602,"2026-01-01 04:24:24",0,0,0,0,0,0,0,0,0
S00000104672,2911844,"2026-01-01 04:32:47",14850,14850,0,0,14850,0,0,0,0
S00000104672,2911845,"2026-01-01 04:32:47",0,0,0,0,0,0,0,0,0
S00000104681,2910513,"2026-01-01 03:42:25",17820,17820,0,0,17820,0,0,0,0
S00000104731,2910448,"2026-01-01 03:38:53",11880,11880,0,0,11880,0,0,0,0
S00000104751,2913604,"2026-01-03 03:35:02",11880,11114,766,0,11114,0,0,0,0
S00000104783,2913858,"2026-01-03 03:43:51",13365,12503,862,0,12503,0,0,0,0
S00000104783,2913859,"2026-01-03 03:43:51",0,0,0,0,0,0,0,0,0
S00000104989,2915353,"2026-01-05 03:35:30",14850,12934,1916,0,12934,0,0,0,0
S00000104989,2915354,"2026-01-05 03:35:30",0,0,0,0,0,0,0,0,0
S00000105061,2910640,"2026-01-01 03:50:08",11880,11880,0,0,11880,0,0,0,0
S00000105147,2910871,"2026-01-01 03:59:39",12622,12622,0,0,12622,0,0,0,0
S00000105147,2910872,"2026-01-01 03:59:39",0,0,0,0,0,0,0,0,0
S00000105409,2913254,"2026-01-03 03:21:28",11880,11114,766,0,11114,0,0,0,0
S00000105476,2912096,"2026-01-01 14:58:15",0,0,0,0,0,0,0,0,0
S00000105476,2912097,"2026-01-01 14:58:15",14107,14107,0,0,14107,0,0,0,0
S00000105923,2915272,"2026-01-05 03:32:43",13365,11641,1724,0,11641,0,0,0,0
S00000105923,2915273,"2026-01-05 03:32:43",0,0,0,0,0,0,0,0,0
S00000105959,2910458,"2026-01-01 03:39:18",11880,11880,0,0,11880,0,0,0,0
S00000106130,2910259,"2026-01-01 03:28:48",12622,12622,0,0,12622,0,0,0,0
S00000106130,2910260,"2026-01-01 03:28:49",0,0,0,0,0,0,0,0,0
S00000106324,2910366,"2026-01-01 03:34:53",11880,11880,0,0,11880,0,0,0,0
S00000106326,2910119,"2026-01-01 03:24:12",13365,13365,0,0,13365,0,0,0,0
S00000106326,2910120,"2026-01-01 03:24:12",0,0,0,0,0,0,0,0,0
S00000106435,2912108,"2026-01-01 16:46:16",0,0,0,0,0,0,0,0,0
S00000106435,2912109,"2026-01-01 16:46:17",13365,13365,0,0,13365,0,0,0,0
S00000106610,2914600,"2026-01-04 03:39:41",14107,12742,1365,0,12742,0,0,0,0
S00000106610,2914601,"2026-01-04 03:39:41",0,0,0,0,0,0,0,0,0
S00000106616,2913329,"2026-01-03 03:25:40",11880,11114,766,0,11114,0,0,0,0
S00000106682,2910402,"2026-01-01 03:36:50",11880,11880,0,0,11880,0,0,0,0
S00000106872,2916552,"2026-01-06 03:28:01",13365,11210,2155,0,11210,0,0,0,0
S00000106872,2916553,"2026-01-06 03:28:01",0,0,0,0,0,0,0,0,0
S00000106988,2910467,"2026-01-01 03:39:45",11880,11880,0,0,11880,0,0,0,0
S00000106992,2913494,"2026-01-03 03:31:12",13365,12503,862,0,12503,0,0,0,0
S00000106992,2913495,"2026-01-03 03:31:12",0,0,0,0,0,0,0,0,0
S00000107188,2912247,"2026-01-02 08:21:52",11880,11497,383,0,11497,0,0,0,0
S00000107231,2916294,"2026-01-06 03:17:09",11880,9964,1916,0,9964,0,0,0,0
S00000107245,2916338,"2026-01-06 03:19:50",11880,9964,1916,0,9964,0,0,0,0
S00000107340,2910523,"2026-01-01 03:43:01",11880,11880,0,0,11880,0,0,0,0
S00000107381,2913140,"2026-01-03 03:15:13",14850,13892,958,0,13892,0,0,0,0
S00000107381,2913141,"2026-01-03 03:15:13",0,0,0,0,0,0,0,0,0
S00000107553,2915369,"2026-01-05 03:35:59",11880,10348,1532,0,10348,0,0,0,0
S00000107601,2915071,"2026-01-05 03:25:02",17820,15521,2299,0,15521,0,0,0,0
S00000107631,2914053,"2026-01-04 03:16:56",11880,10731,1149,0,10731,0,0,0,0
S00000107726,2914081,"2026-01-04 03:18:28",11880,10731,1149,0,10731,0,0,0,0
S00000107726,2914082,"2026-01-04 03:18:32",990,895,95,0,895,0,0,0,0
S00000108012,2914957,"2026-01-05 03:18:11",11880,10348,1532,0,10348,0,0,0,0
S00000108068,2915415,"2026-01-05 03:37:37",14850,12934,1916,0,12934,0,0,0,0
S00000108068,2915416,"2026-01-05 03:37:37",0,0,0,0,0,0,0,0,0
S00000108400,2913648,"2026-01-03 03:36:37",13365,12503,862,0,12503,0,0,0,0
S00000108400,2913649,"2026-01-03 03:36:37",0,0,0,0,0,0,0,0,0
S00000108648,2916657,"2026-01-06 03:32:05",17820,14946,2874,0,14946,0,0,0,0
S00000108702,2911073,"2026-01-01 04:06:29",13365,13365,0,0,13365,0,0,0,0
S00000108702,2911074,"2026-01-01 04:06:29",0,0,0,0,0,0,0,0,0
S00000108880,2912421,"2026-01-02 08:32:03",17820,17246,574,0,17246,0,0,0,0
S00000109267,2914401,"2026-01-04 03:33:08",13365,12072,1293,0,12072,0,0,0,0
S00000109267,2914402,"2026-01-04 03:33:08",0,0,0,0,0,0,0,0,0
S00000109801,2911283,"2026-01-01 04:13:43",13365,13365,0,0,13365,0,0,0,0
S00000109801,2911284,"2026-01-01 04:13:43",0,0,0,0,0,0,0,0,0
S00000110081,2914111,"2026-01-04 03:20:25",11880,10731,1149,0,10731,0,0,0,0
S00000110081,2914112,"2026-01-04 03:20:28",990,895,95,0,895,0,0,0,0
S00000110195,2913811,"2026-01-03 03:42:17",14850,13892,958,0,13892,0,0,0,0
S00000110195,2913812,"2026-01-03 03:42:17",0,0,0,0,0,0,0,0,0
S00000110459,2898158,"2026-01-01 04:37:26",14107,14107,0,0,14107,0,0,0,0
S00000110459,2911976,"2026-01-01 04:37:26",0,0,0,0,0,0,0,0,0
S00000110642,2912402,"2026-01-02 08:31:00",11880,11497,383,0,11497,0,0,0,0
S00000110698,2911472,"2026-01-01 04:20:03",14107,14107,0,0,14107,0,0,0,0
S00000110698,2911473,"2026-01-01 04:20:03",0,0,0,0,0,0,0,0,0
S00000110739,2914171,"2026-01-04 03:23:57",11880,10731,1149,0,10731,0,0,0,0
S00000110796,2910449,"2026-01-01 03:38:56",13365,13365,0,0,13365,0,0,0,0
S00000110796,2910450,"2026-01-01 03:38:56",0,0,0,0,0,0,0,0,0
S00000110914,2912258,"2026-01-02 08:22:27",17820,17246,574,0,17246,0,0,0,0
S00000110929,2913297,"2026-01-03 03:24:03",11880,11114,766,0,11114,0,0,0,0
S00000110958,2916335,"2026-01-06 03:19:36",11880,9964,1916,0,9964,0,0,0,0
S00000111011,2910451,"2026-01-01 03:39:00",11880,11880,0,0,11880,0,0,0,0
S00000111024,2912280,"2026-01-02 08:23:48",11880,11497,383,0,11497,0,0,0,0
S00000111056,2912248,"2026-01-02 08:21:55",11880,11497,383,0,11497,0,0,0,0
S00000111122,2913605,"2026-01-03 03:35:05",11880,11114,766,0,11114,0,0,0,0
S00000111122,2913606,"2026-01-03 03:35:08",990,927,63,0,927,0,0,0,0
S00000111125,2910586,"2026-01-01 03:46:52",11880,11880,0,0,11880,0,0,0,0
S00000111149,2912209,"2026-01-02 08:20:01",11880,11497,383,0,11497,0,0,0,0
S00000111171,2913607,"2026-01-03 03:35:11",11880,11114,766,0,11114,0,0,0,0
S00000111171,2913608,"2026-01-03 03:35:14",990,927,63,0,927,0,0,0,0
S00000111174,2913184,"2026-01-03 03:17:05",11880,11114,766,0,11114,0,0,0,0
S00000111403,2914951,"2026-01-05 03:17:54",11880,10348,1532,0,10348,0,0,0,0
S00000111506,2916309,"2026-01-06 03:18:02",11880,9964,1916,0,9964,0,0,0,0
S00000111531,2913242,"2026-01-03 03:20:43",11880,11114,766,0,11114,0,0,0,0
S00000111613,2916871,"2026-01-06 03:40:44",11880,9964,1916,0,9964,0,0,0,0
S00000112036,2916658,"2026-01-06 03:32:07",11880,9964,1916,0,9964,0,0,0,0
S00000112234,2912430,"2026-01-02 08:32:34",11880,11497,383,0,11497,0,0,0,0
S00000112325,2915427,"2026-01-05 03:38:03",14107,12287,1820,0,12287,0,0,0,0
S00000112325,2915428,"2026-01-05 03:38:03",0,0,0,0,0,0,0,0,0
S00000112495,2914379,"2026-01-04 03:32:20",13365,12072,1293,0,12072,0,0,0,0
S00000112495,2914380,"2026-01-04 03:32:20",0,0,0,0,0,0,0,0,0
S00000112879,2911583,"2026-01-01 04:23:45",13365,13365,0,0,13365,0,0,0,0
S00000112879,2911584,"2026-01-01 04:23:45",0,0,0,0,0,0,0,0,0
S00000113064,2914852,"2026-01-04 20:34:02",0,0,0,0,0,0,0,0,0
S00000113064,2914853,"2026-01-04 20:34:02",14107,12742,1365,0,12742,0,0,0,0
S00000113267,2911743,"2026-01-01 04:29:25",13365,13365,0,0,13365,0,0,0,0
S00000113267,2911744,"2026-01-01 04:29:25",0,0,0,0,0,0,0,0,0
S00000113514,2910965,"2026-01-01 04:02:43",13365,13365,0,0,13365,0,0,0,0
S00000113514,2910966,"2026-01-01 04:02:43",0,0,0,0,0,0,0,0,0
S00000113628,2914165,"2026-01-04 03:23:36",11880,10731,1149,0,10731,0,0,0,0
S00000113649,2912223,"2026-01-02 08:20:42",11880,11497,383,0,11497,0,0,0,0
S00000113867,2914109,"2026-01-04 03:20:17",17820,16096,1724,0,16096,0,0,0,0
S00000114089,2912924,"2026-01-02 08:49:09",14850,14371,479,0,14371,0,0,0,0
S00000114089,2912925,"2026-01-02 08:49:10",0,0,0,0,0,0,0,0,0
S00000114162,2913609,"2026-01-03 03:35:16",11880,11114,766,0,11114,0,0,0,0
S00000114302,2910453,"2026-01-01 03:39:06",11880,11880,0,0,11880,0,0,0,0
S00000114593,2910517,"2026-01-01 03:42:39",11880,11880,0,0,11880,0,0,0,0
S00000114695,2916431,"2026-01-06 03:23:22",11880,9964,1916,0,9964,0,0,0,0
S00000114921,2911951,"2026-01-01 04:36:31",14107,14107,0,0,14107,0,0,0,0
S00000114921,2911952,"2026-01-01 04:36:31",0,0,0,0,0,0,0,0,0
S00000115194,2916659,"2026-01-06 03:32:12",13365,11210,2155,0,11210,0,0,0,0
S00000115194,2916660,"2026-01-06 03:32:12",0,0,0,0,0,0,0,0,0
S00000115485,2914055,"2026-01-04 03:17:02",11880,10731,1149,0,10731,0,0,0,0
S00000115485,2914056,"2026-01-04 03:17:03",990,895,95,0,895,0,0,0,0
S00000115662,2911585,"2026-01-01 04:23:49",14107,14107,0,0,14107,0,0,0,0
S00000115662,2911586,"2026-01-01 04:23:49",0,0,0,0,0,0,0,0,0
S00000115919,2910267,"2026-01-01 03:29:06",12622,12622,0,0,12622,0,0,0,0
S00000115919,2910268,"2026-01-01 03:29:06",0,0,0,0,0,0,0,0,0
S00000116544,2914964,"2026-01-05 03:18:34",11880,10348,1532,0,10348,0,0,0,0
S00000116677,2910557,"2026-01-01 03:45:05",11880,11880,0,0,11880,0,0,0,0
S00000116810,2910454,"2026-01-01 03:39:09",11880,11880,0,0,11880,0,0,0,0
S00000116868,2910351,"2026-01-01 03:34:00",11880,11880,0,0,11880,0,0,0,0
S00000116869,2913195,"2026-01-03 03:17:48",11880,11114,766,0,11114,0,0,0,0
S00000116940,2911447,"2026-01-01 04:19:12",14107,14107,0,0,14107,0,0,0,0
S00000116940,2911448,"2026-01-01 04:19:12",0,0,0,0,0,0,0,0,0
S00000117244,2911165,"2026-01-01 04:09:46",12622,12622,0,0,12622,0,0,0,0
S00000117244,2911166,"2026-01-01 04:09:46",0,0,0,0,0,0,0,0,0
S00000117702,2914950,"2026-01-05 03:17:51",11880,10348,1532,0,10348,0,0,0,0
S00000117777,2913250,"2026-01-03 03:21:11",11880,11114,766,0,11114,0,0,0,0
S00000117919,2916599,"2026-01-06 03:29:41",11880,9964,1916,0,9964,0,0,0,0
S00000117954,2916661,"2026-01-06 03:32:15",11880,9964,1916,0,9964,0,0,0,0
S00000117972,2914334,"2026-01-04 03:30:51",13365,12072,1293,0,12072,0,0,0,0
S00000117972,2914335,"2026-01-04 03:30:51",0,0,0,0,0,0,0,0,0
S00000118054,2889240,"2026-01-02 08:36:10",13365,12934,431,0,12934,0,0,0,0
S00000118054,2912531,"2026-01-02 08:36:10",0,0,0,0,0,0,0,0,0
S00000118470,2915281,"2026-01-05 03:33:01",13365,11641,1724,0,11641,0,0,0,0
S00000118470,2915282,"2026-01-05 03:33:01",0,0,0,0,0,0,0,0,0
S00000118880,2914039,"2026-01-04 03:16:12",11880,10731,1149,0,10731,0,0,0,0
S00000119352,2910207,"2026-01-01 03:27:03",13365,13365,0,0,13365,0,0,0,0
S00000119352,2910208,"2026-01-01 03:27:03",0,0,0,0,0,0,0,0,0
S00000119595,2913255,"2026-01-03 03:21:32",11880,11114,766,0,11114,0,0,0,0
S00000119830,2910548,"2026-01-01 03:44:33",11880,11880,0,0,11880,0,0,0,0
S00000120012,2916432,"2026-01-06 03:23:26",14107,11832,2275,0,11832,0,0,0,0
S00000120012,2916433,"2026-01-06 03:23:26",0,0,0,0,0,0,0,0,0
S00000120047,2911276,"2026-01-01 04:13:28",14107,14107,0,0,14107,0,0,0,0
S00000120047,2911277,"2026-01-01 04:13:28",0,0,0,0,0,0,0,0,0
S00000120076,2910455,"2026-01-01 03:39:11",11880,11880,0,0,11880,0,0,0,0
S00000120096,2910521,"2026-01-01 03:42:52",11880,11880,0,0,11880,0,0,0,0
S00000120098,2912252,"2026-01-02 08:22:07",11880,11497,383,0,11497,0,0,0,0
S00000120099,2914094,"2026-01-04 03:19:19",11880,10731,1149,0,10731,0,0,0,0
S00000120179,2910674,"2026-01-01 03:52:08",11880,11880,0,0,11880,0,0,0,0
S00000120217,2912431,"2026-01-02 08:32:37",13365,12934,431,0,12934,0,0,0,0
S00000120217,2912432,"2026-01-02 08:32:37",0,0,0,0,0,0,0,0,0
S00000120236,2913186,"2026-01-03 03:17:12",11880,11114,766,0,11114,0,0,0,0
S00000120309,2914336,"2026-01-04 03:30:55",12622,11401,1221,0,11401,0,0,0,0
S00000120309,2914337,"2026-01-04 03:30:55",0,0,0,0,0,0,0,0,0
S00000120352,2916662,"2026-01-06 03:32:19",11880,9964,1916,0,9964,0,0,0,0
S00000120692,2916665,"2026-01-06 03:32:27",11880,9964,1916,0,9964,0,0,0,0
S00000121318,2910690,"2026-01-01 03:53:05",990,990,0,0,990,0,0,0,0
S00000121394,2913610,"2026-01-03 03:35:19",11880,11114,766,0,11114,0,0,0,0
S00000121431,2913815,"2026-01-03 03:42:25",14850,13892,958,0,13892,0,0,0,0
S00000121431,2913816,"2026-01-03 03:42:25",0,0,0,0,0,0,0,0,0
S00000121709,2910535,"2026-01-01 03:43:46",11880,11880,0,0,11880,0,0,0,0
S00000121859,2910386,"2026-01-01 03:35:59",12622,12622,0,0,12622,0,0,0,0
S00000121859,2910387,"2026-01-01 03:35:59",0,0,0,0,0,0,0,0,0
S00000121961,2915575,"2026-01-05 09:19:32",0,0,0,0,0,0,0,0,0
S00000121961,2915576,"2026-01-05 09:19:32",14850,12934,1916,0,12934,0,0,0,0
S00000121987,2911011,"2026-01-01 04:04:21",13365,13365,0,0,13365,0,0,0,0
S00000121987,2911012,"2026-01-01 04:04:21",0,0,0,0,0,0,0,0,0
S00000122026,2912378,"2026-01-02 08:29:35",11880,11497,383,0,11497,0,0,0,0
S00000122183,2914199,"2026-01-04 03:25:37",11880,10731,1149,0,10731,0,0,0,0
S00000122355,2914598,"2026-01-04 03:39:36",20377,18406,1971,0,18406,0,0,0,0
S00000122355,2914599,"2026-01-04 03:39:37",0,0,0,0,0,0,0,0,0
S00000122439,2910989,"2026-01-01 04:03:30",11880,11880,0,0,11880,0,0,0,0
S00000122478,2912253,"2026-01-02 08:22:10",11880,11497,383,0,11497,0,0,0,0
S00000122499,2916666,"2026-01-06 03:32:31",11880,9964,1916,0,9964,0,0,0,0
S00000122654,2914133,"2026-01-04 03:21:45",17820,16096,1724,0,16096,0,0,0,0
S00000122661,2913416,"2026-01-03 03:28:35",11880,11114,766,0,11114,0,0,0,0
S00000123219,2912350,"2026-01-02 08:27:52",11880,11497,383,0,11497,0,0,0,0
S00000123312,2913090,"2026-01-02 16:31:06",7233,7000,233,0,7000,0,0,0,0
S00000123312,2913091,"2026-01-02 16:31:07",0,0,0,0,0,0,0,0,0
S00000123422,2910349,"2026-01-01 03:33:53",11880,11880,0,0,11880,0,0,0,0
S00000123691,2914090,"2026-01-04 03:19:03",11880,10731,1149,0,10731,0,0,0,0
S00000124022,2914952,"2026-01-05 03:17:57",990,863,127,0,863,0,0,0,0
S00000124070,2914955,"2026-01-05 03:18:06",11880,10348,1532,0,10348,0,0,0,0
S00000124147,2910526,"2026-01-01 03:43:13",11880,11880,0,0,11880,0,0,0,0
S00000124153,2911418,"2026-01-01 04:18:10",19800,19800,0,0,19800,0,0,0,0
S00000124324,2914437,"2026-01-04 03:34:18",13365,12072,1293,0,12072,0,0,0,0
S00000124324,2914438,"2026-01-04 03:34:18",0,0,0,0,0,0,0,0,0
S00000124389,2914638,"2026-01-04 03:41:01",14107,12742,1365,0,12742,0,0,0,0
S00000124389,2914639,"2026-01-04 03:41:01",0,0,0,0,0,0,0,0,0
S00000124389,2914640,"2026-01-04 03:41:04",19800,17884,1916,0,17884,0,0,0,0
S00000124779,2911605,"2026-01-01 04:24:34",14107,14107,0,0,14107,0,0,0,0
S00000124779,2911606,"2026-01-01 04:24:35",0,0,0,0,0,0,0,0,0
S00000124843,2911071,"2026-01-01 04:06:26",12622,12622,0,0,12622,0,0,0,0
S00000124843,2911072,"2026-01-01 04:06:26",0,0,0,0,0,0,0,0,0
S00000124953,2913500,"2026-01-03 03:31:24",19800,18523,1277,0,18523,0,0,0,0
S00000125045,2912327,"2026-01-02 08:26:34",11880,11497,383,0,11497,0,0,0,0
S00000125120,2913148,"2026-01-03 03:15:27",19305,18060,1245,0,18060,0,0,0,0
S00000125120,2913149,"2026-01-03 03:15:28",0,0,0,0,0,0,0,0,0
S00000125169,2914030,"2026-01-04 03:15:49",13365,12072,1293,0,12072,0,0,0,0
S00000125169,2914031,"2026-01-04 03:15:49",0,0,0,0,0,0,0,0,0
S00000125222,2916311,"2026-01-06 03:18:11",11880,9964,1916,0,9964,0,0,0,0
S00000125230,2914234,"2026-01-04 03:27:28",12622,11401,1221,0,11401,0,0,0,0
S00000125230,2914235,"2026-01-04 03:27:28",0,0,0,0,0,0,0,0,0
S00000125299,2914933,"2026-01-05 03:16:58",11880,10348,1532,0,10348,0,0,0,0
S00000125344,2914953,"2026-01-05 03:18:00",11880,10348,1532,0,10348,0,0,0,0
S00000125521,2911411,"2026-01-01 04:17:58",14107,14107,0,0,14107,0,0,0,0
S00000125521,2911412,"2026-01-01 04:17:58",0,0,0,0,0,0,0,0,0
S00000125686,2910357,"2026-01-01 03:34:20",11880,11880,0,0,11880,0,0,0,0
S00000125711,2900064,"2026-01-01 03:16:08",7425,7425,0,0,7425,0,0,0,0
S00000125711,2909893,"2026-01-01 03:16:08",0,0,0,0,0,0,0,0,0
S00000125712,2892701,"2026-01-01 03:16:13",13365,13365,0,0,13365,0,0,0,0
S00000125712,2909894,"2026-01-01 03:16:13",0,0,0,0,0,0,0,0,0
S00000125730,2912999,"2026-01-02 08:51:43",12622,12215,407,0,12215,0,0,0,0
S00000125730,2913000,"2026-01-02 08:51:43",0,0,0,0,0,0,0,0,0
S00000125735,2910226,"2026-01-01 03:27:42",12622,12622,0,0,12622,0,0,0,0
S00000125735,2910227,"2026-01-01 03:27:42",0,0,0,0,0,0,0,0,0
S00000125762,2913714,"2026-01-03 03:38:55",14107,13197,910,0,13197,0,0,0,0
S00000125762,2913715,"2026-01-03 03:38:55",0,0,0,0,0,0,0,0,0
S00000126504,2914187,"2026-01-04 03:24:51",11880,10731,1149,0,10731,0,0,0,0
S00000126555,2916139,"2026-01-05 18:26:06",0,0,0,0,0,0,0,0,0
S00000126555,2916140,"2026-01-05 18:26:06",7425,6467,958,0,6467,0,0,0,0
S00000126643,2910461,"2026-01-01 03:39:28",11880,11880,0,0,11880,0,0,0,0
S00000126656,2914059,"2026-01-04 03:17:12",11880,10731,1149,0,10731,0,0,0,0
S00000126798,2916584,"2026-01-06 03:29:08",12622,10587,2035,0,10587,0,0,0,0
S00000126798,2916585,"2026-01-06 03:29:08",0,0,0,0,0,0,0,0,0
S00000127006,2910815,"2026-01-01 03:57:51",13365,13365,0,0,13365,0,0,0,0
S00000127006,2910816,"2026-01-01 03:57:51",0,0,0,0,0,0,0,0,0
S00000127132,2916595,"2026-01-06 03:29:33",13365,11210,2155,0,11210,0,0,0,0
S00000127132,2916596,"2026-01-06 03:29:33",0,0,0,0,0,0,0,0,0
S00000127276,2916667,"2026-01-06 03:32:35",13365,11210,2155,0,11210,0,0,0,0
S00000127276,2916668,"2026-01-06 03:32:35",0,0,0,0,0,0,0,0,0
S00000127334,2914061,"2026-01-04 03:17:18",11880,10731,1149,0,10731,0,0,0,0
S00000127337,2915023,"2026-01-05 03:22:04",11880,10348,1532,0,10348,0,0,0,0
S00000127352,2914128,"2026-01-04 03:21:27",11880,10731,1149,0,10731,0,0,0,0
S00000127360,2911738,"2026-01-01 04:29:14",11880,11880,0,0,11880,0,0,0,0
S00000127472,2913190,"2026-01-03 03:17:27",11880,11114,766,0,11114,0,0,0,0
S00000127544,2913188,"2026-01-03 03:17:20",11880,11114,766,0,11114,0,0,0,0
S00000127544,2913189,"2026-01-03 03:17:23",990,927,63,0,927,0,0,0,0
S00000127592,2911507,"2026-01-01 04:21:15",11880,11880,0,0,11880,0,0,0,0
S00000127656,2910464,"2026-01-01 03:39:37",11880,11880,0,0,11880,0,0,0,0
S00000127804,2914122,"2026-01-04 03:21:04",11880,10731,1149,0,10731,0,0,0,0
S00000127885,2914060,"2026-01-04 03:17:14",17820,16096,1724,0,16096,0,0,0,0
S00000127913,2916293,"2026-01-06 03:17:05",11880,9964,1916,0,9964,0,0,0,0
S00000127918,2911137,"2026-01-01 04:08:49",12622,12622,0,0,12622,0,0,0,0
S00000127918,2911138,"2026-01-01 04:08:49",0,0,0,0,0,0,0,0,0
S00000128091,2910700,"2026-01-01 03:53:41",11880,11880,0,0,11880,0,0,0,0
S00000128091,2910701,"2026-01-01 03:53:43",990,990,0,0,990,0,0,0,0
S00000128231,2913324,"2026-01-03 03:25:28",11880,11114,766,0,11114,0,0,0,0
S00000128412,2911778,"2026-01-01 04:30:28",14107,14107,0,0,14107,0,0,0,0
S00000128412,2911779,"2026-01-01 04:30:28",0,0,0,0,0,0,0,0,0
S00000128735,2910368,"2026-01-01 03:35:01",11880,11880,0,0,11880,0,0,0,0
S00000128798,2912309,"2026-01-02 08:25:33",11880,11497,383,0,11497,0,0,0,0
S00000128812,2911223,"2026-01-01 04:11:47",13365,13365,0,0,13365,0,0,0,0
S00000128812,2911224,"2026-01-01 04:11:47",0,0,0,0,0,0,0,0,0
S00000129253,2912278,"2026-01-02 08:23:40",11880,11497,383,0,11497,0,0,0,0
S00000129322,2911323,"2026-01-01 04:15:07",14107,14107,0,0,14107,0,0,0,0
S00000129322,2911324,"2026-01-01 04:15:07",0,0,0,0,0,0,0,0,0
S00000129620,2912255,"2026-01-02 08:22:17",11880,11497,383,0,11497,0,0,0,0
S00000129641,2912256,"2026-01-02 08:22:23",990,959,31,0,959,0,0,0,0
S00000129641,2912269,"2026-01-02 08:23:03",11880,11497,383,0,11497,0,0,0,0
S00000129664,2914954,"2026-01-05 03:18:03",11880,10348,1532,0,10348,0,0,0,0
S00000129715,2916669,"2026-01-06 03:32:39",11880,9964,1916,0,9964,0,0,0,0
S00000129715,2916672,"2026-01-06 03:32:46",990,831,159,0,831,0,0,0,0
S00000129788,2916310,"2026-01-06 03:18:06",11880,9964,1916,0,9964,0,0,0,0
S00000129803,2916388,"2026-01-06 03:21:40",13365,11210,2155,0,11210,0,0,0,0
S00000129803,2916389,"2026-01-06 03:21:40",0,0,0,0,0,0,0,0,0
S00000129854,2913194,"2026-01-03 03:17:44",11880,11114,766,0,11114,0,0,0,0
S00000129876,2916673,"2026-01-06 03:32:50",990,831,159,0,831,0,0,0,0
S00000130043,2910374,"2026-01-01 03:35:23",11880,11880,0,0,11880,0,0,0,0
S00000130432,2914347,"2026-01-04 03:31:15",13365,12072,1293,0,12072,0,0,0,0
S00000130432,2914348,"2026-01-04 03:31:15",0,0,0,0,0,0,0,0,0
S00000130450,2910474,"2026-01-01 03:40:08",11880,11880,0,0,11880,0,0,0,0
S00000130463,2914529,"2026-01-04 03:37:17",14107,12742,1365,0,12742,0,0,0,0
S00000130463,2914530,"2026-01-04 03:37:17",0,0,0,0,0,0,0,0,0
S00000130561,2911620,"2026-01-01 04:25:05",12622,12622,0,0,12622,0,0,0,0
S00000130561,2911621,"2026-01-01 04:25:05",0,0,0,0,0,0,0,0,0
S00000130594,2912300,"2026-01-02 08:24:57",11880,11497,383,0,11497,0,0,0,0
S00000130689,2913720,"2026-01-03 03:39:07",14107,13197,910,0,13197,0,0,0,0
S00000130689,2913721,"2026-01-03 03:39:07",0,0,0,0,0,0,0,0,0
S00000130938,2916674,"2026-01-06 03:32:54",12622,10587,2035,0,10587,0,0,0,0
S00000130938,2916675,"2026-01-06 03:32:55",0,0,0,0,0,0,0,0,0
S00000130955,2907597,"2026-01-01 03:16:57",7425,7425,0,0,7425,0,0,0,0
S00000130955,2909906,"2026-01-01 03:16:57",0,0,0,0,0,0,0,0,0
S00000130985,2910723,"2026-01-01 03:54:43",13365,13365,0,0,13365,0,0,0,0
S00000130985,2910724,"2026-01-01 03:54:43",0,0,0,0,0,0,0,0,0
S00000131568,2912257,"2026-01-02 08:22:25",11880,11497,383,0,11497,0,0,0,0
S00000131618,2913218,"2026-01-03 03:19:07",11880,11114,766,0,11114,0,0,0,0
S00000131618,2913219,"2026-01-03 03:19:09",990,927,63,0,927,0,0,0,0
S00000131646,2914932,"2026-01-05 03:16:55",11880,10348,1532,0,10348,0,0,0,0
S00000131658,2916324,"2026-01-06 03:18:58",17820,14946,2874,0,14946,0,0,0,0
S00000131658,2916325,"2026-01-06 03:19:00",990,831,159,0,831,0,0,0,0
S00000131683,2910546,"2026-01-01 03:44:26",11880,11880,0,0,11880,0,0,0,0
S00000131691,2914063,"2026-01-04 03:17:26",11880,10731,1149,0,10731,0,0,0,0
S00000131790,2914956,"2026-01-05 03:18:08",11880,10348,1532,0,10348,0,0,0,0
S00000131854,2915577,"2026-01-05 09:24:13",0,0,0,0,0,0,0,0,0
S00000131854,2915578,"2026-01-05 09:24:13",7425,6467,958,0,6467,0,0,0,0
S00000132022,2912259,"2026-01-02 08:22:30",990,959,31,0,959,0,0,0,0
S00000132022,2914960,"2026-01-05 03:18:21",11880,10348,1532,0,10348,0,0,0,0
S00000132030,2911857,"2026-01-01 04:33:12",13365,13365,0,0,13365,0,0,0,0
S00000132030,2911858,"2026-01-01 04:33:12",0,0,0,0,0,0,0,0,0
S00000132095,2914980,"2026-01-05 03:19:31",11880,10348,1532,0,10348,0,0,0,0
S00000132421,2913576,"2026-01-03 03:33:56",11880,11114,766,0,11114,0,0,0,0
S00000132630,2915003,"2026-01-05 03:20:56",11880,10348,1532,0,10348,0,0,0,0
S00000132630,2915004,"2026-01-05 03:21:00",990,863,127,0,863,0,0,0,0
S00000132786,2914958,"2026-01-05 03:18:15",11880,10348,1532,0,10348,0,0,0,0
S00000133169,2910917,"2026-01-01 04:01:08",13365,13365,0,0,13365,0,0,0,0
S00000133169,2910918,"2026-01-01 04:01:08",0,0,0,0,0,0,0,0,0
S00000133201,2910889,"2026-01-01 04:00:15",12622,12622,0,0,12622,0,0,0,0
S00000133201,2910890,"2026-01-01 04:00:15",0,0,0,0,0,0,0,0,0
S00000133404,2912261,"2026-01-02 08:22:36",11880,11497,383,0,11497,0,0,0,0
S00000133408,2916676,"2026-01-06 03:32:58",13365,11210,2155,0,11210,0,0,0,0
S00000133408,2916677,"2026-01-06 03:32:58",0,0,0,0,0,0,0,0,0
S00000133584,2913248,"2026-01-03 03:21:05",11880,11114,766,0,11114,0,0,0,0
S00000133644,2910480,"2026-01-01 03:40:28",11880,11880,0,0,11880,0,0,0,0
S00000133748,2914368,"2026-01-04 03:31:56",13365,12072,1293,0,12072,0,0,0,0
S00000133748,2914369,"2026-01-04 03:31:56",0,0,0,0,0,0,0,0,0
S00000133816,2916314,"2026-01-06 03:18:21",11880,9964,1916,0,9964,0,0,0,0
S00000134087,2911596,"2026-01-01 04:24:12",14850,14850,0,0,14850,0,0,0,0
S00000134087,2911597,"2026-01-01 04:24:12",0,0,0,0,0,0,0,0,0
S00000134532,2910482,"2026-01-01 03:40:35",11880,11880,0,0,11880,0,0,0,0
S00000134599,2910664,"2026-01-01 03:51:29",11880,11880,0,0,11880,0,0,0,0
S00000134630,2912330,"2026-01-02 08:26:42",13365,12934,431,0,12934,0,0,0,0
S00000134630,2912331,"2026-01-02 08:26:42",0,0,0,0,0,0,0,0,0
S00000134877,2910699,"2026-01-01 03:53:38",11880,11880,0,0,11880,0,0,0,0
S00000134898,2912879,"2026-01-02 08:47:33",14850,14371,479,0,14371,0,0,0,0
S00000134898,2912880,"2026-01-02 08:47:33",0,0,0,0,0,0,0,0,0
S00000135027,2914493,"2026-01-04 03:36:07",14107,12742,1365,0,12742,0,0,0,0
S00000135027,2914494,"2026-01-04 03:36:07",0,0,0,0,0,0,0,0,0
S00000135060,2889468,"2026-01-04 03:43:17",14107,12742,1365,0,12742,0,0,0,0
S00000135060,2914706,"2026-01-04 03:43:17",0,0,0,0,0,0,0,0,0
S00000135116,2910232,"2026-01-01 03:27:54",13365,13365,0,0,13365,0,0,0,0
S00000135116,2910233,"2026-01-01 03:27:54",0,0,0,0,0,0,0,0,0
S00000135136,2914356,"2026-01-04 03:31:33",19305,17437,1868,0,17437,0,0,0,0
S00000135136,2914357,"2026-01-04 03:31:33",0,0,0,0,0,0,0,0,0
S00000135333,2911943,"2026-01-01 04:36:14",14107,14107,0,0,14107,0,0,0,0
S00000135333,2911944,"2026-01-01 04:36:14",0,0,0,0,0,0,0,0,0
S00000135518,2916678,"2026-01-06 03:33:02",11880,9964,1916,0,9964,0,0,0,0
S00000135528,2912287,"2026-01-02 08:24:14",11880,11497,383,0,11497,0,0,0,0
S00000135627,2913258,"2026-01-03 03:21:44",11880,11114,766,0,11114,0,0,0,0
S00000135803,2915041,"2026-01-05 03:23:14",11880,10348,1532,0,10348,0,0,0,0
S00000135825,2913260,"2026-01-03 03:21:51",990,927,63,0,927,0,0,0,0
S00000135825,2913611,"2026-01-03 03:35:21",11880,11114,766,0,11114,0,0,0,0
S00000135882,2916316,"2026-01-06 03:18:28",11880,9964,1916,0,9964,0,0,0,0
S00000135888,2916317,"2026-01-06 03:18:32",11880,9964,1916,0,9964,0,0,0,0
S00000135928,2914959,"2026-01-05 03:18:18",11880,10348,1532,0,10348,0,0,0,0
S00000136144,2911135,"2026-01-01 04:08:45",13365,13365,0,0,13365,0,0,0,0
S00000136144,2911136,"2026-01-01 04:08:45",0,0,0,0,0,0,0,0,0
S00000136207,2915060,"2026-01-05 03:24:25",11880,10348,1532,0,10348,0,0,0,0
S00000136317,2916679,"2026-01-06 03:33:05",14107,11832,2275,0,11832,0,0,0,0
S00000136317,2916680,"2026-01-06 03:33:05",0,0,0,0,0,0,0,0,0
S00000136423,2912801,"2026-01-02 08:44:55",14107,13652,455,0,13652,0,0,0,0
S00000136423,2912802,"2026-01-02 08:44:55",0,0,0,0,0,0,0,0,0
S00000136506,2913439,"2026-01-03 03:29:24",12622,11808,814,0,11808,0,0,0,0
S00000136506,2913440,"2026-01-03 03:29:24",0,0,0,0,0,0,0,0,0
S00000136578,2910590,"2026-01-01 03:47:08",11880,11880,0,0,11880,0,0,0,0
S00000136878,2912596,"2026-01-02 08:38:28",12622,12215,407,0,12215,0,0,0,0
S00000136878,2912597,"2026-01-02 08:38:28",0,0,0,0,0,0,0,0,0
S00000137151,2910466,"2026-01-01 03:39:42",11880,11880,0,0,11880,0,0,0,0
S00000137162,2916465,"2026-01-06 03:24:29",19305,16192,3113,0,16192,0,0,0,0
S00000137162,2916466,"2026-01-06 03:24:29",0,0,0,0,0,0,0,0,0
S00000137340,2910486,"2026-01-01 03:40:51",11880,11880,0,0,11880,0,0,0,0
S00000137364,2916506,"2026-01-06 03:26:08",17820,14946,2874,0,14946,0,0,0,0
S00000137492,2910612,"2026-01-01 03:48:27",11880,11880,0,0,11880,0,0,0,0
S00000137503,2910376,"2026-01-01 03:35:29",11880,11880,0,0,11880,0,0,0,0
S00000137529,2910320,"2026-01-01 03:32:02",11880,11880,0,0,11880,0,0,0,0
S00000137546,2910329,"2026-01-01 03:32:37",11880,11880,0,0,11880,0,0,0,0
S00000137559,2910330,"2026-01-01 03:32:41",11880,11880,0,0,11880,0,0,0,0
S00000137572,2914208,"2026-01-04 03:26:07",11880,10731,1149,0,10731,0,0,0,0
S00000137572,2914961,"2026-01-05 03:18:24",990,863,127,0,863,0,0,0,0
S00000137590,2910315,"2026-01-01 03:31:44",11880,11880,0,0,11880,0,0,0,0
S00000137624,2910332,"2026-01-01 03:32:49",11880,11880,0,0,11880,0,0,0,0
S00000137625,2910377,"2026-01-01 03:35:32",11880,11880,0,0,11880,0,0,0,0
S00000137656,2913663,"2026-01-03 03:37:09",13365,12503,862,0,12503,0,0,0,0
S00000137656,2913664,"2026-01-03 03:37:09",0,0,0,0,0,0,0,0,0
S00000137673,2914594,"2026-01-04 03:39:30",14107,12742,1365,0,12742,0,0,0,0
S00000137673,2914595,"2026-01-04 03:39:30",0,0,0,0,0,0,0,0,0
S00000137701,2910326,"2026-01-01 03:32:25",11880,11880,0,0,11880,0,0,0,0
S00000137706,2910518,"2026-01-01 03:42:43",11880,11880,0,0,11880,0,0,0,0
S00000137756,2910378,"2026-01-01 03:35:36",11880,11880,0,0,11880,0,0,0,0
S00000137811,2910316,"2026-01-01 03:31:48",11880,11880,0,0,11880,0,0,0,0
S00000137828,2916528,"2026-01-06 03:27:01",12622,10587,2035,0,10587,0,0,0,0
S00000137828,2916529,"2026-01-06 03:27:01",0,0,0,0,0,0,0,0,0
S00000137832,2910319,"2026-01-01 03:31:59",11880,11880,0,0,11880,0,0,0,0
S00000137859,2912902,"2026-01-02 08:48:23",14107,13652,455,0,13652,0,0,0,0
S00000137859,2912903,"2026-01-02 08:48:23",0,0,0,0,0,0,0,0,0
S00000137890,2910379,"2026-01-01 03:35:40",11880,11880,0,0,11880,0,0,0,0
S00000137918,2910927,"2026-01-01 04:01:27",12622,12622,0,0,12622,0,0,0,0
S00000137918,2910928,"2026-01-01 04:01:27",0,0,0,0,0,0,0,0,0
S00000138052,2916289,"2026-01-06 03:16:50",11880,9964,1916,0,9964,0,0,0,0
S00000138096,2910619,"2026-01-01 03:48:49",11880,11880,0,0,11880,0,0,0,0
S00000138144,2910493,"2026-01-01 03:41:18",17820,17820,0,0,17820,0,0,0,0
S00000138306,2916681,"2026-01-06 03:33:10",13365,11210,2155,0,11210,0,0,0,0
S00000138306,2916682,"2026-01-06 03:33:10",0,0,0,0,0,0,0,0,0
S00000138394,2912222,"2026-01-02 08:20:39",11880,11497,383,0,11497,0,0,0,0
S00000138570,2910465,"2026-01-01 03:39:39",17820,17820,0,0,17820,0,0,0,0
S00000138609,2912262,"2026-01-02 08:22:40",11880,11497,383,0,11497,0,0,0,0
S00000138725,2914064,"2026-01-04 03:17:29",11880,10731,1149,0,10731,0,0,0,0
S00000138726,2912855,"2026-01-02 08:46:45",12622,12215,407,0,12215,0,0,0,0
S00000138726,2912856,"2026-01-02 08:46:45",0,0,0,0,0,0,0,0,0
S00000138808,2912890,"2026-01-02 08:47:56",13365,12934,431,0,12934,0,0,0,0
S00000138808,2912891,"2026-01-02 08:47:56",0,0,0,0,0,0,0,0,0
S00000139036,2916318,"2026-01-06 03:18:35",11880,9964,1916,0,9964,0,0,0,0
S00000139222,2913278,"2026-01-03 03:22:55",11880,11114,766,0,11114,0,0,0,0
S00000139222,2913279,"2026-01-03 03:22:57",990,927,63,0,927,0,0,0,0
S00000139447,2910500,"2026-01-01 03:41:39",11880,11880,0,0,11880,0,0,0,0
S00000139500,2912211,"2026-01-02 08:20:08",11880,11497,383,0,11497,0,0,0,0
S00000139500,2912212,"2026-01-02 08:20:11",990,959,31,0,959,0,0,0,0
S00000139633,2913138,"2026-01-03 03:15:10",13365,12503,862,0,12503,0,0,0,0
S00000139633,2913139,"2026-01-03 03:15:10",0,0,0,0,0,0,0,0,0
S00000139704,2914573,"2026-01-04 03:38:46",14107,12742,1365,0,12742,0,0,0,0
S00000139704,2914574,"2026-01-04 03:38:46",0,0,0,0,0,0,0,0,0
S00000140265,2911493,"2026-01-01 04:20:45",14107,14107,0,0,14107,0,0,0,0
S00000140265,2911494,"2026-01-01 04:20:45",0,0,0,0,0,0,0,0,0
S00000140423,2914086,"2026-01-04 03:18:47",11880,10731,1149,0,10731,0,0,0,0
S00000140433,2910578,"2026-01-01 03:46:23",11880,11880,0,0,11880,0,0,0,0
S00000140441,2910250,"2026-01-01 03:28:30",13365,13365,0,0,13365,0,0,0,0
S00000140441,2910251,"2026-01-01 03:28:30",0,0,0,0,0,0,0,0,0
S00000140486,2912667,"2026-01-02 08:40:51",14107,13652,455,0,13652,0,0,0,0
S00000140486,2912668,"2026-01-02 08:40:51",0,0,0,0,0,0,0,0,0
S00000140567,2910556,"2026-01-01 03:45:02",11880,11880,0,0,11880,0,0,0,0
S00000140743,2910314,"2026-01-01 03:31:41",11880,11880,0,0,11880,0,0,0,0
S00000140795,2910706,"2026-01-01 03:54:02",12622,12622,0,0,12622,0,0,0,0
S00000140795,2910707,"2026-01-01 03:54:02",0,0,0,0,0,0,0,0,0
S00000140933,2910471,"2026-01-01 03:39:57",11880,11880,0,0,11880,0,0,0,0
S00000141022,2910469,"2026-01-01 03:39:51",11880,11880,0,0,11880,0,0,0,0
S00000141026,2912265,"2026-01-02 08:22:50",11880,11497,383,0,11497,0,0,0,0
S00000141084,2913572,"2026-01-03 03:33:49",13365,12503,862,0,12503,0,0,0,0
S00000141084,2913573,"2026-01-03 03:33:49",0,0,0,0,0,0,0,0,0
S00000141240,2914069,"2026-01-04 03:17:43",11880,10731,1149,0,10731,0,0,0,0
S00000141322,2913191,"2026-01-03 03:17:32",11880,11114,766,0,11114,0,0,0,0
S00000141419,2914962,"2026-01-05 03:18:27",11880,10348,1532,0,10348,0,0,0,0
S00000141942,2915367,"2026-01-05 03:35:56",12622,10994,1628,0,10994,0,0,0,0
S00000141942,2915368,"2026-01-05 03:35:56",0,0,0,0,0,0,0,0,0
S00000142027,2911256,"2026-01-01 04:12:48",13365,13365,0,0,13365,0,0,0,0
S00000142027,2911257,"2026-01-01 04:12:48",0,0,0,0,0,0,0,0,0
S00000142212,2911871,"2026-01-01 04:33:38",14850,14850,0,0,14850,0,0,0,0
S00000142212,2911872,"2026-01-01 04:33:38",0,0,0,0,0,0,0,0,0
S00000142212,2911873,"2026-01-01 04:33:42",39600,39600,0,0,39600,0,0,0,0
S00000142476,2911658,"2026-01-01 04:26:24",14107,14107,0,0,14107,0,0,0,0
S00000142476,2911659,"2026-01-01 04:26:24",0,0,0,0,0,0,0,0,0
S00000142531,2912360,"2026-01-02 08:28:35",11880,11497,383,0,11497,0,0,0,0
S00000142533,2914606,"2026-01-04 03:39:53",11880,10731,1149,0,10731,0,0,0,0
S00000143051,2910876,"2026-01-01 03:59:48",12622,12622,0,0,12622,0,0,0,0
S00000143051,2910877,"2026-01-01 03:59:48",0,0,0,0,0,0,0,0,0
S00000143157,2916685,"2026-01-06 03:33:17",19800,16607,3193,0,16607,0,0,0,0
S00000143246,2914136,"2026-01-04 03:21:55",11880,10731,1149,0,10731,0,0,0,0
S00000143246,2914137,"2026-01-04 03:21:58",990,895,95,0,895,0,0,0,0
S00000143535,2910381,"2026-01-01 03:35:46",11880,11880,0,0,11880,0,0,0,0
S00000143566,2910470,"2026-01-01 03:39:54",11880,11880,0,0,11880,0,0,0,0
S00000143659,2914931,"2026-01-05 03:16:53",11880,10348,1532,0,10348,0,0,0,0
S00000143675,2912019,"2026-01-01 04:38:54",14107,14107,0,0,14107,0,0,0,0
S00000143675,2912020,"2026-01-01 04:38:54",0,0,0,0,0,0,0,0,0
S00000143713,2909977,"2026-01-01 03:19:40",14107,14107,0,0,14107,0,0,0,0
S00000143713,2909978,"2026-01-01 03:19:40",0,0,0,0,0,0,0,0,0
S00000143887,2915043,"2026-01-05 03:23:23",11880,10348,1532,0,10348,0,0,0,0
S00000143929,2910599,"2026-01-01 03:47:41",11880,11880,0,0,11880,0,0,0,0
S00000143936,2915085,"2026-01-05 03:25:59",11880,10348,1532,0,10348,0,0,0,0
S00000144035,2913377,"2026-01-03 03:27:20",11880,11114,766,0,11114,0,0,0,0
S00000144076,2916319,"2026-01-06 03:18:38",11880,9964,1916,0,9964,0,0,0,0
S00000144361,2910375,"2026-01-01 03:35:26",11880,11880,0,0,11880,0,0,0,0
S00000144493,2916686,"2026-01-06 03:33:21",14107,11832,2275,0,11832,0,0,0,0
S00000144493,2916687,"2026-01-06 03:33:22",0,0,0,0,0,0,0,0,0
S00000144584,2914240,"2026-01-04 03:27:40",11880,10731,1149,0,10731,0,0,0,0
S00000144677,2911553,"2026-01-01 04:22:47",14850,14850,0,0,14850,0,0,0,0
S00000144677,2911554,"2026-01-01 04:22:47",0,0,0,0,0,0,0,0,0
S00000145110,2910111,"2026-01-01 03:23:56",14107,14107,0,0,14107,0,0,0,0
S00000145110,2910112,"2026-01-01 03:23:56",0,0,0,0,0,0,0,0,0
S00000145120,2909852,"2026-01-01 03:16:17",13365,13365,0,0,13365,0,0,0,0
S00000145120,2909895,"2026-01-01 03:16:17",0,0,0,0,0,0,0,0,0
S00000145134,2904426,"2026-01-01 03:16:21",14107,14107,0,0,14107,0,0,0,0
S00000145134,2909896,"2026-01-01 03:16:21",0,0,0,0,0,0,0,0,0
S00000145136,2912390,"2026-01-02 08:30:16",11880,11497,383,0,11497,0,0,0,0
S00000145149,2910355,"2026-01-01 03:34:13",11880,11880,0,0,11880,0,0,0,0
S00000145217,2912219,"2026-01-02 08:20:29",0,0,0,0,0,0,0,0,0
S00000145217,2912220,"2026-01-02 08:20:29",13365,12934,431,0,12934,0,0,0,0
S00000145249,2912739,"2026-01-02 08:43:01",12622,12215,407,0,12215,0,0,0,0
S00000145249,2912740,"2026-01-02 08:43:01",0,0,0,0,0,0,0,0,0
S00000145262,2910603,"2026-01-01 03:47:54",11880,11880,0,0,11880,0,0,0,0
S00000145309,2911925,"2026-01-01 04:35:39",12622,12622,0,0,12622,0,0,0,0
S00000145309,2911926,"2026-01-01 04:35:39",0,0,0,0,0,0,0,0,0
S00000145343,2915524,"2026-01-05 03:41:21",20377,17748,2629,0,17748,0,0,0,0
S00000145343,2915525,"2026-01-05 03:41:21",0,0,0,0,0,0,0,0,0
S00000145794,2913779,"2026-01-03 03:41:09",14107,13197,910,0,13197,0,0,0,0
S00000145794,2913780,"2026-01-03 03:41:09",0,0,0,0,0,0,0,0,0
S00000145985,2910511,"2026-01-01 03:42:16",11880,11880,0,0,11880,0,0,0,0
S00000146057,2910133,"2026-01-01 03:24:40",13365,13365,0,0,13365,0,0,0,0
S00000146057,2910134,"2026-01-01 03:24:40",0,0,0,0,0,0,0,0,0
S00000146096,2912345,"2026-01-02 08:27:34",11880,11497,383,0,11497,0,0,0,0
S00000146185,2913237,"2026-01-03 03:20:24",11880,11114,766,0,11114,0,0,0,0
S00000146289,2915034,"2026-01-05 03:22:46",11880,10348,1532,0,10348,0,0,0,0
S00000146339,2912266,"2026-01-02 08:22:53",11880,11497,383,0,11497,0,0,0,0
S00000146425,2916586,"2026-01-06 03:29:12",12622,10587,2035,0,10587,0,0,0,0
S00000146425,2916587,"2026-01-06 03:29:13",0,0,0,0,0,0,0,0,0
S00000146450,2911188,"2026-01-01 04:10:34",14107,14107,0,0,14107,0,0,0,0
S00000146450,2911189,"2026-01-01 04:10:34",0,0,0,0,0,0,0,0,0
S00000146649,2916321,"2026-01-06 03:18:47",990,831,159,0,831,0,0,0,0
S00000146671,2916320,"2026-01-06 03:18:43",11880,9964,1916,0,9964,0,0,0,0
S00000146829,2916515,"2026-01-06 03:26:28",13365,11210,2155,0,11210,0,0,0,0
S00000146829,2916516,"2026-01-06 03:26:28",0,0,0,0,0,0,0,0,0
S00000146877,2916859,"2026-01-06 03:40:15",11880,9964,1916,0,9964,0,0,0,0
S00000146991,2913203,"2026-01-03 03:18:16",11880,11114,766,0,11114,0,0,0,0
S00000147020,2910514,"2026-01-01 03:42:28",11880,11880,0,0,11880,0,0,0,0
S00000147542,2912911,"2026-01-02 08:48:42",13365,12934,431,0,12934,0,0,0,0
S00000147542,2912912,"2026-01-02 08:48:42",0,0,0,0,0,0,0,0,0
S00000147629,2912305,"2026-01-02 08:25:16",11880,11497,383,0,11497,0,0,0,0
S00000147978,2912295,"2026-01-02 08:24:38",990,959,31,0,959,0,0,0,0
S00000148108,2900119,"2026-01-01 03:15:30",7425,7425,0,0,7425,0,0,0,0
S00000148108,2909883,"2026-01-01 03:15:30",0,0,0,0,0,0,0,0,0
S00000148363,2910883,"2026-01-01 04:00:03",13365,13365,0,0,13365,0,0,0,0
S00000148363,2910884,"2026-01-01 04:00:03",0,0,0,0,0,0,0,0,0
S00000148368,2912025,"2026-01-01 04:39:06",14107,14107,0,0,14107,0,0,0,0
S00000148368,2912026,"2026-01-01 04:39:06",0,0,0,0,0,0,0,0,0
S00000148961,2910668,"2026-01-01 03:51:45",11880,11880,0,0,11880,0,0,0,0
S00000148961,2910669,"2026-01-01 03:51:48",990,990,0,0,990,0,0,0,0
S00000149079,2913621,"2026-01-03 03:35:45",13365,12503,862,0,12503,0,0,0,0
S00000149079,2913622,"2026-01-03 03:35:45",0,0,0,0,0,0,0,0,0
S00000149116,2914966,"2026-01-05 03:18:39",11880,10348,1532,0,10348,0,0,0,0
S00000149116,2914967,"2026-01-05 03:18:43",990,863,127,0,863,0,0,0,0
S00000149355,2912308,"2026-01-02 08:25:28",19800,19162,638,0,19162,0,0,0,0
S00000149479,2916532,"2026-01-06 03:27:08",13365,11210,2155,0,11210,0,0,0,0
S00000149479,2916533,"2026-01-06 03:27:08",0,0,0,0,0,0,0,0,0
S00000149726,2915057,"2026-01-05 03:24:15",990,863,127,0,863,0,0,0,0
S00000149761,2916835,"2026-01-06 03:39:14",14107,11832,2275,0,11832,0,0,0,0
S00000149761,2916836,"2026-01-06 03:39:14",0,0,0,0,0,0,0,0,0
S00000149787,2916488,"2026-01-06 03:25:23",11880,9964,1916,0,9964,0,0,0,0
S00000150040,2913200,"2026-01-03 03:18:07",11880,11114,766,0,11114,0,0,0,0
S00000150134,2913940,"2026-01-03 11:38:25",0,0,0,0,0,0,0,0,0
S00000150134,2913941,"2026-01-03 11:38:25",14850,0,14850,0,0,0,0,0,0
S00000150144,2915568,"2026-01-05 08:43:41",0,0,0,0,0,0,0,0,0
S00000150144,2915569,"2026-01-05 08:43:42",7425,6467,958,0,6467,0,0,0,0
S00000150158,2915262,"2026-01-05 03:32:23",13365,11641,1724,0,11641,0,0,0,0
S00000150158,2915263,"2026-01-05 03:32:24",0,0,0,0,0,0,0,0,0
S00000150185,2912011,"2026-01-01 04:38:39",14850,14850,0,0,14850,0,0,0,0
S00000150185,2912012,"2026-01-01 04:38:39",0,0,0,0,0,0,0,0,0
S00000150215,2914106,"2026-01-04 03:20:07",17820,16096,1724,0,16096,0,0,0,0
S00000150713,2913612,"2026-01-03 03:35:24",17820,16671,1149,0,16671,0,0,0,0
S00000150755,2910520,"2026-01-01 03:42:49",11880,11880,0,0,11880,0,0,0,0
S00000150970,2914066,"2026-01-04 03:17:34",11880,10731,1149,0,10731,0,0,0,0
S00000150991,2916333,"2026-01-06 03:19:28",11880,9964,1916,0,9964,0,0,0,0
S00000151002,2914276,"2026-01-04 03:28:55",12622,11401,1221,0,11401,0,0,0,0
S00000151002,2914277,"2026-01-04 03:28:55",0,0,0,0,0,0,0,0,0
S00000151004,2913192,"2026-01-03 03:17:36",11880,11114,766,0,11114,0,0,0,0
S00000151056,2914114,"2026-01-04 03:20:35",11880,10731,1149,0,10731,0,0,0,0
S00000151135,2915166,"2026-01-05 03:29:04",11880,10348,1532,0,10348,0,0,0,0
S00000151145,2914975,"2026-01-05 03:19:12",11880,10348,1532,0,10348,0,0,0,0
S00000151160,2916852,"2026-01-06 03:39:49",11880,9964,1916,0,9964,0,0,0,0
S00000151266,2910187,"2026-01-01 03:26:25",12622,12622,0,0,12622,0,0,0,0
S00000151266,2910188,"2026-01-01 03:26:25",0,0,0,0,0,0,0,0,0
S00000151293,2910246,"2026-01-01 03:28:19",12622,12622,0,0,12622,0,0,0,0
S00000151293,2910247,"2026-01-01 03:28:19",0,0,0,0,0,0,0,0,0
S00000151588,2910290,"2026-01-01 03:30:14",11880,11880,0,0,11880,0,0,0,0
S00000151609,2915989,"2026-01-05 13:54:57",0,0,0,0,0,0,0,0,0
S00000151609,2915990,"2026-01-05 13:54:57",14107,12287,1820,0,12287,0,0,0,0
S00000151644,2911679,"2026-01-01 04:27:09",13365,13365,0,0,13365,0,0,0,0
S00000151644,2911680,"2026-01-01 04:27:09",0,0,0,0,0,0,0,0,0
S00000151659,2914101,"2026-01-04 03:19:45",11880,10731,1149,0,10731,0,0,0,0
S00000151671,2910496,"2026-01-01 03:41:27",13365,13365,0,0,13365,0,0,0,0
S00000151671,2910497,"2026-01-01 03:41:27",0,0,0,0,0,0,0,0,0
S00000151793,2916941,"2026-01-06 03:43:11",13365,11210,2155,0,11210,0,0,0,0
S00000151793,2916942,"2026-01-06 03:43:11",0,0,0,0,0,0,0,0,0
S00000151878,2911133,"2026-01-01 04:08:40",13365,13365,0,0,13365,0,0,0,0
S00000151878,2911134,"2026-01-01 04:08:40",0,0,0,0,0,0,0,0,0
S00000152028,2910313,"2026-01-01 03:31:37",11880,11880,0,0,11880,0,0,0,0
S00000152127,2910362,"2026-01-01 03:34:38",11880,11880,0,0,11880,0,0,0,0
S00000152135,2910331,"2026-01-01 03:32:44",11880,11880,0,0,11880,0,0,0,0
S00000152136,2910371,"2026-01-01 03:35:12",11880,11880,0,0,11880,0,0,0,0
S00000152146,2910334,"2026-01-01 03:32:56",11880,11880,0,0,11880,0,0,0,0
S00000152153,2913641,"2026-01-03 03:36:22",12622,11808,814,0,11808,0,0,0,0
S00000152153,2913642,"2026-01-03 03:36:22",0,0,0,0,0,0,0,0,0
S00000152173,2911083,"2026-01-01 04:06:49",13365,13365,0,0,13365,0,0,0,0
S00000152173,2911084,"2026-01-01 04:06:50",0,0,0,0,0,0,0,0,0
S00000152200,2910328,"2026-01-01 03:32:33",11880,11880,0,0,11880,0,0,0,0
S00000152202,2910322,"2026-01-01 03:32:10",11880,11880,0,0,11880,0,0,0,0
S00000152210,2915376,"2026-01-05 03:36:17",14107,12287,1820,0,12287,0,0,0,0
S00000152210,2915377,"2026-01-05 03:36:17",0,0,0,0,0,0,0,0,0
S00000152216,2910323,"2026-01-01 03:32:13",11880,11880,0,0,11880,0,0,0,0
S00000152221,2910363,"2026-01-01 03:34:42",11880,11880,0,0,11880,0,0,0,0
S00000152253,2912694,"2026-01-02 08:41:43",13365,12934,431,0,12934,0,0,0,0
S00000152253,2912695,"2026-01-02 08:41:43",0,0,0,0,0,0,0,0,0
S00000152315,2910921,"2026-01-01 04:01:16",13365,13365,0,0,13365,0,0,0,0
S00000152315,2910922,"2026-01-01 04:01:16",0,0,0,0,0,0,0,0,0
S00000152349,2913176,"2026-01-03 03:16:33",17820,16671,1149,0,16671,0,0,0,0
S00000152402,2913745,"2026-01-03 03:39:57",14107,13197,910,0,13197,0,0,0,0
S00000152402,2913746,"2026-01-03 03:39:57",0,0,0,0,0,0,0,0,0
S00000152407,2914969,"2026-01-05 03:18:50",11880,10348,1532,0,10348,0,0,0,0
S00000152579,2912003,"2026-01-01 04:38:23",14107,14107,0,0,14107,0,0,0,0
S00000152579,2912004,"2026-01-01 04:38:23",0,0,0,0,0,0,0,0,0
S00000152691,2910530,"2026-01-01 03:43:28",11880,11880,0,0,11880,0,0,0,0
S00000152830,2910238,"2026-01-01 03:28:06",12622,12622,0,0,12622,0,0,0,0
S00000152830,2910239,"2026-01-01 03:28:06",0,0,0,0,0,0,0,0,0
S00000152832,2911037,"2026-01-01 04:05:15",12622,12622,0,0,12622,0,0,0,0
S00000152832,2911038,"2026-01-01 04:05:15",0,0,0,0,0,0,0,0,0
S00000152887,2916688,"2026-01-06 03:33:25",13365,11210,2155,0,11210,0,0,0,0
S00000152887,2916689,"2026-01-06 03:33:25",0,0,0,0,0,0,0,0,0
S00000153015,2909837,"2026-01-01 03:15:38",7425,7425,0,0,7425,0,0,0,0
S00000153015,2909885,"2026-01-01 03:15:38",0,0,0,0,0,0,0,0,0
S00000153027,2913327,"2026-01-03 03:25:36",12622,11808,814,0,11808,0,0,0,0
S00000153027,2913328,"2026-01-03 03:25:36",0,0,0,0,0,0,0,0,0
S00000153112,2910506,"2026-01-01 03:42:01",11880,11880,0,0,11880,0,0,0,0
S00000153166,2912710,"2026-01-02 08:42:01",13365,12934,431,0,12934,0,0,0,0
S00000153166,2912711,"2026-01-02 08:42:02",0,0,0,0,0,0,0,0,0
S00000153201,2912561,"2026-01-02 08:37:19",12622,12215,407,0,12215,0,0,0,0
S00000153201,2912562,"2026-01-02 08:37:19",0,0,0,0,0,0,0,0,0
S00000153283,2912275,"2026-01-02 08:23:28",11880,11497,383,0,11497,0,0,0,0
S00000153335,2912194,"2026-01-02 08:19:28",11880,11497,383,0,11497,0,0,0,0
S00000153335,2912477,"2026-01-02 08:34:16",990,959,31,0,959,0,0,0,0
S00000153375,2913173,"2026-01-03 03:16:20",11880,11114,766,0,11114,0,0,0,0
S00000153392,2910477,"2026-01-01 03:40:19",11880,11880,0,0,11880,0,0,0,0
S00000153396,2912294,"2026-01-02 08:24:36",11880,11497,383,0,11497,0,0,0,0
S00000153407,2913221,"2026-01-03 03:19:16",990,927,63,0,927,0,0,0,0
S00000153413,2911114,"2026-01-01 04:08:02",12622,12622,0,0,12622,0,0,0,0
S00000153413,2911115,"2026-01-01 04:08:02",0,0,0,0,0,0,0,0,0
S00000153416,2910476,"2026-01-01 03:40:15",11880,11880,0,0,11880,0,0,0,0
S00000153432,2916858,"2026-01-06 03:40:11",11880,9964,1916,0,9964,0,0,0,0
S00000153519,2913414,"2026-01-03 03:28:31",13365,12503,862,0,12503,0,0,0,0
S00000153519,2913415,"2026-01-03 03:28:31",0,0,0,0,0,0,0,0,0
S00000153561,2916322,"2026-01-06 03:18:51",11880,9964,1916,0,9964,0,0,0,0
S00000153742,2915073,"2026-01-05 03:25:10",11880,10348,1532,0,10348,0,0,0,0
S00000153857,2916323,"2026-01-06 03:18:55",11880,9964,1916,0,9964,0,0,0,0
S00000154132,2915074,"2026-01-05 03:25:13",11880,10348,1532,0,10348,0,0,0,0
S00000154231,2911237,"2026-01-01 04:12:14",13365,13365,0,0,13365,0,0,0,0
S00000154231,2911238,"2026-01-01 04:12:14",0,0,0,0,0,0,0,0,0
S00000154272,2911087,"2026-01-01 04:06:57",11880,11880,0,0,11880,0,0,0,0
S00000154907,2910981,"2026-01-01 04:03:17",13365,13365,0,0,13365,0,0,0,0
S00000154907,2910982,"2026-01-01 04:03:17",0,0,0,0,0,0,0,0,0
S00000154945,2912061,"2026-01-01 08:03:23",14850,14850,0,0,14850,0,0,0,0
S00000154945,2912062,"2026-01-01 08:03:23",19800,19800,0,0,19800,0,0,0,0
S00000154945,2912063,"2026-01-01 08:03:24",0,0,0,0,0,0,0,0,0
S00000155341,2910364,"2026-01-01 03:34:46",11880,11880,0,0,11880,0,0,0,0
S00000155441,2910479,"2026-01-01 03:40:25",11880,11880,0,0,11880,0,0,0,0
S00000155451,2913193,"2026-01-03 03:17:40",11880,11114,766,0,11114,0,0,0,0
S00000155463,2910882,"2026-01-01 03:59:59",11880,11880,0,0,11880,0,0,0,0
S00000155537,2913711,"2026-01-03 03:38:46",12540,11731,809,0,11731,0,0,0,0
S00000155580,2912954,"2026-01-02 08:50:09",14850,14371,479,0,14371,0,0,0,0
S00000155580,2912955,"2026-01-02 08:50:09",0,0,0,0,0,0,0,0,0
S00000155674,2910255,"2026-01-01 03:28:40",12622,12622,0,0,12622,0,0,0,0
S00000155674,2910256,"2026-01-01 03:28:40",0,0,0,0,0,0,0,0,0
S00000155964,2916691,"2026-01-06 03:33:33",13365,11210,2155,0,11210,0,0,0,0
S00000155964,2916692,"2026-01-06 03:33:33",0,0,0,0,0,0,0,0,0
S00000156003,2913257,"2026-01-03 03:21:41",11880,11114,766,0,11114,0,0,0,0
S00000156004,2910485,"2026-01-01 03:40:47",11880,11880,0,0,11880,0,0,0,0
S00000156571,2910613,"2026-01-01 03:48:30",11880,11880,0,0,11880,0,0,0,0
S00000156837,2910063,"2026-01-01 03:22:22",13365,13365,0,0,13365,0,0,0,0
S00000156837,2910064,"2026-01-01 03:22:23",0,0,0,0,0,0,0,0,0
S00000157253,2912207,"2026-01-02 08:19:53",11880,11497,383,0,11497,0,0,0,0
S00000157308,2912888,"2026-01-02 08:47:52",14850,14371,479,0,14371,0,0,0,0
S00000157308,2912889,"2026-01-02 08:47:52",0,0,0,0,0,0,0,0,0
S00000157435,2913085,"2026-01-02 15:44:18",0,0,0,0,0,0,0,0,0
S00000157435,2913086,"2026-01-02 15:44:18",14850,14371,479,0,14371,0,0,0,0
S00000157442,2915033,"2026-01-05 03:22:42",11880,10348,1532,0,10348,0,0,0,0
S00000157578,2910372,"2026-01-01 03:35:15",11880,11880,0,0,11880,0,0,0,0
S00000157579,2910373,"2026-01-01 03:35:19",11880,11880,0,0,11880,0,0,0,0
S00000157693,2910484,"2026-01-01 03:40:43",11880,11880,0,0,11880,0,0,0,0
S00000157873,2910483,"2026-01-01 03:40:39",11880,11880,0,0,11880,0,0,0,0
S00000157891,2915215,"2026-01-05 03:30:42",13365,11641,1724,0,11641,0,0,0,0
S00000157891,2915216,"2026-01-05 03:30:42",0,0,0,0,0,0,0,0,0
S00000158084,2913354,"2026-01-03 03:26:36",19305,18060,1245,0,18060,0,0,0,0
S00000158084,2913355,"2026-01-03 03:26:36",0,0,0,0,0,0,0,0,0
S00000158114,2916693,"2026-01-06 03:33:37",11880,9964,1916,0,9964,0,0,0,0
S00000158114,2916696,"2026-01-06 03:33:45",990,831,159,0,831,0,0,0,0
S00000158231,2916854,"2026-01-06 03:39:56",990,831,159,0,831,0,0,0,0
S00000158231,2916855,"2026-01-06 03:40:00",11880,9964,1916,0,9964,0,0,0,0
S00000158252,2916327,"2026-01-06 03:19:07",11880,9964,1916,0,9964,0,0,0,0
S00000158292,2912215,"2026-01-02 08:20:20",11880,11497,383,0,11497,0,0,0,0
S00000158317,2911614,"2026-01-01 04:24:55",14107,14107,0,0,14107,0,0,0,0
S00000158317,2911615,"2026-01-01 04:24:55",0,0,0,0,0,0,0,0,0
S00000158510,2912424,"2026-01-02 08:32:12",11880,11497,383,0,11497,0,0,0,0
S00000158533,2912950,"2026-01-02 08:50:00",14107,13652,455,0,13652,0,0,0,0
S00000158533,2912951,"2026-01-02 08:50:00",0,0,0,0,0,0,0,0,0
S00000158550,2910732,"2026-01-01 03:55:07",11880,11880,0,0,11880,0,0,0,0
S00000158655,2912399,"2026-01-02 08:30:50",11880,11497,383,0,11497,0,0,0,0
S00000158716,2911153,"2026-01-01 04:09:25",12622,12622,0,0,12622,0,0,0,0
S00000158716,2911154,"2026-01-01 04:09:25",0,0,0,0,0,0,0,0,0
S00000158759,2911503,"2026-01-01 04:21:09",13365,13365,0,0,13365,0,0,0,0
S00000158759,2911504,"2026-01-01 04:21:09",0,0,0,0,0,0,0,0,0
S00000158941,2912092,"2026-01-01 14:04:13",0,0,0,0,0,0,0,0,0
S00000158941,2912093,"2026-01-01 14:04:13",14107,14107,0,0,14107,0,0,0,0
S00000158959,2912926,"2026-01-02 08:49:13",14107,13652,455,0,13652,0,0,0,0
S00000158959,2912927,"2026-01-02 08:49:13",0,0,0,0,0,0,0,0,0
S00000158970,2913263,"2026-01-03 03:22:02",13365,12503,862,0,12503,0,0,0,0
S00000158970,2913264,"2026-01-03 03:22:02",0,0,0,0,0,0,0,0,0
S00000159111,2910348,"2026-01-01 03:33:50",11880,11880,0,0,11880,0,0,0,0
S00000159310,2913690,"2026-01-03 03:38:02",13365,12503,862,0,12503,0,0,0,0
S00000159310,2913691,"2026-01-03 03:38:02",0,0,0,0,0,0,0,0,0
S00000159401,2910722,"2026-01-01 03:54:40",11880,11880,0,0,11880,0,0,0,0
S00000159558,2912270,"2026-01-02 08:23:08",11880,11497,383,0,11497,0,0,0,0
S00000159616,2910598,"2026-01-01 03:47:37",11880,11880,0,0,11880,0,0,0,0
S00000159696,2914902,"2026-01-05 03:15:42",14850,12934,1916,0,12934,0,0,0,0
S00000159696,2914903,"2026-01-05 03:15:42",0,0,0,0,0,0,0,0,0
S00000159774,2912268,"2026-01-02 08:23:00",11880,11497,383,0,11497,0,0,0,0
S00000159779,2913247,"2026-01-03 03:21:00",11880,11114,766,0,11114,0,0,0,0
S00000159779,2914070,"2026-01-04 03:17:47",990,895,95,0,895,0,0,0,0
S00000159785,2916332,"2026-01-06 03:19:25",990,831,159,0,831,0,0,0,0
S00000159878,2912274,"2026-01-02 08:23:24",11880,11497,383,0,11497,0,0,0,0
S00000159922,2913196,"2026-01-03 03:17:52",11880,11114,766,0,11114,0,0,0,0
S00000159937,2913197,"2026-01-03 03:17:56",11880,11114,766,0,11114,0,0,0,0
S00000159944,2911253,"2026-01-01 04:12:42",11880,11880,0,0,11880,0,0,0,0
S00000159957,2914249,"2026-01-04 03:27:58",11880,10731,1149,0,10731,0,0,0,0
S00000160008,2912297,"2026-01-02 08:24:45",990,959,31,0,959,0,0,0,0
S00000160053,2914143,"2026-01-04 03:22:16",11880,10731,1149,0,10731,0,0,0,0
S00000160060,2914073,"2026-01-04 03:17:59",11880,10731,1149,0,10731,0,0,0,0
S00000160060,2914174,"2026-01-04 03:24:07",990,895,95,0,895,0,0,0,0
S00000160065,2913380,"2026-01-03 03:27:28",18232,17056,1176,0,17056,0,0,0,0
S00000160065,2913381,"2026-01-03 03:27:28",0,0,0,0,0,0,0,0,0
S00000160079,2914071,"2026-01-04 03:17:51",11880,10731,1149,0,10731,0,0,0,0
S00000160079,2914072,"2026-01-04 03:17:54",990,895,95,0,895,0,0,0,0
S00000160145,2914972,"2026-01-05 03:19:01",11880,10348,1532,0,10348,0,0,0,0
S00000160231,2911107,"2026-01-01 04:07:45",13365,13365,0,0,13365,0,0,0,0
S00000160231,2911108,"2026-01-01 04:07:45",0,0,0,0,0,0,0,0,0
S00000160279,2916329,"2026-01-06 03:19:13",11880,9964,1916,0,9964,0,0,0,0
S00000160285,2916328,"2026-01-06 03:19:10",990,831,159,0,831,0,0,0,0
S00000160299,2910543,"2026-01-01 03:44:15",11880,11880,0,0,11880,0,0,0,0
S00000160408,2916856,"2026-01-06 03:40:03",11880,9964,1916,0,9964,0,0,0,0
S00000160618,2912427,"2026-01-02 08:32:22",11880,11497,383,0,11497,0,0,0,0
S00000160742,2915242,"2026-01-05 03:31:39",13365,11641,1724,0,11641,0,0,0,0
S00000160742,2915243,"2026-01-05 03:31:39",0,0,0,0,0,0,0,0,0
S00000160860,2910654,"2026-01-01 03:50:57",11880,11880,0,0,11880,0,0,0,0
S00000160863,2910705,"2026-01-01 03:53:58",11880,11880,0,0,11880,0,0,0,0
S00000165338,2914181,"2026-01-04 03:24:33",11880,10731,1149,0,10731,0,0,0,0
S00000166294,2916330,"2026-01-06 03:19:17",990,831,159,0,831,0,0,0,0
S00000166913,2910846,"2026-01-01 03:58:55",13365,13365,0,0,13365,0,0,0,0
S00000166913,2910847,"2026-01-01 03:58:55",0,0,0,0,0,0,0,0,0
S00000168191,2910489,"2026-01-01 03:41:02",11880,11880,0,0,11880,0,0,0,0
S00000168586,2914586,"2026-01-04 03:39:14",14850,13413,1437,0,13413,0,0,0,0
S00000168586,2914587,"2026-01-04 03:39:14",0,0,0,0,0,0,0,0,0
S00000169572,2875247,"2026-01-01 04:21:54",14850,14850,0,0,14850,0,0,0,0
S00000169572,2911527,"2026-01-01 04:21:54",0,0,0,0,0,0,0,0,0
S00000169949,2912289,"2026-01-02 08:24:21",11880,11497,383,0,11497,0,0,0,0
S00000170284,2913425,"2026-01-03 03:28:54",12622,11808,814,0,11808,0,0,0,0
S00000170284,2913426,"2026-01-03 03:28:54",0,0,0,0,0,0,0,0,0
S00000170305,2914175,"2026-01-04 03:24:11",11880,10731,1149,0,10731,0,0,0,0
S00000170358,2910649,"2026-01-01 03:50:40",11880,11880,0,0,11880,0,0,0,0
S00000170358,2910650,"2026-01-01 03:50:43",990,990,0,0,990,0,0,0,0
S00000170419,2916192,"2026-01-05 21:27:24",0,0,0,0,0,0,0,0,0
S00000170419,2916193,"2026-01-05 21:27:24",7425,6467,958,0,6467,0,0,0,0
S00000170580,2910495,"2026-01-01 03:41:24",11880,11880,0,0,11880,0,0,0,0
S00000170656,2913053,"2026-01-02 10:10:59",14107,13652,455,0,13652,0,0,0,0
S00000170656,2916058,"2026-01-05 00:00:00",-2227,-2227,0,0,-2227,0,0,0,0
S00000170722,2910369,"2026-01-01 03:35:05",11880,11880,0,0,11880,0,0,0,0
S00000170800,2910487,"2026-01-01 03:40:55",11880,11880,0,0,11880,0,0,0,0
S00000170869,2910601,"2026-01-01 03:47:48",11880,11880,0,0,11880,0,0,0,0
S00000170869,2915082,"2026-01-05 03:25:47",990,863,127,0,863,0,0,0,0
S00000170891,2912366,"2026-01-02 08:28:56",11880,11497,383,0,11497,0,0,0,0
S00000170895,2911149,"2026-01-01 04:09:16",12622,12622,0,0,12622,0,0,0,0
S00000170895,2911150,"2026-01-01 04:09:16",0,0,0,0,0,0,0,0,0
S00000170940,2912658,"2026-01-02 08:40:34",13365,12934,431,0,12934,0,0,0,0
S00000170940,2912659,"2026-01-02 08:40:34",0,0,0,0,0,0,0,0,0
S00000170973,2914906,"2026-01-05 03:15:50",13365,11641,1724,0,11641,0,0,0,0
S00000170973,2914907,"2026-01-05 03:15:50",0,0,0,0,0,0,0,0,0
S00000171092,2911662,"2026-01-01 04:26:33",14107,14107,0,0,14107,0,0,0,0
S00000171092,2911663,"2026-01-01 04:26:33",0,0,0,0,0,0,0,0,0
S00000171397,2916543,"2026-01-06 03:27:35",11880,9964,1916,0,9964,0,0,0,0
S00000171436,2913164,"2026-01-03 03:16:00",12622,11808,814,0,11808,0,0,0,0
S00000171436,2913165,"2026-01-03 03:16:00",0,0,0,0,0,0,0,0,0
S00000171519,2914661,"2026-01-04 03:41:46",14107,12742,1365,0,12742,0,0,0,0
S00000171519,2914662,"2026-01-04 03:41:46",0,0,0,0,0,0,0,0,0
S00000171535,2914022,"2026-01-04 03:15:29",11880,10731,1149,0,10731,0,0,0,0
S00000171556,2914992,"2026-01-05 03:20:13",11880,10348,1532,0,10348,0,0,0,0
S00000171872,2910666,"2026-01-01 03:51:37",11880,11880,0,0,11880,0,0,0,0
S00000171904,2910987,"2026-01-01 04:03:27",13365,13365,0,0,13365,0,0,0,0
S00000171904,2910988,"2026-01-01 04:03:27",0,0,0,0,0,0,0,0,0
S00000172202,2910596,"2026-01-01 03:47:30",11880,11880,0,0,11880,0,0,0,0
S00000172583,2911485,"2026-01-01 04:20:30",13365,13365,0,0,13365,0,0,0,0
S00000172583,2911486,"2026-01-01 04:20:30",0,0,0,0,0,0,0,0,0
S00000172701,2910539,"2026-01-01 03:44:00",17820,17820,0,0,17820,0,0,0,0
S00000172712,2916697,"2026-01-06 03:33:49",11880,9964,1916,0,9964,0,0,0,0
S00000172826,2910560,"2026-01-01 03:45:19",11880,11880,0,0,11880,0,0,0,0
S00000172936,2912719,"2026-01-02 08:42:19",14107,13652,455,0,13652,0,0,0,0
S00000172936,2912720,"2026-01-02 08:42:19",0,0,0,0,0,0,0,0,0
S00000173063,2913199,"2026-01-03 03:18:03",990,927,63,0,927,0,0,0,0
S00000173063,2914077,"2026-01-04 03:18:12",11880,10731,1149,0,10731,0,0,0,0
S00000173186,2910522,"2026-01-01 03:42:56",11880,11880,0,0,11880,0,0,0,0
S00000173299,2912272,"2026-01-02 08:23:15",11880,11497,383,0,11497,0,0,0,0
S00000173399,2914976,"2026-01-05 03:19:16",11880,10348,1532,0,10348,0,0,0,0
S00000173544,2915289,"2026-01-05 03:33:17",12622,10994,1628,0,10994,0,0,0,0
S00000173544,2915290,"2026-01-05 03:33:17",0,0,0,0,0,0,0,0,0
S00000173646,2911833,"2026-01-01 04:32:23",14107,14107,0,0,14107,0,0,0,0
S00000173646,2911834,"2026-01-01 04:32:23",0,0,0,0,0,0,0,0,0
S00000173652,2916331,"2026-01-06 03:19:21",11880,9964,1916,0,9964,0,0,0,0
S00000173667,2916404,"2026-01-06 03:22:19",13365,11210,2155,0,11210,0,0,0,0
S00000173667,2916405,"2026-01-06 03:22:19",0,0,0,0,0,0,0,0,0
S00000173724,2916565,"2026-01-06 03:28:29",19305,16192,3113,0,16192,0,0,0,0
S00000173724,2916566,"2026-01-06 03:28:29",0,0,0,0,0,0,0,0,0
S00000173779,2911686,"2026-01-01 04:27:26",14107,14107,0,0,14107,0,0,0,0
S00000173779,2911687,"2026-01-01 04:27:26",0,0,0,0,0,0,0,0,0
S00000173947,2914497,"2026-01-04 03:36:14",20377,18406,1971,0,18406,0,0,0,0
S00000173947,2914498,"2026-01-04 03:36:14",0,0,0,0,0,0,0,0,0
S00000173951,2910653,"2026-01-01 03:50:54",11880,11880,0,0,11880,0,0,0,0
S00000174011,2913224,"2026-01-03 03:19:27",11880,11114,766,0,11114,0,0,0,0
S00000174331,2911900,"2026-01-01 04:34:48",14107,14107,0,0,14107,0,0,0,0
S00000174331,2911901,"2026-01-01 04:34:48",0,0,0,0,0,0,0,0,0
S00000174624,2910317,"2026-01-01 03:31:53",11880,11880,0,0,11880,0,0,0,0
S00000174625,2911088,"2026-01-01 04:07:01",11880,11880,0,0,11880,0,0,0,0
S00000174628,2910318,"2026-01-01 03:31:55",11880,11880,0,0,11880,0,0,0,0
S00000174643,2910321,"2026-01-01 03:32:06",11880,11880,0,0,11880,0,0,0,0
S00000174653,2910324,"2026-01-01 03:32:17",11880,11880,0,0,11880,0,0,0,0
S00000174664,2910325,"2026-01-01 03:32:21",11880,11880,0,0,11880,0,0,0,0
S00000174666,2910595,"2026-01-01 03:47:26",11880,11880,0,0,11880,0,0,0,0
S00000174673,2910327,"2026-01-01 03:32:29",11880,11880,0,0,11880,0,0,0,0
S00000174673,2914075,"2026-01-04 03:18:05",990,895,95,0,895,0,0,0,0
S00000174693,2916698,"2026-01-06 03:33:53",11880,9964,1916,0,9964,0,0,0,0
S00000174699,2910311,"2026-01-01 03:31:30",11880,11880,0,0,11880,0,0,0,0
S00000174749,2910335,"2026-01-01 03:33:00",11880,11880,0,0,11880,0,0,0,0
S00000174841,2913162,"2026-01-03 03:15:55",12622,11808,814,0,11808,0,0,0,0
S00000174841,2913163,"2026-01-03 03:15:55",0,0,0,0,0,0,0,0,0
S00000175013,2911988,"2026-01-01 04:37:51",19800,19800,0,0,19800,0,0,0,0
S00000175020,2912717,"2026-01-02 08:42:15",13365,12934,431,0,12934,0,0,0,0
S00000175020,2912718,"2026-01-02 08:42:15",0,0,0,0,0,0,0,0,0
S00000175021,2911131,"2026-01-01 04:08:36",12622,12622,0,0,12622,0,0,0,0
S00000175021,2911132,"2026-01-01 04:08:36",0,0,0,0,0,0,0,0,0
S00000175025,2915000,"2026-01-05 03:20:44",11880,10348,1532,0,10348,0,0,0,0
S00000175041,2910545,"2026-01-01 03:44:22",11880,11880,0,0,11880,0,0,0,0
S00000175043,2910365,"2026-01-01 03:34:49",11880,11880,0,0,11880,0,0,0,0
S00000175093,2868827,"2026-01-01 03:41:57",12622,12622,0,0,12622,0,0,0,0
S00000175093,2910505,"2026-01-01 03:41:57",0,0,0,0,0,0,0,0,0
S00000175184,2910273,"2026-01-01 03:29:18",12622,12622,0,0,12622,0,0,0,0
S00000175184,2910274,"2026-01-01 03:29:18",0,0,0,0,0,0,0,0,0
S00000175201,2910491,"2026-01-01 03:41:09",11880,11880,0,0,11880,0,0,0,0
S00000175308,2916285,"2026-01-06 03:16:36",11880,9964,1916,0,9964,0,0,0,0
S00000175409,2914080,"2026-01-04 03:18:24",17820,16096,1724,0,16096,0,0,0,0
S00000175547,2913537,"2026-01-03 03:32:42",14107,13197,910,0,13197,0,0,0,0
S00000175547,2913538,"2026-01-03 03:32:42",0,0,0,0,0,0,0,0,0
S00000175551,2912276,"2026-01-02 08:23:32",11880,11497,383,0,11497,0,0,0,0
S00000175776,2912279,"2026-01-02 08:23:44",11880,11497,383,0,11497,0,0,0,0
S00000175802,2910504,"2026-01-01 03:41:54",11880,11880,0,0,11880,0,0,0,0
S00000175840,2910361,"2026-01-01 03:34:34",11880,11880,0,0,11880,0,0,0,0
S00000175889,2910618,"2026-01-01 03:48:45",11880,11880,0,0,11880,0,0,0,0
S00000175909,2911919,"2026-01-01 04:35:28",13365,13365,0,0,13365,0,0,0,0
S00000175909,2911920,"2026-01-01 04:35:28",0,0,0,0,0,0,0,0,0
S00000175941,2910503,"2026-01-01 03:41:50",11880,11880,0,0,11880,0,0,0,0
S00000175982,2914076,"2026-01-04 03:18:09",11880,10731,1149,0,10731,0,0,0,0
S00000176018,2912277,"2026-01-02 08:23:36",11880,11497,383,0,11497,0,0,0,0
S00000176022,2913676,"2026-01-03 03:37:37",14107,13197,910,0,13197,0,0,0,0
S00000176022,2913677,"2026-01-03 03:37:37",0,0,0,0,0,0,0,0,0
S00000176026,2914093,"2026-01-04 03:19:15",11880,10731,1149,0,10731,0,0,0,0
S00000176140,2912539,"2026-01-02 08:36:33",13365,12934,431,0,12934,0,0,0,0
S00000176140,2912540,"2026-01-02 08:36:33",0,0,0,0,0,0,0,0,0
S00000176154,2914012,"2026-01-04 03:15:12",13365,12072,1293,0,12072,0,0,0,0
S00000176154,2914013,"2026-01-04 03:15:12",0,0,0,0,0,0,0,0,0
S00000176175,2914990,"2026-01-05 03:20:05",11880,10348,1532,0,10348,0,0,0,0
S00000176221,2914274,"2026-01-04 03:28:53",12622,11401,1221,0,11401,0,0,0,0
S00000176221,2914275,"2026-01-04 03:28:53",0,0,0,0,0,0,0,0,0
S00000176230,2911217,"2026-01-01 04:11:36",13365,13365,0,0,13365,0,0,0,0
S00000176230,2911218,"2026-01-01 04:11:36",0,0,0,0,0,0,0,0,0
S00000176293,2913127,"2026-01-02 23:00:56",0,0,0,0,0,0,0,0,0
S00000176293,2913128,"2026-01-02 23:00:56",14850,14371,479,0,14371,0,0,0,0
S00000176309,2916334,"2026-01-06 03:19:32",990,831,159,0,831,0,0,0,0
S00000177297,2912543,"2026-01-02 08:36:40",11880,11497,383,0,11497,0,0,0,0
S00000177388,2913793,"2026-01-03 03:41:38",14107,13197,910,0,13197,0,0,0,0
S00000177388,2913794,"2026-01-03 03:41:38",0,0,0,0,0,0,0,0,0
S00000177484,2911045,"2026-01-01 04:05:31",13365,13365,0,0,13365,0,0,0,0
S00000177484,2911046,"2026-01-01 04:05:32",0,0,0,0,0,0,0,0,0
S00000177732,2913880,"2026-01-03 03:44:32",14107,13197,910,0,13197,0,0,0,0
S00000177732,2913881,"2026-01-03 03:44:32",0,0,0,0,0,0,0,0,0
S00000178131,2911069,"2026-01-01 04:06:21",13365,13365,0,0,13365,0,0,0,0
S00000178131,2911070,"2026-01-01 04:06:21",0,0,0,0,0,0,0,0,0
S00000178190,2910600,"2026-01-01 03:47:45",11880,11880,0,0,11880,0,0,0,0
S00000178338,2910494,"2026-01-01 03:41:21",11880,11880,0,0,11880,0,0,0,0
S00000178438,2913667,"2026-01-03 03:37:17",11880,11114,766,0,11114,0,0,0,0
S00000178461,2912751,"2026-01-02 08:43:22",13365,12934,431,0,12934,0,0,0,0
S00000178461,2912752,"2026-01-02 08:43:23",0,0,0,0,0,0,0,0,0
S00000178490,2914079,"2026-01-04 03:18:21",11880,10731,1149,0,10731,0,0,0,0
S00000178490,2916336,"2026-01-06 03:19:40",990,831,159,0,831,0,0,0,0
S00000178509,2912281,"2026-01-02 08:23:52",11880,11497,383,0,11497,0,0,0,0
S00000178521,2910502,"2026-01-01 03:41:47",11880,11880,0,0,11880,0,0,0,0
S00000178566,2913287,"2026-01-03 03:23:27",11880,11114,766,0,11114,0,0,0,0
S00000178566,2913288,"2026-01-03 03:23:30",990,927,63,0,927,0,0,0,0
S00000178602,2914078,"2026-01-04 03:18:17",990,895,95,0,895,0,0,0,0
S00000178634,2916699,"2026-01-06 03:33:56",11880,9964,1916,0,9964,0,0,0,0
S00000178634,2916700,"2026-01-06 03:33:59",990,831,159,0,831,0,0,0,0
S00000179055,2910733,"2026-01-01 03:55:12",12622,12622,0,0,12622,0,0,0,0
S00000179055,2910734,"2026-01-01 03:55:12",0,0,0,0,0,0,0,0,0
S00000179074,2909432,"2026-01-05 03:31:55",12622,10994,1628,0,10994,0,0,0,0
S00000179074,2915250,"2026-01-05 03:31:55",0,0,0,0,0,0,0,0,0
S00000179268,2910536,"2026-01-01 03:43:50",11880,11880,0,0,11880,0,0,0,0
S00000179481,2910367,"2026-01-01 03:34:57",11880,11880,0,0,11880,0,0,0,0
S00000179786,2910360,"2026-01-01 03:34:30",11880,11880,0,0,11880,0,0,0,0
S00000179957,2911039,"2026-01-01 04:05:20",12622,12622,0,0,12622,0,0,0,0
S00000179957,2911040,"2026-01-01 04:05:20",0,0,0,0,0,0,0,0,0
S00000180011,2910947,"2026-01-01 04:02:05",11880,11880,0,0,11880,0,0,0,0
S00000180178,2910499,"2026-01-01 03:41:35",11880,11880,0,0,11880,0,0,0,0
S00000180191,2914085,"2026-01-04 03:18:43",11880,10731,1149,0,10731,0,0,0,0
S00000180408,2911304,"2026-01-01 04:14:29",13365,13365,0,0,13365,0,0,0,0
S00000180408,2911305,"2026-01-01 04:14:29",0,0,0,0,0,0,0,0,0
S00000180454,2916491,"2026-01-06 03:25:36",11880,9964,1916,0,9964,0,0,0,0
S00000180481,2912500,"2026-01-02 08:35:09",13365,12934,431,0,12934,0,0,0,0
S00000180481,2912501,"2026-01-02 08:35:09",0,0,0,0,0,0,0,0,0
S00000180611,2911972,"2026-01-01 04:37:18",13365,13365,0,0,13365,0,0,0,0
S00000180611,2911973,"2026-01-01 04:37:18",0,0,0,0,0,0,0,0,0
S00000180700,2910498,"2026-01-01 03:41:31",11880,11880,0,0,11880,0,0,0,0
S00000180827,2912692,"2026-01-02 08:41:40",13365,12934,431,0,12934,0,0,0,0
S00000180827,2912693,"2026-01-02 08:41:40",0,0,0,0,0,0,0,0,0
S00000180856,2912362,"2026-01-02 08:28:42",11880,11497,383,0,11497,0,0,0,0
S00000180861,2912284,"2026-01-02 08:24:04",11880,11497,383,0,11497,0,0,0,0
S00000180880,2913204,"2026-01-03 03:18:20",11880,11114,766,0,11114,0,0,0,0
S00000180939,2910753,"2026-01-01 03:55:48",12622,12622,0,0,12622,0,0,0,0
S00000180939,2910754,"2026-01-01 03:55:48",0,0,0,0,0,0,0,0,0
S00000181032,2912283,"2026-01-02 08:23:59",11880,11497,383,0,11497,0,0,0,0
S00000181147,2913267,"2026-01-03 03:22:14",11880,11114,766,0,11114,0,0,0,0
S00000181158,2914317,"2026-01-04 03:30:18",13365,12072,1293,0,12072,0,0,0,0
S00000181158,2914318,"2026-01-04 03:30:18",0,0,0,0,0,0,0,0,0
S00000181178,2914981,"2026-01-05 03:19:34",990,863,127,0,863,0,0,0,0
S00000181186,2916394,"2026-01-06 03:21:57",11880,9964,1916,0,9964,0,0,0,0
S00000181218,2915006,"2026-01-05 03:21:06",11880,10348,1532,0,10348,0,0,0,0
S00000181260,2915024,"2026-01-05 03:22:08",11880,10348,1532,0,10348,0,0,0,0
S00000181430,2910998,"2026-01-01 04:03:51",13365,13365,0,0,13365,0,0,0,0
S00000181430,2910999,"2026-01-01 04:03:51",0,0,0,0,0,0,0,0,0
S00000181495,2912301,"2026-01-02 08:25:01",11880,11497,383,0,11497,0,0,0,0
S00000181638,2913310,"2026-01-03 03:24:51",11880,11114,766,0,11114,0,0,0,0
S00000181758,2913822,"2026-01-03 03:42:39",14107,13197,910,0,13197,0,0,0,0
S00000181758,2913823,"2026-01-03 03:42:39",0,0,0,0,0,0,0,0,0
S00000181971,2910203,"2026-01-01 03:26:56",12622,12622,0,0,12622,0,0,0,0
S00000181971,2910204,"2026-01-01 03:26:56",0,0,0,0,0,0,0,0,0
S00000182032,2914833,"2026-01-04 19:01:12",0,0,0,0,0,0,0,0,0
S00000182032,2914834,"2026-01-04 19:01:12",14107,1881,12226,0,1881,0,0,0,0
S00000182178,2910299,"2026-01-01 03:30:48",11880,11880,0,0,11880,0,0,0,0
S00000182256,2910352,"2026-01-01 03:34:04",11880,11880,0,0,11880,0,0,0,0
S00000182256,2910353,"2026-01-01 03:34:07",990,990,0,0,990,0,0,0,0
S00000182418,2910685,"2026-01-01 03:52:46",17820,17820,0,0,17820,0,0,0,0
S00000182519,2913212,"2026-01-03 03:18:48",11880,11114,766,0,11114,0,0,0,0
S00000182519,2913213,"2026-01-03 03:18:50",990,927,63,0,927,0,0,0,0
S00000182607,2916701,"2026-01-06 03:34:03",14107,11832,2275,0,11832,0,0,0,0
S00000182607,2916702,"2026-01-06 03:34:03",0,0,0,0,0,0,0,0,0
S00000182817,2911431,"2026-01-01 04:18:42",14107,14107,0,0,14107,0,0,0,0
S00000182817,2911432,"2026-01-01 04:18:42",0,0,0,0,0,0,0,0,0
S00000182919,2913586,"2026-01-03 03:34:18",13365,12503,862,0,12503,0,0,0,0
S00000182919,2913587,"2026-01-03 03:34:18",0,0,0,0,0,0,0,0,0
S00000182920,2914982,"2026-01-05 03:19:37",11880,10348,1532,0,10348,0,0,0,0
S00000182920,2914983,"2026-01-05 03:19:40",990,863,127,0,863,0,0,0,0
S00000182945,2897534,"2026-01-01 03:16:24",12622,12622,0,0,12622,0,0,0,0
S00000182945,2909897,"2026-01-01 03:16:24",0,0,0,0,0,0,0,0,0
S00000183245,2914236,"2026-01-04 03:27:32",12622,11401,1221,0,11401,0,0,0,0
S00000183245,2914237,"2026-01-04 03:27:32",0,0,0,0,0,0,0,0,0
S00000183266,2910081,"2026-01-01 03:23:00",14107,14107,0,0,14107,0,0,0,0
S00000183266,2910082,"2026-01-01 03:23:00",0,0,0,0,0,0,0,0,0
S00000183268,2910358,"2026-01-01 03:34:24",11880,11880,0,0,11880,0,0,0,0
S00000183526,2915372,"2026-01-05 03:36:08",14850,12934,1916,0,12934,0,0,0,0
S00000183526,2915373,"2026-01-05 03:36:08",0,0,0,0,0,0,0,0,0
S00000183735,2910594,"2026-01-01 03:47:23",11880,11880,0,0,11880,0,0,0,0
S00000183766,2913726,"2026-01-03 03:39:18",11880,11114,766,0,11114,0,0,0,0
S00000183766,2913729,"2026-01-03 03:39:25",990,927,63,0,927,0,0,0,0
S00000183786,2910508,"2026-01-01 03:42:07",11880,11880,0,0,11880,0,0,0,0
S00000183786,2910509,"2026-01-01 03:42:10",990,990,0,0,990,0,0,0,0
S00000183789,2910510,"2026-01-01 03:42:13",11880,11880,0,0,11880,0,0,0,0
S00000183801,2914141,"2026-01-04 03:22:08",11880,10731,1149,0,10731,0,0,0,0
S00000183839,2912285,"2026-01-02 08:24:07",11880,11497,383,0,11497,0,0,0,0
S00000183839,2912286,"2026-01-02 08:24:11",990,959,31,0,959,0,0,0,0
S00000183860,2913214,"2026-01-03 03:18:54",11880,11114,766,0,11114,0,0,0,0
S00000183924,2913205,"2026-01-03 03:18:24",11880,11114,766,0,11114,0,0,0,0
S00000183966,2914261,"2026-01-04 03:28:26",12622,11401,1221,0,11401,0,0,0,0
S00000183966,2914262,"2026-01-04 03:28:26",0,0,0,0,0,0,0,0,0
S00000184026,2914083,"2026-01-04 03:18:36",11880,10731,1149,0,10731,0,0,0,0
S00000184026,2914084,"2026-01-04 03:18:40",990,895,95,0,895,0,0,0,0
S00000184183,2915015,"2026-01-05 03:21:40",11880,10348,1532,0,10348,0,0,0,0
S00000184257,2914984,"2026-01-05 03:19:43",11880,10348,1532,0,10348,0,0,0,0
S00000184265,2914089,"2026-01-04 03:18:59",11880,10731,1149,0,10731,0,0,0,0
S00000184273,2916631,"2026-01-06 03:30:57",11880,9964,1916,0,9964,0,0,0,0
S00000184395,2910356,"2026-01-01 03:34:16",11880,11880,0,0,11880,0,0,0,0
S00000184426,2910693,"2026-01-01 03:53:17",11880,11880,0,0,11880,0,0,0,0
S00000184435,2910345,"2026-01-01 03:33:40",11880,11880,0,0,11880,0,0,0,0
S00000184735,2913229,"2026-01-03 03:19:47",11880,11114,766,0,11114,0,0,0,0
S00000184938,2912162,"2026-01-02 08:18:19",14107,13652,455,0,13652,0,0,0,0
S00000184938,2912163,"2026-01-02 08:18:20",0,0,0,0,0,0,0,0,0
S00000185397,2913712,"2026-01-03 03:38:51",14107,13197,910,0,13197,0,0,0,0
S00000185397,2913713,"2026-01-03 03:38:51",0,0,0,0,0,0,0,0,0
S00000185402,2888111,"2026-01-01 04:27:49",39187,39187,0,0,39187,0,0,0,0
S00000185402,2911699,"2026-01-01 04:27:50",0,0,0,0,0,0,0,0,0
S00000185537,2910347,"2026-01-01 03:33:46",11880,11880,0,0,11880,0,0,0,0
S00000185837,2913853,"2026-01-03 03:43:37",14107,13197,910,0,13197,0,0,0,0
S00000185837,2913854,"2026-01-03 03:43:37",0,0,0,0,0,0,0,0,0
S00000185842,2914986,"2026-01-05 03:19:50",11880,10348,1532,0,10348,0,0,0,0
S00000186013,2910289,"2026-01-01 03:30:10",11880,11880,0,0,11880,0,0,0,0
S00000186301,2914454,"2026-01-04 03:34:52",13365,12072,1293,0,12072,0,0,0,0
S00000186301,2914455,"2026-01-04 03:34:53",0,0,0,0,0,0,0,0,0
S00000186327,2911355,"2026-01-01 04:16:09",12622,12622,0,0,12622,0,0,0,0
S00000186327,2911356,"2026-01-01 04:16:09",0,0,0,0,0,0,0,0,0
S00000186434,2910735,"2026-01-01 03:55:14",13365,13365,0,0,13365,0,0,0,0
S00000186434,2910736,"2026-01-01 03:55:14",0,0,0,0,0,0,0,0,0
S00000186464,2911416,"2026-01-01 04:18:07",14107,14107,0,0,14107,0,0,0,0
S00000186464,2911417,"2026-01-01 04:18:07",0,0,0,0,0,0,0,0,0
S00000186466,2911019,"2026-01-01 04:04:37",13365,13365,0,0,13365,0,0,0,0
S00000186466,2911020,"2026-01-01 04:04:37",0,0,0,0,0,0,0,0,0
S00000186506,2912291,"2026-01-02 08:24:28",13365,12934,431,0,12934,0,0,0,0
S00000186506,2912292,"2026-01-02 08:24:28",0,0,0,0,0,0,0,0,0
S00000186547,2912371,"2026-01-02 08:29:12",11880,11497,383,0,11497,0,0,0,0
S00000186583,2910761,"2026-01-01 03:56:05",13365,13365,0,0,13365,0,0,0,0
S00000186583,2910762,"2026-01-01 03:56:05",0,0,0,0,0,0,0,0,0
S00000186645,2913208,"2026-01-03 03:18:34",11880,11114,766,0,11114,0,0,0,0
S00000186724,2914231,"2026-01-04 03:27:22",11880,10731,1149,0,10731,0,0,0,0
S00000186733,2913269,"2026-01-03 03:22:21",11880,11114,766,0,11114,0,0,0,0
S00000186788,2914140,"2026-01-04 03:22:04",11880,10731,1149,0,10731,0,0,0,0
S00000186800,2914087,"2026-01-04 03:18:51",990,895,95,0,895,0,0,0,0
S00000186800,2914104,"2026-01-04 03:20:00",11880,10731,1149,0,10731,0,0,0,0
S00000186800,2914985,"2026-01-05 03:19:46",19800,17246,2554,0,17246,0,0,0,0
S00000186833,2916288,"2026-01-06 03:16:47",11880,9964,1916,0,9964,0,0,0,0
S00000186837,2915040,"2026-01-05 03:23:10",11880,10348,1532,0,10348,0,0,0,0
S00000186870,2915233,"2026-01-05 03:31:19",13365,11641,1724,0,11641,0,0,0,0
S00000186870,2915234,"2026-01-05 03:31:19",0,0,0,0,0,0,0,0,0
S00000186964,2914987,"2026-01-05 03:19:53",11880,10348,1532,0,10348,0,0,0,0
S00000186983,2916860,"2026-01-06 03:40:19",990,831,159,0,831,0,0,0,0
S00000186983,2916861,"2026-01-06 03:40:23",11880,9964,1916,0,9964,0,0,0,0
S00000186998,2914999,"2026-01-05 03:20:41",11880,10348,1532,0,10348,0,0,0,0
S00000187046,2916023,"2026-01-05 16:33:27",7425,6467,958,0,6467,0,0,0,0
S00000187046,2916024,"2026-01-05 16:33:27",9900,8623,1277,0,8623,0,0,0,0
S00000187046,2916025,"2026-01-05 16:33:27",0,0,0,0,0,0,0,0,0
S00000187062,2910354,"2026-01-01 03:34:09",11880,11880,0,0,11880,0,0,0,0
S00000187100,2914996,"2026-01-05 03:20:29",11880,10348,1532,0,10348,0,0,0,0
S00000187100,2914997,"2026-01-05 03:20:33",990,863,127,0,863,0,0,0,0
S00000187284,2911986,"2026-01-01 04:37:48",14107,14107,0,0,14107,0,0,0,0
S00000187284,2911987,"2026-01-01 04:37:48",0,0,0,0,0,0,0,0,0
S00000187341,2910833,"2026-01-01 03:58:28",13365,13365,0,0,13365,0,0,0,0
S00000187341,2910834,"2026-01-01 03:58:28",0,0,0,0,0,0,0,0,0
S00000187445,2911254,"2026-01-01 04:12:45",13365,13365,0,0,13365,0,0,0,0
S00000187445,2911255,"2026-01-01 04:12:45",0,0,0,0,0,0,0,0,0
S00000187456,2910341,"2026-01-01 03:33:26",11880,11880,0,0,11880,0,0,0,0
S00000187590,2911982,"2026-01-01 04:37:41",14850,14850,0,0,14850,0,0,0,0
S00000187590,2911983,"2026-01-01 04:37:41",0,0,0,0,0,0,0,0,0
S00000187861,2911227,"2026-01-01 04:11:55",13365,13365,0,0,13365,0,0,0,0
S00000187861,2911228,"2026-01-01 04:11:56",0,0,0,0,0,0,0,0,0
S00000187885,2910222,"2026-01-01 03:27:36",13365,13365,0,0,13365,0,0,0,0
S00000187885,2910223,"2026-01-01 03:27:36",0,0,0,0,0,0,0,0,0
S00000187886,2909941,"2026-01-01 03:18:30",14107,14107,0,0,14107,0,0,0,0
S00000187886,2909942,"2026-01-01 03:18:31",0,0,0,0,0,0,0,0,0
S00000187920,2916282,"2026-01-06 03:16:25",990,831,159,0,831,0,0,0,0
S00000187923,2910759,"2026-01-01 03:56:01",13365,13365,0,0,13365,0,0,0,0
S00000187923,2910760,"2026-01-01 03:56:01",0,0,0,0,0,0,0,0,0
S00000187977,2914720,"2026-01-04 03:43:47",14107,12742,1365,0,12742,0,0,0,0
S00000187977,2914721,"2026-01-04 03:43:47",0,0,0,0,0,0,0,0,0
S00000188005,2911883,"2026-01-01 04:34:03",14107,14107,0,0,14107,0,0,0,0
S00000188005,2911884,"2026-01-01 04:34:03",0,0,0,0,0,0,0,0,0
S00000188334,2912310,"2026-01-02 08:25:37",11880,11497,383,0,11497,0,0,0,0
S00000188708,2911878,"2026-01-01 04:33:53",12622,12622,0,0,12622,0,0,0,0
S00000188708,2911879,"2026-01-01 04:33:53",0,0,0,0,0,0,0,0,0
S00000188884,2914988,"2026-01-05 03:19:57",990,863,127,0,863,0,0,0,0
S00000189012,2912387,"2026-01-02 08:30:04",11880,11497,383,0,11497,0,0,0,0
S00000189093,2911105,"2026-01-01 04:07:42",12622,12622,0,0,12622,0,0,0,0
S00000189093,2911106,"2026-01-01 04:07:42",0,0,0,0,0,0,0,0,0
S00000189148,2913222,"2026-01-03 03:19:20",11880,11114,766,0,11114,0,0,0,0
S00000189157,2910658,"2026-01-01 03:51:08",11880,11880,0,0,11880,0,0,0,0
S00000189157,2913211,"2026-01-03 03:18:45",990,927,63,0,927,0,0,0,0
S00000189226,2913210,"2026-01-03 03:18:42",11880,11114,766,0,11114,0,0,0,0
S00000189261,2914210,"2026-01-04 03:26:15",11880,10731,1149,0,10731,0,0,0,0
S00000189269,2916703,"2026-01-06 03:34:06",13365,11210,2155,0,11210,0,0,0,0
S00000189269,2916704,"2026-01-06 03:34:07",0,0,0,0,0,0,0,0,0
S00000189281,2916705,"2026-01-06 03:34:10",13365,11210,2155,0,11210,0,0,0,0
S00000189281,2916706,"2026-01-06 03:34:11",0,0,0,0,0,0,0,0,0
S00000189346,2914229,"2026-01-04 03:27:18",13365,12072,1293,0,12072,0,0,0,0
S00000189346,2914230,"2026-01-04 03:27:18",0,0,0,0,0,0,0,0,0
S00000189393,2915083,"2026-01-05 03:25:52",11880,10348,1532,0,10348,0,0,0,0
S00000189415,2916853,"2026-01-06 03:39:52",11880,9964,1916,0,9964,0,0,0,0
S00000189422,2916524,"2026-01-06 03:26:47",11880,9964,1916,0,9964,0,0,0,0
S00000189494,2916857,"2026-01-06 03:40:07",11880,9964,1916,0,9964,0,0,0,0
S00000189698,2915248,"2026-01-05 03:31:51",13365,11641,1724,0,11641,0,0,0,0
S00000189698,2915249,"2026-01-05 03:31:51",0,0,0,0,0,0,0,0,0
S00000189771,2914559,"2026-01-04 03:38:14",14107,12742,1365,0,12742,0,0,0,0
S00000189771,2914560,"2026-01-04 03:38:14",0,0,0,0,0,0,0,0,0
S00000189819,2913295,"2026-01-03 03:23:54",17820,16671,1149,0,16671,0,0,0,0
S00000189886,2914994,"2026-01-05 03:20:20",990,863,127,0,863,0,0,0,0
S00000189888,2910644,"2026-01-01 03:50:20",990,990,0,0,990,0,0,0,0
S00000190008,2911298,"2026-01-01 04:14:17",14107,14107,0,0,14107,0,0,0,0
S00000190008,2911299,"2026-01-01 04:14:17",0,0,0,0,0,0,0,0,0
S00000190077,2913216,"2026-01-03 03:19:01",11880,11114,766,0,11114,0,0,0,0
S00000190077,2913217,"2026-01-03 03:19:04",19800,18523,1277,0,18523,0,0,0,0
S00000190200,2912525,"2026-01-02 08:35:58",12622,12215,407,0,12215,0,0,0,0
S00000190200,2912526,"2026-01-02 08:35:58",0,0,0,0,0,0,0,0,0
S00000190248,2915136,"2026-01-05 03:27:57",13365,11641,1724,0,11641,0,0,0,0
S00000190248,2915137,"2026-01-05 03:27:57",0,0,0,0,0,0,0,0,0
S00000190336,2910591,"2026-01-01 03:47:12",11880,11880,0,0,11880,0,0,0,0
S00000190427,2916926,"2026-01-06 03:42:40",14107,0,14107,0,0,0,0,0,0
S00000190427,2916927,"2026-01-06 03:42:40",0,0,0,0,0,0,0,0,0
S00000190617,2912317,"2026-01-02 08:26:02",11880,11497,383,0,11497,0,0,0,0
S00000190629,2910312,"2026-01-01 03:31:34",11880,11880,0,0,11880,0,0,0,0
S00000190640,2911067,"2026-01-01 04:06:18",12622,12622,0,0,12622,0,0,0,0
S00000190640,2911068,"2026-01-01 04:06:18",0,0,0,0,0,0,0,0,0
S00000190641,2910333,"2026-01-01 03:32:52",11880,11880,0,0,11880,0,0,0,0
S00000190657,2910336,"2026-01-01 03:33:05",11880,11880,0,0,11880,0,0,0,0
S00000190791,2916934,"2026-01-06 03:42:55",14850,0,14850,0,0,0,0,0,0
S00000190791,2916935,"2026-01-06 03:42:55",0,0,0,0,0,0,0,0,0
S00000190805,2910234,"2026-01-01 03:27:57",12622,12622,0,0,12622,0,0,0,0
S00000190805,2910235,"2026-01-01 03:27:57",0,0,0,0,0,0,0,0,0
S00000191037,2914163,"2026-01-04 03:23:30",11880,10731,1149,0,10731,0,0,0,0
S00000191251,2916707,"2026-01-06 03:34:18",14107,11832,2275,0,11832,0,0,0,0
S00000191251,2916708,"2026-01-06 03:34:18",0,0,0,0,0,0,0,0,0
S00000191270,2914802,"2026-01-04 14:19:02",0,0,0,0,0,0,0,0,0
S00000191270,2914803,"2026-01-04 14:19:02",13365,12072,1293,0,12072,0,0,0,0
S00000191334,2910709,"2026-01-01 03:54:11",11880,11880,0,0,11880,0,0,0,0
S00000191505,2914864,"2026-01-04 21:23:48",0,0,0,0,0,0,0,0,0
S00000191505,2914865,"2026-01-04 21:23:48",14107,12742,1365,0,12742,0,0,0,0
S00000191510,2910525,"2026-01-01 03:43:09",11880,11880,0,0,11880,0,0,0,0
S00000191529,2912076,"2026-01-01 09:25:20",0,0,0,0,0,0,0,0,0
S00000191529,2912077,"2026-01-01 09:25:20",14107,14107,0,0,14107,0,0,0,0
S00000191567,2914991,"2026-01-05 03:20:09",990,863,127,0,863,0,0,0,0
S00000191678,2912324,"2026-01-02 08:26:23",11880,11497,383,0,11497,0,0,0,0
S00000191697,2910527,"2026-01-01 03:43:17",11880,11880,0,0,11880,0,0,0,0
S00000191738,2914989,"2026-01-05 03:20:01",11880,10348,1532,0,10348,0,0,0,0
S00000191756,2912296,"2026-01-02 08:24:41",11880,11497,383,0,11497,0,0,0,0
S00000191781,2912384,"2026-01-02 08:29:54",11880,11497,383,0,11497,0,0,0,0
S00000191781,2912385,"2026-01-02 08:29:56",990,959,31,0,959,0,0,0,0
S00000191819,2914344,"2026-01-04 03:31:08",11880,10731,1149,0,10731,0,0,0,0
S00000191843,2913220,"2026-01-03 03:19:12",11880,11114,766,0,11114,0,0,0,0
S00000191890,2911579,"2026-01-01 04:23:39",14107,14107,0,0,14107,0,0,0,0
S00000191890,2911580,"2026-01-01 04:23:39",0,0,0,0,0,0,0,0,0
S00000191914,2914103,"2026-01-04 03:19:57",11880,10731,1149,0,10731,0,0,0,0
S00000191918,2916525,"2026-01-06 03:26:51",11880,9964,1916,0,9964,0,0,0,0
S00000191987,2914092,"2026-01-04 03:19:10",11880,10731,1149,0,10731,0,0,0,0
S00000192412,2915553,"2026-01-05 06:05:32",0,0,0,0,0,0,0,0,0
S00000192412,2915554,"2026-01-05 06:05:32",7425,495,6930,0,495,0,0,0,0
S00000192479,2913306,"2026-01-03 03:24:36",11880,11114,766,0,11114,0,0,0,0
S00000192479,2913307,"2026-01-03 03:24:40",990,927,63,0,927,0,0,0,0
S00000192884,2910529,"2026-01-01 03:43:24",11880,11880,0,0,11880,0,0,0,0
S00000193070,2910665,"2026-01-01 03:51:33",11880,11880,0,0,11880,0,0,0,0
S00000193633,2912078,"2026-01-01 09:35:59",0,0,0,0,0,0,0,0,0
S00000193633,2912079,"2026-01-01 09:35:59",13365,13365,0,0,13365,0,0,0,0
S00000193646,2910694,"2026-01-01 03:53:21",11880,11880,0,0,11880,0,0,0,0
S00000193646,2910695,"2026-01-01 03:53:24",990,990,0,0,990,0,0,0,0
S00000193736,2910340,"2026-01-01 03:33:22",11880,11880,0,0,11880,0,0,0,0
S00000193844,2912504,"2026-01-02 08:35:17",13365,12934,431,0,12934,0,0,0,0
S00000193844,2912505,"2026-01-02 08:35:17",0,0,0,0,0,0,0,0,0
S00000193898,2910829,"2026-01-01 03:58:21",13365,13365,0,0,13365,0,0,0,0
S00000193898,2910830,"2026-01-01 03:58:21",0,0,0,0,0,0,0,0,0
S00000194148,2910577,"2026-01-01 03:46:19",11880,11880,0,0,11880,0,0,0,0
S00000194157,2910532,"2026-01-01 03:43:33",11880,11880,0,0,11880,0,0,0,0
S00000194275,2910533,"2026-01-01 03:43:37",11880,11880,0,0,11880,0,0,0,0
S00000194275,2910534,"2026-01-01 03:43:42",990,990,0,0,990,0,0,0,0
S00000194477,2915095,"2026-01-05 03:26:33",13365,11641,1724,0,11641,0,0,0,0
S00000194477,2915096,"2026-01-05 03:26:33",0,0,0,0,0,0,0,0,0
S00000194483,2914098,"2026-01-04 03:19:35",11880,10731,1149,0,10731,0,0,0,0
S00000194592,2910043,"2026-01-01 03:21:46",13365,13365,0,0,13365,0,0,0,0
S00000194592,2910044,"2026-01-01 03:21:46",0,0,0,0,0,0,0,0,0
S00000194631,2916509,"2026-01-06 03:26:17",13365,11210,2155,0,11210,0,0,0,0
S00000194631,2916510,"2026-01-06 03:26:17",0,0,0,0,0,0,0,0,0
S00000194658,2910899,"2026-01-01 04:00:32",13365,13365,0,0,13365,0,0,0,0
S00000194658,2910900,"2026-01-01 04:00:33",0,0,0,0,0,0,0,0,0
S00000194695,2911557,"2026-01-01 04:22:58",14850,14850,0,0,14850,0,0,0,0
S00000194695,2911558,"2026-01-01 04:22:58",0,0,0,0,0,0,0,0,0
S00000194741,2916540,"2026-01-06 03:27:28",13365,11210,2155,0,11210,0,0,0,0
S00000194741,2916541,"2026-01-06 03:27:28",0,0,0,0,0,0,0,0,0
S00000194755,2911489,"2026-01-01 04:20:39",13365,13365,0,0,13365,0,0,0,0
S00000194755,2911490,"2026-01-01 04:20:39",0,0,0,0,0,0,0,0,0
S00000194984,2916709,"2026-01-06 03:34:21",11880,9964,1916,0,9964,0,0,0,0
S00000195091,2914446,"2026-01-04 03:34:37",14107,12742,1365,0,12742,0,0,0,0
S00000195091,2914447,"2026-01-04 03:34:37",0,0,0,0,0,0,0,0,0
S00000195099,2910634,"2026-01-01 03:49:48",14107,14107,0,0,14107,0,0,0,0
S00000195099,2910635,"2026-01-01 03:49:48",0,0,0,0,0,0,0,0,0
S00000195258,2916467,"2026-01-06 03:24:33",13365,11210,2155,0,11210,0,0,0,0
S00000195258,2916468,"2026-01-06 03:24:33",0,0,0,0,0,0,0,0,0
S00000195335,2910538,"2026-01-01 03:43:56",11880,11880,0,0,11880,0,0,0,0
S00000195541,2914345,"2026-01-04 03:31:11",18232,16468,1764,0,16468,0,0,0,0
S00000195541,2914346,"2026-01-04 03:31:11",0,0,0,0,0,0,0,0,0
S00000195551,2911829,"2026-01-01 04:32:15",14850,14850,0,0,14850,0,0,0,0
S00000195551,2911830,"2026-01-01 04:32:15",0,0,0,0,0,0,0,0,0
S00000195565,2914682,"2026-01-04 03:42:29",19800,17884,1916,0,17884,0,0,0,0
S00000196037,2914123,"2026-01-04 03:21:08",11880,10731,1149,0,10731,0,0,0,0
S00000196086,2910537,"2026-01-01 03:43:54",11880,11880,0,0,11880,0,0,0,0
S00000196175,2914718,"2026-01-04 03:43:42",21450,19375,2075,0,19375,0,0,0,0
S00000196175,2914719,"2026-01-04 03:43:42",0,0,0,0,0,0,0,0,0
S00000196294,2916263,"2026-01-06 03:15:43",14107,11832,2275,0,11832,0,0,0,0
S00000196294,2916264,"2026-01-06 03:15:43",0,0,0,0,0,0,0,0,0
S00000196298,2910359,"2026-01-01 03:34:27",11880,11880,0,0,11880,0,0,0,0
S00000196339,2910542,"2026-01-01 03:44:10",11880,11880,0,0,11880,0,0,0,0
S00000196377,2912307,"2026-01-02 08:25:24",11880,11497,383,0,11497,0,0,0,0
S00000196398,2910540,"2026-01-01 03:44:04",11880,11880,0,0,11880,0,0,0,0
S00000196512,2910765,"2026-01-01 03:56:13",12622,12622,0,0,12622,0,0,0,0
S00000196512,2910766,"2026-01-01 03:56:13",0,0,0,0,0,0,0,0,0
S00000196554,2914428,"2026-01-04 03:34:01",13365,12072,1293,0,12072,0,0,0,0
S00000196554,2914429,"2026-01-04 03:34:01",0,0,0,0,0,0,0,0,0
S00000196569,2916710,"2026-01-06 03:34:25",14107,11832,2275,0,11832,0,0,0,0
S00000196569,2916711,"2026-01-06 03:34:25",0,0,0,0,0,0,0,0,0
S00000196620,2914930,"2026-01-05 03:16:49",11880,10348,1532,0,10348,0,0,0,0
S00000196666,2914097,"2026-01-04 03:19:31",11880,10731,1149,0,10731,0,0,0,0
S00000196707,2916010,"2026-01-05 15:40:34",0,0,0,0,0,0,0,0,0
S00000196707,2916011,"2026-01-05 15:40:34",7425,6467,958,0,6467,0,0,0,0
S00000196754,2915347,"2026-01-05 03:35:15",11880,10348,1532,0,10348,0,0,0,0
S00000197117,2916416,"2026-01-06 03:22:46",11880,9964,1916,0,9964,0,0,0,0
S00000197209,2915274,"2026-01-05 03:32:47",13365,11641,1724,0,11641,0,0,0,0
S00000197209,2915275,"2026-01-05 03:32:47",0,0,0,0,0,0,0,0,0
S00000197212,2913518,"2026-01-03 03:32:05",14107,13197,910,0,13197,0,0,0,0
S00000197212,2913519,"2026-01-03 03:32:05",0,0,0,0,0,0,0,0,0
S00000197539,2912213,"2026-01-02 08:20:14",11880,11497,383,0,11497,0,0,0,0
S00000197539,2912214,"2026-01-02 08:20:17",990,959,31,0,959,0,0,0,0
S00000197939,2914172,"2026-01-04 03:24:01",11880,10731,1149,0,10731,0,0,0,0
S00000197939,2914173,"2026-01-04 03:24:04",19800,17884,1916,0,17884,0,0,0,0
S00000198039,2912422,"2026-01-02 08:32:06",11880,11497,383,0,11497,0,0,0,0
S00000198159,2910544,"2026-01-01 03:44:18",11880,11880,0,0,11880,0,0,0,0
S00000198430,2912201,"2026-01-02 08:19:43",12622,12215,407,0,12215,0,0,0,0
S00000198430,2912202,"2026-01-02 08:19:43",0,0,0,0,0,0,0,0,0
S00000198579,2913227,"2026-01-03 03:19:39",11880,11114,766,0,11114,0,0,0,0
S00000198658,2911127,"2026-01-01 04:08:27",11880,11880,0,0,11880,0,0,0,0
S00000198658,2911128,"2026-01-01 04:08:30",19800,19800,0,0,19800,0,0,0,0
S00000198684,2913225,"2026-01-03 03:19:31",11880,11114,766,0,11114,0,0,0,0
S00000198693,2912459,"2026-01-02 08:33:37",11880,11497,383,0,11497,0,0,0,0
S00000198714,2916490,"2026-01-06 03:25:32",11880,9964,1916,0,9964,0,0,0,0
S00000198738,2912304,"2026-01-02 08:25:12",11880,11497,383,0,11497,0,0,0,0
S00000198763,2913226,"2026-01-03 03:19:35",11880,11114,766,0,11114,0,0,0,0
S00000198787,2912302,"2026-01-02 08:25:05",11880,11497,383,0,11497,0,0,0,0
S00000198816,2914695,"2026-01-04 03:42:55",14107,12742,1365,0,12742,0,0,0,0
S00000198816,2914696,"2026-01-04 03:42:55",0,0,0,0,0,0,0,0,0
S00000198816,2914697,"2026-01-04 03:42:58",19800,17884,1916,0,17884,0,0,0,0
S00000198827,2914998,"2026-01-05 03:20:37",11880,10348,1532,0,10348,0,0,0,0
S00000198940,2915528,"2026-01-05 03:41:29",13365,11641,1724,0,11641,0,0,0,0
S00000198940,2915529,"2026-01-05 03:41:29",0,0,0,0,0,0,0,0,0
S00000198974,2916411,"2026-01-06 03:22:34",11880,9964,1916,0,9964,0,0,0,0
S00000198989,2916368,"2026-01-06 03:20:57",19305,16192,3113,0,16192,0,0,0,0
S00000198989,2916369,"2026-01-06 03:20:57",0,0,0,0,0,0,0,0,0
S00000199034,2915046,"2026-01-05 03:23:35",11880,10348,1532,0,10348,0,0,0,0
S00000199165,2910550,"2026-01-01 03:44:41",17820,17820,0,0,17820,0,0,0,0
S00000199231,2912306,"2026-01-02 08:25:20",11880,11497,383,0,11497,0,0,0,0
S00000199243,2911194,"2026-01-01 04:10:44",12622,12622,0,0,12622,0,0,0,0
S00000199243,2911195,"2026-01-01 04:10:44",0,0,0,0,0,0,0,0,0
S00000199255,2913265,"2026-01-03 03:22:07",11880,11114,766,0,11114,0,0,0,0
S00000199255,2913266,"2026-01-03 03:22:10",990,927,63,0,927,0,0,0,0
S00000199259,2910567,"2026-01-01 03:45:44",11880,11880,0,0,11880,0,0,0,0
S00000199280,2912142,"2026-01-01 23:15:10",0,0,0,0,0,0,0,0,0
S00000199280,2912143,"2026-01-01 23:15:10",14107,14107,0,0,14107,0,0,0,0
S00000199337,2914730,"2026-01-04 03:44:07",14850,13413,1437,0,13413,0,0,0,0
S00000199337,2914731,"2026-01-04 03:44:08",0,0,0,0,0,0,0,0,0
S00000199337,2914732,"2026-01-04 03:44:10",19800,17884,1916,0,17884,0,0,0,0
S00000199726,2915808,"2026-01-05 11:38:26",0,0,0,0,0,0,0,0,0
S00000199726,2915809,"2026-01-05 11:38:26",7425,6467,958,0,6467,0,0,0,0
S00000199924,2914387,"2026-01-04 03:32:37",13365,12072,1293,0,12072,0,0,0,0
S00000199924,2914388,"2026-01-04 03:32:37",0,0,0,0,0,0,0,0,0
S00000200017,2910667,"2026-01-01 03:51:41",11880,11880,0,0,11880,0,0,0,0
S00000200219,2916712,"2026-01-06 03:34:27",12622,10587,2035,0,10587,0,0,0,0
S00000200219,2916713,"2026-01-06 03:34:27",0,0,0,0,0,0,0,0,0
S00000200295,2915229,"2026-01-05 03:31:10",13365,11641,1724,0,11641,0,0,0,0
S00000200295,2915230,"2026-01-05 03:31:10",0,0,0,0,0,0,0,0,0
S00000200378,2911341,"2026-01-01 04:15:43",13365,13365,0,0,13365,0,0,0,0
S00000200378,2911342,"2026-01-01 04:15:43",0,0,0,0,0,0,0,0,0
S00000200454,2912414,"2026-01-02 08:31:41",11880,11497,383,0,11497,0,0,0,0
S00000200514,2910610,"2026-01-01 03:48:19",11880,11880,0,0,11880,0,0,0,0
S00000200713,2912132,"2026-01-01 22:43:07",0,0,0,0,0,0,0,0,0
S00000200713,2912133,"2026-01-01 22:43:08",14107,14107,0,0,14107,0,0,0,0
S00000200975,2911439,"2026-01-01 04:18:59",13365,13365,0,0,13365,0,0,0,0
S00000200975,2911440,"2026-01-01 04:18:59",0,0,0,0,0,0,0,0,0
S00000201107,2910172,"2026-01-01 03:25:56",19800,19800,0,0,19800,0,0,0,0
S00000201181,2911139,"2026-01-01 04:08:53",13365,13365,0,0,13365,0,0,0,0
S00000201181,2911140,"2026-01-01 04:08:53",0,0,0,0,0,0,0,0,0
S00000201294,2912217,"2026-01-02 08:20:27",11880,11497,383,0,11497,0,0,0,0
S00000201307,2912044,"2026-01-01 04:39:50",13365,13365,0,0,13365,0,0,0,0
S00000201307,2912045,"2026-01-01 04:39:50",0,0,0,0,0,0,0,0,0
S00000201434,2912216,"2026-01-02 08:20:24",11880,11497,383,0,11497,0,0,0,0
S00000201442,2910608,"2026-01-01 03:48:12",11880,11880,0,0,11880,0,0,0,0
S00000201450,2910571,"2026-01-01 03:45:58",11880,11880,0,0,11880,0,0,0,0
S00000201450,2915002,"2026-01-05 03:20:52",990,863,127,0,863,0,0,0,0
S00000201452,2911419,"2026-01-01 04:18:13",13365,13365,0,0,13365,0,0,0,0
S00000201452,2911420,"2026-01-01 04:18:13",0,0,0,0,0,0,0,0,0
S00000201453,2914105,"2026-01-04 03:20:03",11880,10731,1149,0,10731,0,0,0,0
S00000201487,2914040,"2026-01-04 03:16:17",11880,10731,1149,0,10731,0,0,0,0
S00000201487,2914041,"2026-01-04 03:16:20",990,895,95,0,895,0,0,0,0
S00000201582,2914557,"2026-01-04 03:38:11",14850,13413,1437,0,13413,0,0,0,0
S00000201582,2914558,"2026-01-04 03:38:11",0,0,0,0,0,0,0,0,0
S00000201590,2916290,"2026-01-06 03:16:54",11880,9964,1916,0,9964,0,0,0,0
S00000201591,2916291,"2026-01-06 03:16:58",11880,9964,1916,0,9964,0,0,0,0
S00000201591,2916292,"2026-01-06 03:17:01",990,831,159,0,831,0,0,0,0
S00000201598,2916492,"2026-01-06 03:25:40",12622,10587,2035,0,10587,0,0,0,0
S00000201598,2916493,"2026-01-06 03:25:40",0,0,0,0,0,0,0,0,0
S00000201599,2913175,"2026-01-03 03:16:29",11880,11114,766,0,11114,0,0,0,0
S00000201647,2913231,"2026-01-03 03:19:58",990,927,63,0,927,0,0,0,0
S00000201647,2913918,"2026-01-03 04:59:07",11880,11114,766,0,11114,0,0,0,0
S00000201707,2913232,"2026-01-03 03:20:02",11880,11114,766,0,11114,0,0,0,0
S00000201707,2913233,"2026-01-03 03:20:05",990,927,63,0,927,0,0,0,0
S00000201762,2910003,"2026-01-01 03:20:30",12622,12622,0,0,12622,0,0,0,0
S00000201762,2910004,"2026-01-01 03:20:30",0,0,0,0,0,0,0,0,0
S00000201901,2913643,"2026-01-03 03:36:27",14107,13197,910,0,13197,0,0,0,0
S00000201901,2913644,"2026-01-03 03:36:27",0,0,0,0,0,0,0,0,0
S00000201943,2916221,"2026-01-05 23:24:37",0,0,0,0,0,0,0,0,0
S00000201943,2916222,"2026-01-05 23:24:37",7425,6467,958,0,6467,0,0,0,0
S00000202083,2910554,"2026-01-01 03:44:55",11880,11880,0,0,11880,0,0,0,0
S00000202083,2910555,"2026-01-01 03:44:58",990,990,0,0,990,0,0,0,0
S00000202241,2911655,"2026-01-01 04:26:17",14850,14850,0,0,14850,0,0,0,0
S00000202241,2911656,"2026-01-01 04:26:17",0,0,0,0,0,0,0,0,0
S00000202314,2912838,"2026-01-02 08:46:10",13365,12934,431,0,12934,0,0,0,0
S00000202314,2912839,"2026-01-02 08:46:10",0,0,0,0,0,0,0,0,0
S00000202315,2914304,"2026-01-04 03:29:52",12622,11401,1221,0,11401,0,0,0,0
S00000202315,2914305,"2026-01-04 03:29:52",0,0,0,0,0,0,0,0,0
S00000202735,2910659,"2026-01-01 03:51:11",11880,11880,0,0,11880,0,0,0,0
S00000202798,2910562,"2026-01-01 03:45:27",11880,11880,0,0,11880,0,0,0,0
S00000203111,2910553,"2026-01-01 03:44:50",11880,11880,0,0,11880,0,0,0,0
S00000203480,2914215,"2026-01-04 03:26:32",11880,10731,1149,0,10731,0,0,0,0
S00000203586,2912313,"2026-01-02 08:25:49",11880,11497,383,0,11497,0,0,0,0
S00000203586,2912314,"2026-01-02 08:25:52",990,959,31,0,959,0,0,0,0
S00000203619,2910702,"2026-01-01 03:53:47",11880,11880,0,0,11880,0,0,0,0
S00000203643,2912311,"2026-01-02 08:25:42",11880,11497,383,0,11497,0,0,0,0
S00000203682,2913234,"2026-01-03 03:20:09",11880,11114,766,0,11114,0,0,0,0
S00000203702,2910715,"2026-01-01 03:54:25",13365,13365,0,0,13365,0,0,0,0
S00000203702,2910716,"2026-01-01 03:54:25",0,0,0,0,0,0,0,0,0
S00000203741,2914125,"2026-01-04 03:21:16",11880,10731,1149,0,10731,0,0,0,0
S00000203793,2912357,"2026-01-02 08:28:23",11880,11497,383,0,11497,0,0,0,0
S00000203793,2912358,"2026-01-02 08:28:27",990,959,31,0,959,0,0,0,0
S00000203801,2915012,"2026-01-05 03:21:30",11880,10348,1532,0,10348,0,0,0,0
S00000203827,2912315,"2026-01-02 08:25:56",17820,17246,574,0,17246,0,0,0,0
S00000203827,2912316,"2026-01-02 08:25:58",990,959,31,0,959,0,0,0,0
S00000203860,2911700,"2026-01-01 04:27:53",14107,14107,0,0,14107,0,0,0,0
S00000203860,2911701,"2026-01-01 04:27:53",0,0,0,0,0,0,0,0,0
S00000203941,2914107,"2026-01-04 03:20:11",11880,10731,1149,0,10731,0,0,0,0
S00000203941,2914108,"2026-01-04 03:20:14",990,895,95,0,895,0,0,0,0
S00000203951,2913244,"2026-01-03 03:20:51",11880,11114,766,0,11114,0,0,0,0
S00000204015,2915008,"2026-01-05 03:21:15",11880,10348,1532,0,10348,0,0,0,0
S00000204015,2915009,"2026-01-05 03:21:18",990,863,127,0,863,0,0,0,0
S00000204034,2915007,"2026-01-05 03:21:11",11880,10348,1532,0,10348,0,0,0,0
S00000204288,2912428,"2026-01-02 08:32:27",11880,11497,383,0,11497,0,0,0,0
S00000204288,2912429,"2026-01-02 08:32:30",990,959,31,0,959,0,0,0,0
S00000204453,2916924,"2026-01-06 03:42:36",12622,10587,2035,0,10587,0,0,0,0
S00000204453,2916925,"2026-01-06 03:42:36",0,0,0,0,0,0,0,0,0
S00000204817,2911029,"2026-01-01 04:05:00",19305,19305,0,0,19305,0,0,0,0
S00000204817,2911030,"2026-01-01 04:05:00",0,0,0,0,0,0,0,0,0
S00000204856,2915276,"2026-01-05 03:32:51",19800,17246,2554,0,17246,0,0,0,0
S00000204911,2910835,"2026-01-01 03:58:30",13365,13365,0,0,13365,0,0,0,0
S00000204911,2910836,"2026-01-01 03:58:30",0,0,0,0,0,0,0,0,0
S00000204978,2910281,"2026-01-01 03:29:41",17820,17820,0,0,17820,0,0,0,0
S00000205286,2914752,"2026-01-04 09:56:01",0,0,0,0,0,0,0,0,0
S00000205286,2914753,"2026-01-04 09:56:01",14107,12742,1365,0,12742,0,0,0,0
S00000205423,2910679,"2026-01-01 03:52:25",11880,11880,0,0,11880,0,0,0,0
S00000205470,2913356,"2026-01-03 03:26:40",11880,11114,766,0,11114,0,0,0,0
S00000205521,2910588,"2026-01-01 03:47:00",11880,11880,0,0,11880,0,0,0,0
S00000205560,2913235,"2026-01-03 03:20:13",11880,11114,766,0,11114,0,0,0,0
S00000205560,2913236,"2026-01-03 03:20:20",990,927,63,0,927,0,0,0,0
S00000205660,2913241,"2026-01-03 03:20:39",11880,11114,766,0,11114,0,0,0,0
S00000205760,2916042,"2026-01-05 17:14:27",0,0,0,0,0,0,0,0,0
S00000205760,2916043,"2026-01-05 17:14:27",7425,6467,958,0,6467,0,0,0,0
S00000205768,2910686,"2026-01-01 03:52:51",11880,11880,0,0,11880,0,0,0,0
S00000205835,2912197,"2026-01-02 08:19:36",19305,18683,622,0,18683,0,0,0,0
S00000205835,2912198,"2026-01-02 08:19:36",0,0,0,0,0,0,0,0,0
S00000205860,2912325,"2026-01-02 08:26:26",990,959,31,0,959,0,0,0,0
S00000205876,2913394,"2026-01-03 03:27:54",12622,11808,814,0,11808,0,0,0,0
S00000205876,2913395,"2026-01-03 03:27:54",0,0,0,0,0,0,0,0,0
S00000205893,2915020,"2026-01-05 03:21:54",11880,10348,1532,0,10348,0,0,0,0
S00000205936,2910242,"2026-01-01 03:28:13",13365,13365,0,0,13365,0,0,0,0
S00000205936,2910243,"2026-01-01 03:28:13",0,0,0,0,0,0,0,0,0
S00000206010,2915021,"2026-01-05 03:21:58",11880,10348,1532,0,10348,0,0,0,0
S00000206080,2912603,"2026-01-02 08:38:43",13365,12934,431,0,12934,0,0,0,0
S00000206080,2912604,"2026-01-02 08:38:43",0,0,0,0,0,0,0,0,0
S00000206097,2913948,"2026-01-03 12:34:47",0,0,0,0,0,0,0,0,0
S00000206097,2913949,"2026-01-03 12:34:47",13365,12503,862,0,12503,0,0,0,0
S00000206190,2910565,"2026-01-01 03:45:38",11880,11880,0,0,11880,0,0,0,0
S00000206190,2910566,"2026-01-01 03:45:40",990,990,0,0,990,0,0,0,0
S00000206257,2911669,"2026-01-01 04:26:51",14107,14107,0,0,14107,0,0,0,0
S00000206257,2911670,"2026-01-01 04:26:51",0,0,0,0,0,0,0,0,0
S00000206287,2913240,"2026-01-03 03:20:35",11880,11114,766,0,11114,0,0,0,0
S00000206346,2913322,"2026-01-03 03:25:23",12622,11808,814,0,11808,0,0,0,0
S00000206346,2913323,"2026-01-03 03:25:23",0,0,0,0,0,0,0,0,0
S00000206454,2910342,"2026-01-01 03:33:30",11880,11880,0,0,11880,0,0,0,0
S00000206459,2912323,"2026-01-02 08:26:19",11880,11497,383,0,11497,0,0,0,0
S00000206534,2914290,"2026-01-04 03:29:26",12622,11401,1221,0,11401,0,0,0,0
S00000206534,2914291,"2026-01-04 03:29:26",0,0,0,0,0,0,0,0,0
S00000206539,2910337,"2026-01-01 03:33:08",11880,11880,0,0,11880,0,0,0,0
S00000206556,2915053,"2026-01-05 03:24:00",11880,10348,1532,0,10348,0,0,0,0
S00000206563,2913243,"2026-01-03 03:20:46",11880,11114,766,0,11114,0,0,0,0
S00000206567,2913304,"2026-01-03 03:24:28",11880,11114,766,0,11114,0,0,0,0
S00000206600,2915018,"2026-01-05 03:21:48",11880,10348,1532,0,10348,0,0,0,0
S00000206600,2915019,"2026-01-05 03:21:51",990,863,127,0,863,0,0,0,0
S00000206654,2910561,"2026-01-01 03:45:23",11880,11880,0,0,11880,0,0,0,0
S00000206669,2910563,"2026-01-01 03:45:31",11880,11880,0,0,11880,0,0,0,0
S00000206682,2912321,"2026-01-02 08:26:14",11880,11497,383,0,11497,0,0,0,0
S00000206682,2912322,"2026-01-02 08:26:17",19800,19162,638,0,19162,0,0,0,0
S00000206716,2915022,"2026-01-05 03:22:01",11880,10348,1532,0,10348,0,0,0,0
S00000206726,2913315,"2026-01-03 03:25:08",11880,11114,766,0,11114,0,0,0,0
S00000206763,2914113,"2026-01-04 03:20:32",11880,10731,1149,0,10731,0,0,0,0
S00000206833,2914110,"2026-01-04 03:20:21",11880,10731,1149,0,10731,0,0,0,0
S00000207019,2912205,"2026-01-02 08:19:49",12622,12215,407,0,12215,0,0,0,0
S00000207019,2912206,"2026-01-02 08:19:49",0,0,0,0,0,0,0,0,0
S00000207052,2913533,"2026-01-03 03:32:35",13365,12503,862,0,12503,0,0,0,0
S00000207052,2913534,"2026-01-03 03:32:35",0,0,0,0,0,0,0,0,0
S00000207078,2916715,"2026-01-06 03:34:33",13365,11210,2155,0,11210,0,0,0,0
S00000207078,2916716,"2026-01-06 03:34:33",0,0,0,0,0,0,0,0,0
S00000207278,2916717,"2026-01-06 03:34:37",19800,16607,3193,0,16607,0,0,0,0
S00000207756,2911051,"2026-01-01 04:05:44",12622,12622,0,0,12622,0,0,0,0
S00000207756,2911052,"2026-01-01 04:05:44",0,0,0,0,0,0,0,0,0
S00000207912,2914704,"2026-01-04 03:43:12",14107,12742,1365,0,12742,0,0,0,0
S00000207912,2914705,"2026-01-04 03:43:12",0,0,0,0,0,0,0,0,0
S00000207988,2911112,"2026-01-01 04:07:57",13365,13365,0,0,13365,0,0,0,0
S00000207988,2911113,"2026-01-01 04:07:57",0,0,0,0,0,0,0,0,0
S00000208112,2910672,"2026-01-01 03:52:00",11880,11880,0,0,11880,0,0,0,0
S00000208121,2910573,"2026-01-01 03:46:05",17820,17820,0,0,17820,0,0,0,0
S00000208255,2911312,"2026-01-01 04:14:45",19800,19800,0,0,19800,0,0,0,0
S00000208501,2912436,"2026-01-02 08:32:49",13365,12934,431,0,12934,0,0,0,0
S00000208501,2912437,"2026-01-02 08:32:49",0,0,0,0,0,0,0,0,0
S00000208747,2915028,"2026-01-05 03:22:23",11880,10348,1532,0,10348,0,0,0,0
S00000208802,2915031,"2026-01-05 03:22:35",17820,15521,2299,0,15521,0,0,0,0
S00000208802,2915032,"2026-01-05 03:22:38",990,863,127,0,863,0,0,0,0
S00000208839,2910574,"2026-01-01 03:46:08",11880,11880,0,0,11880,0,0,0,0
S00000209083,2914121,"2026-01-04 03:21:01",990,895,95,0,895,0,0,0,0
S00000209147,2910346,"2026-01-01 03:33:42",11880,11880,0,0,11880,0,0,0,0
S00000209207,2912328,"2026-01-02 08:26:37",990,959,31,0,959,0,0,0,0
S00000209345,2911061,"2026-01-01 04:06:03",13365,13365,0,0,13365,0,0,0,0
S00000209345,2911062,"2026-01-01 04:06:03",0,0,0,0,0,0,0,0,0
S00000209507,2912329,"2026-01-02 08:26:40",11880,11497,383,0,11497,0,0,0,0
S00000209522,2912326,"2026-01-02 08:26:30",11880,11497,383,0,11497,0,0,0,0
S00000209542,2910569,"2026-01-01 03:45:52",11880,11880,0,0,11880,0,0,0,0
S00000209542,2910576,"2026-01-01 03:46:15",990,990,0,0,990,0,0,0,0
S00000209545,2913738,"2026-01-03 03:39:43",13365,12503,862,0,12503,0,0,0,0
S00000209545,2913739,"2026-01-03 03:39:43",0,0,0,0,0,0,0,0,0
S00000209570,2911204,"2026-01-01 04:11:07",19800,19800,0,0,19800,0,0,0,0
S00000209570,2912332,"2026-01-02 08:26:46",11880,11497,383,0,11497,0,0,0,0
S00000209570,2912333,"2026-01-02 08:26:50",990,959,31,0,959,0,0,0,0
S00000209655,2913316,"2026-01-03 03:25:12",13365,12503,862,0,12503,0,0,0,0
S00000209655,2913317,"2026-01-03 03:25:12",0,0,0,0,0,0,0,0,0
S00000209661,2910575,"2026-01-01 03:46:12",11880,11880,0,0,11880,0,0,0,0
S00000209662,2914268,"2026-01-04 03:28:41",13365,12072,1293,0,12072,0,0,0,0
S00000209662,2914269,"2026-01-04 03:28:41",0,0,0,0,0,0,0,0,0
S00000209681,2913245,"2026-01-03 03:20:54",11880,11114,766,0,11114,0,0,0,0
S00000209681,2913246,"2026-01-03 03:20:56",990,927,63,0,927,0,0,0,0
S00000209682,2913249,"2026-01-03 03:21:07",11880,11114,766,0,11114,0,0,0,0
S00000209760,2912334,"2026-01-02 08:26:54",11880,11497,383,0,11497,0,0,0,0
S00000209760,2912335,"2026-01-02 08:26:57",990,959,31,0,959,0,0,0,0
S00000209892,2914908,"2026-01-05 03:15:54",13365,11641,1724,0,11641,0,0,0,0
S00000209892,2914909,"2026-01-05 03:15:54",0,0,0,0,0,0,0,0,0
S00000209933,2912336,"2026-01-02 08:27:01",990,959,31,0,959,0,0,0,0
S00000209992,2914916,"2026-01-05 03:16:10",13365,11641,1724,0,11641,0,0,0,0
S00000209992,2914917,"2026-01-05 03:16:10",0,0,0,0,0,0,0,0,0
S00000209992,2914918,"2026-01-05 03:16:14",19800,17246,2554,0,17246,0,0,0,0
S00000210105,2913809,"2026-01-03 03:42:13",14850,13892,958,0,13892,0,0,0,0
S00000210105,2913810,"2026-01-03 03:42:13",0,0,0,0,0,0,0,0,0
S00000210397,2915946,"2026-01-05 12:23:28",0,0,0,0,0,0,0,0,0
S00000210397,2915947,"2026-01-05 12:23:28",7425,6467,958,0,6467,0,0,0,0
S00000210654,2910306,"2026-01-01 03:31:13",11880,11880,0,0,11880,0,0,0,0
S00000210673,2910307,"2026-01-01 03:31:16",11880,11880,0,0,11880,0,0,0,0
S00000210685,2910308,"2026-01-01 03:31:19",11880,11880,0,0,11880,0,0,0,0
S00000210685,2910309,"2026-01-01 03:31:22",990,990,0,0,990,0,0,0,0
S00000210806,2915314,"2026-01-05 03:34:03",13365,0,13365,0,0,0,0,0,0
S00000210806,2915315,"2026-01-05 03:34:03",0,0,0,0,0,0,0,0,0
S00000210832,2913905,"2026-01-03 03:45:21",13365,12503,862,0,12503,0,0,0,0
S00000210832,2913906,"2026-01-03 03:45:21",0,0,0,0,0,0,0,0,0
S00000210941,2911023,"2026-01-01 04:04:46",11880,11880,0,0,11880,0,0,0,0
S00000210943,2910310,"2026-01-01 03:31:25",11880,11880,0,0,11880,0,0,0,0
S00000211302,2910584,"2026-01-01 03:46:46",11880,11880,0,0,11880,0,0,0,0
S00000211558,2912052,"2026-01-01 04:40:03",14107,14107,0,0,14107,0,0,0,0
S00000211558,2912053,"2026-01-01 04:40:03",0,0,0,0,0,0,0,0,0
S00000211699,2913286,"2026-01-03 03:23:24",11880,11114,766,0,11114,0,0,0,0
S00000211747,2910580,"2026-01-01 03:46:31",11880,11880,0,0,11880,0,0,0,0
S00000211763,2916875,"2026-01-06 03:40:54",12622,10587,2035,0,10587,0,0,0,0
S00000211763,2916876,"2026-01-06 03:40:54",0,0,0,0,0,0,0,0,0
S00000211871,2910711,"2026-01-01 03:54:17",12622,12622,0,0,12622,0,0,0,0
S00000211871,2910712,"2026-01-01 03:54:17",0,0,0,0,0,0,0,0,0
S00000211884,2912478,"2026-01-02 08:34:20",11880,11497,383,0,11497,0,0,0,0
S00000211896,2916718,"2026-01-06 03:34:40",13365,11210,2155,0,11210,0,0,0,0
S00000211896,2916719,"2026-01-06 03:34:40",0,0,0,0,0,0,0,0,0
S00000211914,2915027,"2026-01-05 03:22:19",11880,10348,1532,0,10348,0,0,0,0
S00000211932,2911979,"2026-01-01 04:37:33",14107,14107,0,0,14107,0,0,0,0
S00000211932,2911980,"2026-01-01 04:37:33",0,0,0,0,0,0,0,0,0
S00000211980,2910697,"2026-01-01 03:53:32",11880,11880,0,0,11880,0,0,0,0
S00000211998,2910621,"2026-01-01 03:48:56",11880,11880,0,0,11880,0,0,0,0
S00000212065,2913283,"2026-01-03 03:23:14",11880,11114,766,0,11114,0,0,0,0
S00000212069,2911890,"2026-01-01 04:34:21",13365,13365,0,0,13365,0,0,0,0
S00000212069,2911891,"2026-01-01 04:34:22",0,0,0,0,0,0,0,0,0
S00000212080,2915120,"2026-01-05 03:27:24",13365,11641,1724,0,11641,0,0,0,0
S00000212080,2915121,"2026-01-05 03:27:24",0,0,0,0,0,0,0,0,0
S00000212123,2914243,"2026-01-04 03:27:47",12622,11401,1221,0,11401,0,0,0,0
S00000212123,2914244,"2026-01-04 03:27:47",0,0,0,0,0,0,0,0,0
S00000212138,2916882,"2026-01-06 03:41:11",14107,11832,2275,0,11832,0,0,0,0
S00000212138,2916883,"2026-01-06 03:41:11",0,0,0,0,0,0,0,0,0
S00000212153,2910585,"2026-01-01 03:46:50",11880,11880,0,0,11880,0,0,0,0
S00000212170,2912690,"2026-01-02 08:41:37",12622,12215,407,0,12215,0,0,0,0
S00000212170,2912691,"2026-01-02 08:41:37",0,0,0,0,0,0,0,0,0
S00000212173,2916720,"2026-01-06 03:34:45",11880,9964,1916,0,9964,0,0,0,0
S00000212173,2916721,"2026-01-06 03:34:49",990,831,159,0,831,0,0,0,0
S00000212175,2910673,"2026-01-01 03:52:04",11880,11880,0,0,11880,0,0,0,0
S00000212191,2911047,"2026-01-01 04:05:36",12622,12622,0,0,12622,0,0,0,0
S00000212191,2911048,"2026-01-01 04:05:36",0,0,0,0,0,0,0,0,0
S00000212209,2910692,"2026-01-01 03:53:13",990,990,0,0,990,0,0,0,0
S00000212245,2910581,"2026-01-01 03:46:35",11880,11880,0,0,11880,0,0,0,0
S00000212245,2910582,"2026-01-01 03:46:38",990,990,0,0,990,0,0,0,0
S00000212266,2913252,"2026-01-03 03:21:19",11880,11114,766,0,11114,0,0,0,0
S00000212281,2912397,"2026-01-02 08:30:42",11880,11497,383,0,11497,0,0,0,0
S00000212314,2915474,"2026-01-05 03:39:43",14107,12287,1820,0,12287,0,0,0,0
S00000212314,2915475,"2026-01-05 03:39:43",0,0,0,0,0,0,0,0,0
S00000212322,2910579,"2026-01-01 03:46:26",11880,11880,0,0,11880,0,0,0,0
S00000212325,2910825,"2026-01-01 03:58:14",13365,13365,0,0,13365,0,0,0,0
S00000212325,2910826,"2026-01-01 03:58:14",0,0,0,0,0,0,0,0,0
S00000212358,2911724,"2026-01-01 04:28:46",14850,14850,0,0,14850,0,0,0,0
S00000212358,2911725,"2026-01-01 04:28:46",0,0,0,0,0,0,0,0,0
S00000212370,2912339,"2026-01-02 08:27:12",11880,11497,383,0,11497,0,0,0,0
S00000212374,2912349,"2026-01-02 08:27:49",990,959,31,0,959,0,0,0,0
S00000212378,2914119,"2026-01-04 03:20:54",11880,10731,1149,0,10731,0,0,0,0
S00000212385,2915543,"2026-01-05 03:41:59",13365,11641,1724,0,11641,0,0,0,0
S00000212385,2915544,"2026-01-05 03:42:00",0,0,0,0,0,0,0,0,0
S00000212389,2913014,"2026-01-02 08:52:15",14107,13652,455,0,13652,0,0,0,0
S00000212389,2913015,"2026-01-02 08:52:15",0,0,0,0,0,0,0,0,0
S00000212434,2914124,"2026-01-04 03:21:12",11880,10731,1149,0,10731,0,0,0,0
S00000212490,2912340,"2026-01-02 08:27:16",11880,11497,383,0,11497,0,0,0,0
S00000212562,2913253,"2026-01-03 03:21:24",11880,11114,766,0,11114,0,0,0,0
S00000212584,2912337,"2026-01-02 08:27:06",11880,11497,383,0,11497,0,0,0,0
S00000212617,2913807,"2026-01-03 03:42:09",28215,26395,1820,0,26395,0,0,0,0
S00000212617,2913808,"2026-01-03 03:42:09",0,0,0,0,0,0,0,0,0
S00000212645,2915163,"2026-01-05 03:28:57",11880,10348,1532,0,10348,0,0,0,0
S00000212670,2914116,"2026-01-04 03:20:43",11880,10731,1149,0,10731,0,0,0,0
S00000212670,2914118,"2026-01-04 03:20:50",990,895,95,0,895,0,0,0,0
S00000212671,2911479,"2026-01-01 04:20:19",13365,13365,0,0,13365,0,0,0,0
S00000212671,2911480,"2026-01-01 04:20:19",0,0,0,0,0,0,0,0,0
S00000212695,2916722,"2026-01-06 03:34:53",11880,9964,1916,0,9964,0,0,0,0
S00000212806,2915025,"2026-01-05 03:22:12",11880,10348,1532,0,10348,0,0,0,0
S00000212806,2915026,"2026-01-05 03:22:15",990,863,127,0,863,0,0,0,0
S00000212991,2910296,"2026-01-01 03:30:36",11880,11880,0,0,11880,0,0,0,0
S00000212996,2910297,"2026-01-01 03:30:40",11880,11880,0,0,11880,0,0,0,0
S00000213000,2910298,"2026-01-01 03:30:44",11880,11880,0,0,11880,0,0,0,0
S00000213001,2914167,"2026-01-04 03:23:44",11880,10731,1149,0,10731,0,0,0,0
S00000213114,2912401,"2026-01-02 08:30:57",19800,19162,638,0,19162,0,0,0,0
S00000213282,2911575,"2026-01-01 04:23:32",13365,13365,0,0,13365,0,0,0,0
S00000213282,2911576,"2026-01-01 04:23:32",0,0,0,0,0,0,0,0,0
S00000213321,2912444,"2026-01-02 08:33:08",13365,12934,431,0,12934,0,0,0,0
S00000213321,2912445,"2026-01-02 08:33:08",0,0,0,0,0,0,0,0,0
S00000213366,2910703,"2026-01-01 03:53:51",11880,11880,0,0,11880,0,0,0,0
S00000213366,2910704,"2026-01-01 03:53:54",990,990,0,0,990,0,0,0,0
S00000213423,2913916,"2026-01-03 03:46:25",0,0,0,0,0,0,0,0,0
S00000213423,2913917,"2026-01-03 03:46:26",13365,12503,862,0,12503,0,0,0,0
S00000213521,2910304,"2026-01-01 03:31:06",11880,11880,0,0,11880,0,0,0,0
S00000213663,2912727,"2026-01-02 08:42:34",12622,12215,407,0,12215,0,0,0,0
S00000213663,2912728,"2026-01-02 08:42:34",0,0,0,0,0,0,0,0,0
S00000213983,2912348,"2026-01-02 08:27:46",11880,11497,383,0,11497,0,0,0,0
S00000214019,2916723,"2026-01-06 03:34:57",19305,16192,3113,0,16192,0,0,0,0
S00000214019,2916724,"2026-01-06 03:34:57",0,0,0,0,0,0,0,0,0
S00000214056,2910842,"2026-01-01 03:58:47",13365,13365,0,0,13365,0,0,0,0
S00000214056,2910843,"2026-01-01 03:58:47",0,0,0,0,0,0,0,0,0
S00000214057,2910294,"2026-01-01 03:30:28",11880,11880,0,0,11880,0,0,0,0
S00000214075,2916030,"2026-01-05 16:34:47",0,0,0,0,0,0,0,0,0
S00000214075,2916031,"2026-01-05 16:34:47",7425,6467,958,0,6467,0,0,0,0
S00000214310,2911404,"2026-01-01 04:17:45",13365,13365,0,0,13365,0,0,0,0
S00000214310,2911405,"2026-01-01 04:17:45",0,0,0,0,0,0,0,0,0
S00000214522,2912775,"2026-01-02 08:44:07",13365,12934,431,0,12934,0,0,0,0
S00000214522,2912776,"2026-01-02 08:44:07",0,0,0,0,0,0,0,0,0
S00000214525,2914663,"2026-01-04 03:41:50",14850,13413,1437,0,13413,0,0,0,0
S00000214525,2914664,"2026-01-04 03:41:50",0,0,0,0,0,0,0,0,0
S00000214563,2914740,"2026-01-04 07:42:16",0,0,0,0,0,0,0,0,0
S00000214563,2914741,"2026-01-04 07:42:16",13365,12072,1293,0,12072,0,0,0,0
S00000214592,2913272,"2026-01-03 03:22:33",11880,11114,766,0,11114,0,0,0,0
S00000214657,2913168,"2026-01-03 03:16:08",13365,12503,862,0,12503,0,0,0,0
S00000214657,2913169,"2026-01-03 03:16:08",0,0,0,0,0,0,0,0,0
S00000214710,2911066,"2026-01-01 04:06:13",990,990,0,0,990,0,0,0,0
S00000214773,2903127,"2026-01-01 03:16:28",13365,13365,0,0,13365,0,0,0,0
S00000214773,2909898,"2026-01-01 03:16:28",0,0,0,0,0,0,0,0,0
S00000214811,2910300,"2026-01-01 03:30:52",11880,11880,0,0,11880,0,0,0,0
S00000214831,2913062,"2026-01-02 11:41:38",0,0,0,0,0,0,0,0,0
S00000214831,2913063,"2026-01-02 11:41:38",13365,12934,431,0,12934,0,0,0,0
S00000214835,2904179,"2026-01-01 03:16:31",13365,13365,0,0,13365,0,0,0,0
S00000214835,2909899,"2026-01-01 03:16:31",0,0,0,0,0,0,0,0,0
S00000214837,2910177,"2026-01-01 03:26:08",12622,12622,0,0,12622,0,0,0,0
S00000214837,2910178,"2026-01-01 03:26:08",0,0,0,0,0,0,0,0,0
S00000214858,2909521,"2026-01-01 03:16:35",7425,7425,0,0,7425,0,0,0,0
S00000214858,2909900,"2026-01-01 03:16:35",0,0,0,0,0,0,0,0,0
S00000214948,2916383,"2026-01-06 03:21:28",13365,11210,2155,0,11210,0,0,0,0
S00000214948,2916384,"2026-01-06 03:21:28",0,0,0,0,0,0,0,0,0
S00000215026,2916725,"2026-01-06 03:35:01",11880,9964,1916,0,9964,0,0,0,0
S00000215028,2870749,"2026-01-02 08:46:56",14850,14371,479,0,14371,0,0,0,0
S00000215028,2912861,"2026-01-02 08:46:56",0,0,0,0,0,0,0,0,0
S00000215090,2913512,"2026-01-03 03:31:51",13365,12503,862,0,12503,0,0,0,0
S00000215090,2913513,"2026-01-03 03:31:51",0,0,0,0,0,0,0,0,0
S00000215149,2910343,"2026-01-01 03:33:33",11880,11880,0,0,11880,0,0,0,0
S00000215192,2915116,"2026-01-05 03:27:16",12622,10994,1628,0,10994,0,0,0,0
S00000215192,2915117,"2026-01-05 03:27:16",0,0,0,0,0,0,0,0,0
S00000215308,2914927,"2026-01-05 03:16:38",11880,10348,1532,0,10348,0,0,0,0
S00000215339,2915200,"2026-01-05 03:30:11",13365,11641,1724,0,11641,0,0,0,0
S00000215339,2915201,"2026-01-05 03:30:11",0,0,0,0,0,0,0,0,0
S00000215339,2915202,"2026-01-05 03:30:15",19800,17246,2554,0,17246,0,0,0,0
S00000215464,2913256,"2026-01-03 03:21:37",11880,11114,766,0,11114,0,0,0,0
S00000215473,2915103,"2026-01-05 03:26:48",12622,10994,1628,0,10994,0,0,0,0
S00000215473,2915104,"2026-01-05 03:26:48",0,0,0,0,0,0,0,0,0
S00000215474,2915588,"2026-01-05 10:22:58",0,0,0,0,0,0,0,0,0
S00000215474,2915589,"2026-01-05 10:22:58",13365,11641,1724,0,11641,0,0,0,0
S00000215560,2912930,"2026-01-02 08:49:21",14107,13652,455,0,13652,0,0,0,0
S00000215560,2912931,"2026-01-02 08:49:21",0,0,0,0,0,0,0,0,0
S00000215597,2912342,"2026-01-02 08:27:23",11880,11497,383,0,11497,0,0,0,0
S00000215668,2912347,"2026-01-02 08:27:42",11880,11497,383,0,11497,0,0,0,0
S00000215669,2912343,"2026-01-02 08:27:27",11880,11497,383,0,11497,0,0,0,0
S00000215669,2912344,"2026-01-02 08:27:31",990,959,31,0,959,0,0,0,0
S00000215736,2912346,"2026-01-02 08:27:38",11880,11497,383,0,11497,0,0,0,0
S00000215768,2913508,"2026-01-03 03:31:43",13365,12503,862,0,12503,0,0,0,0
S00000215768,2913509,"2026-01-03 03:31:43",0,0,0,0,0,0,0,0,0
S00000215804,2913281,"2026-01-03 03:23:05",11880,11114,766,0,11114,0,0,0,0
S00000215823,2914127,"2026-01-04 03:21:23",11880,10731,1149,0,10731,0,0,0,0
S00000215826,2914126,"2026-01-04 03:21:19",11880,10731,1149,0,10731,0,0,0,0
S00000215887,2916727,"2026-01-06 03:35:10",11880,9964,1916,0,9964,0,0,0,0
S00000215887,2916728,"2026-01-06 03:35:14",990,831,159,0,831,0,0,0,0
S00000215895,2915132,"2026-01-05 03:27:48",12622,10994,1628,0,10994,0,0,0,0
S00000215895,2915133,"2026-01-05 03:27:48",0,0,0,0,0,0,0,0,0
S00000215919,2916380,"2026-01-06 03:21:20",11880,9964,1916,0,9964,0,0,0,0
S00000215919,2916923,"2026-01-06 03:42:32",990,831,159,0,831,0,0,0,0
S00000215926,2910681,"2026-01-01 03:52:33",11880,11880,0,0,11880,0,0,0,0
S00000215948,2914129,"2026-01-04 03:21:32",11880,10731,1149,0,10731,0,0,0,0
S00000215948,2914130,"2026-01-04 03:21:35",990,895,95,0,895,0,0,0,0
S00000215964,2915029,"2026-01-05 03:22:28",11880,10348,1532,0,10348,0,0,0,0
S00000215964,2915030,"2026-01-05 03:22:32",990,863,127,0,863,0,0,0,0
S00000216058,2910670,"2026-01-01 03:51:52",11880,11880,0,0,11880,0,0,0,0
S00000216175,2916417,"2026-01-06 03:22:49",11880,9964,1916,0,9964,0,0,0,0
S00000216419,2915596,"2026-01-05 11:16:04",0,0,0,0,0,0,0,0,0
S00000216419,2915597,"2026-01-05 11:16:04",7425,6467,958,0,6467,0,0,0,0
S00000216508,2914117,"2026-01-04 03:20:47",990,895,95,0,895,0,0,0,0
S00000216508,2915047,"2026-01-05 03:23:39",17820,15521,2299,0,15521,0,0,0,0
S00000217281,2915482,"2026-01-05 03:39:59",14107,12287,1820,0,12287,0,0,0,0
S00000217281,2915483,"2026-01-05 03:39:59",0,0,0,0,0,0,0,0,0
S00000217334,2910338,"2026-01-01 03:33:12",11880,11880,0,0,11880,0,0,0,0
S00000217334,2910339,"2026-01-01 03:33:16",990,990,0,0,990,0,0,0,0
S00000217509,2916869,"2026-01-06 03:40:40",13365,11210,2155,0,11210,0,0,0,0
S00000217509,2916870,"2026-01-06 03:40:40",0,0,0,0,0,0,0,0,0
S00000217531,2915398,"2026-01-05 03:37:03",14850,12934,1916,0,12934,0,0,0,0
S00000217531,2915399,"2026-01-05 03:37:03",0,0,0,0,0,0,0,0,0
S00000217956,2912021,"2026-01-01 04:38:58",14107,14107,0,0,14107,0,0,0,0
S00000217956,2912022,"2026-01-01 04:38:58",0,0,0,0,0,0,0,0,0
S00000217972,2910059,"2026-01-01 03:22:15",14107,14107,0,0,14107,0,0,0,0
S00000217972,2910060,"2026-01-01 03:22:15",0,0,0,0,0,0,0,0,0
S00000218156,2912591,"2026-01-02 08:38:17",11880,11497,383,0,11497,0,0,0,0
S00000218187,2912352,"2026-01-02 08:28:01",11880,11497,383,0,11497,0,0,0,0
S00000218211,2912351,"2026-01-02 08:27:57",11880,11497,383,0,11497,0,0,0,0
S00000218297,2914330,"2026-01-04 03:30:45",13365,12072,1293,0,12072,0,0,0,0
S00000218297,2914331,"2026-01-04 03:30:45",0,0,0,0,0,0,0,0,0
S00000218326,2910606,"2026-01-01 03:48:05",11880,11880,0,0,11880,0,0,0,0
S00000218326,2910607,"2026-01-01 03:48:08",990,990,0,0,990,0,0,0,0
S00000218359,2910713,"2026-01-01 03:54:21",13365,13365,0,0,13365,0,0,0,0
S00000218359,2910714,"2026-01-01 03:54:21",0,0,0,0,0,0,0,0,0
S00000218532,2915037,"2026-01-05 03:22:58",11880,10348,1532,0,10348,0,0,0,0
S00000218547,2913262,"2026-01-03 03:21:58",11880,11114,766,0,11114,0,0,0,0
S00000218556,2914134,"2026-01-04 03:21:48",11880,10731,1149,0,10731,0,0,0,0
S00000218556,2916494,"2026-01-06 03:25:43",990,831,159,0,831,0,0,0,0
S00000218571,2916517,"2026-01-06 03:26:32",11880,9964,1916,0,9964,0,0,0,0
S00000218615,2913268,"2026-01-03 03:22:18",11880,11114,766,0,11114,0,0,0,0
S00000218745,2915038,"2026-01-05 03:23:02",11880,10348,1532,0,10348,0,0,0,0
S00000218761,2913658,"2026-01-03 03:36:56",13365,12503,862,0,12503,0,0,0,0
S00000218761,2913659,"2026-01-03 03:36:56",0,0,0,0,0,0,0,0,0
S00000218811,2916603,"2026-01-06 03:29:52",13365,11210,2155,0,11210,0,0,0,0
S00000218811,2916604,"2026-01-06 03:29:52",0,0,0,0,0,0,0,0,0
S00000218902,2911966,"2026-01-01 04:37:03",14107,14107,0,0,14107,0,0,0,0
S00000218902,2911967,"2026-01-01 04:37:03",0,0,0,0,0,0,0,0,0
S00000218945,2916513,"2026-01-06 03:26:24",14107,11832,2275,0,11832,0,0,0,0
S00000218945,2916514,"2026-01-06 03:26:24",0,0,0,0,0,0,0,0,0
S00000219009,2916044,"2026-01-05 17:23:10",0,0,0,0,0,0,0,0,0
S00000219009,2916045,"2026-01-05 17:23:10",7425,6467,958,0,6467,0,0,0,0
S00000219250,2910663,"2026-01-01 03:51:25",11880,11880,0,0,11880,0,0,0,0
S00000219441,2910717,"2026-01-01 03:54:29",13365,13365,0,0,13365,0,0,0,0
S00000219441,2910718,"2026-01-01 03:54:29",0,0,0,0,0,0,0,0,0
S00000219588,2912968,"2026-01-02 08:50:36",14850,14371,479,0,14371,0,0,0,0
S00000219588,2912969,"2026-01-02 08:50:36",0,0,0,0,0,0,0,0,0
S00000219588,2912970,"2026-01-02 08:50:40",19800,19162,638,0,19162,0,0,0,0
S00000219635,2910344,"2026-01-01 03:33:36",11880,11880,0,0,11880,0,0,0,0
S00000219651,2914145,"2026-01-04 03:22:24",11880,10731,1149,0,10731,0,0,0,0
S00000219651,2914146,"2026-01-04 03:22:27",990,895,95,0,895,0,0,0,0
S00000219751,2910616,"2026-01-01 03:48:39",11880,11880,0,0,11880,0,0,0,0
S00000219751,2910617,"2026-01-01 03:48:42",990,990,0,0,990,0,0,0,0
S00000219788,2912183,"2026-01-02 08:19:03",13365,12934,431,0,12934,0,0,0,0
S00000219788,2912184,"2026-01-02 08:19:04",0,0,0,0,0,0,0,0,0
S00000219859,2910302,"2026-01-01 03:30:59",11880,11880,0,0,11880,0,0,0,0
S00000219859,2910303,"2026-01-01 03:31:02",990,990,0,0,990,0,0,0,0
S00000219986,2910261,"2026-01-01 03:28:52",12622,12622,0,0,12622,0,0,0,0
S00000219986,2910262,"2026-01-01 03:28:52",0,0,0,0,0,0,0,0,0
S00000219990,2910263,"2026-01-01 03:28:57",13365,13365,0,0,13365,0,0,0,0
S00000219990,2910264,"2026-01-01 03:28:57",0,0,0,0,0,0,0,0,0
S00000220266,2912119,"2026-01-01 20:47:20",0,0,0,0,0,0,0,0,0
S00000220266,2912120,"2026-01-01 20:47:20",14850,14850,0,0,14850,0,0,0,0
S00000220314,2910647,"2026-01-01 03:50:32",11880,11880,0,0,11880,0,0,0,0
S00000220513,2910265,"2026-01-01 03:29:01",12622,12622,0,0,12622,0,0,0,0
S00000220513,2910266,"2026-01-01 03:29:01",0,0,0,0,0,0,0,0,0
S00000220609,2911211,"2026-01-01 04:11:23",14107,14107,0,0,14107,0,0,0,0
S00000220609,2911212,"2026-01-01 04:11:23",0,0,0,0,0,0,0,0,0
S00000220609,2911213,"2026-01-01 04:11:25",19800,19800,0,0,19800,0,0,0,0
S00000220687,2910636,"2026-01-01 03:49:52",11880,11880,0,0,11880,0,0,0,0
S00000220706,2914426,"2026-01-04 03:33:57",12622,11401,1221,0,11401,0,0,0,0
S00000220706,2914427,"2026-01-04 03:33:57",0,0,0,0,0,0,0,0,0
S00000220731,2912354,"2026-01-02 08:28:12",11880,11497,383,0,11497,0,0,0,0
S00000220762,2910620,"2026-01-01 03:48:52",11880,11880,0,0,11880,0,0,0,0
S00000220950,2913771,"2026-01-03 03:40:49",13365,12503,862,0,12503,0,0,0,0
S00000220950,2913772,"2026-01-03 03:40:49",0,0,0,0,0,0,0,0,0
S00000220955,2912355,"2026-01-02 08:28:16",11880,11497,383,0,11497,0,0,0,0
S00000220955,2912356,"2026-01-02 08:28:19",990,959,31,0,959,0,0,0,0
S00000220981,2915044,"2026-01-05 03:23:28",11880,10348,1532,0,10348,0,0,0,0
S00000220990,2912359,"2026-01-02 08:28:31",11880,11497,383,0,11497,0,0,0,0
S00000221124,2915042,"2026-01-05 03:23:19",990,863,127,0,863,0,0,0,0
S00000221124,2915045,"2026-01-05 03:23:31",11880,10348,1532,0,10348,0,0,0,0
S00000221131,2916457,"2026-01-06 03:24:15",13365,11210,2155,0,11210,0,0,0,0
S00000221131,2916458,"2026-01-06 03:24:15",0,0,0,0,0,0,0,0,0
S00000221147,2916729,"2026-01-06 03:35:18",11880,9964,1916,0,9964,0,0,0,0
S00000221226,2916447,"2026-01-06 03:23:54",17820,14946,2874,0,14946,0,0,0,0
S00000221261,2912468,"2026-01-02 08:33:56",13365,12934,431,0,12934,0,0,0,0
S00000221261,2912469,"2026-01-02 08:33:56",0,0,0,0,0,0,0,0,0
S00000221481,2916174,"2026-01-05 20:47:00",-10538,-10538,0,0,-10538,0,0,0,0
S00000221754,2910623,"2026-01-01 03:49:04",11880,11880,0,0,11880,0,0,0,0
S00000221860,2910236,"2026-01-01 03:28:02",12622,12622,0,0,12622,0,0,0,0
S00000221860,2910237,"2026-01-01 03:28:02",0,0,0,0,0,0,0,0,0
S00000221897,2911591,"2026-01-01 04:24:01",14850,14850,0,0,14850,0,0,0,0
S00000221897,2911592,"2026-01-01 04:24:01",0,0,0,0,0,0,0,0,0
S00000221897,2911593,"2026-01-01 04:24:04",19800,19800,0,0,19800,0,0,0,0
S00000222045,2914728,"2026-01-04 03:44:04",21450,19375,2075,0,19375,0,0,0,0
S00000222045,2914729,"2026-01-04 03:44:04",0,0,0,0,0,0,0,0,0
S00000222230,2911369,"2026-01-01 04:16:35",14107,14107,0,0,14107,0,0,0,0
S00000222230,2911370,"2026-01-01 04:16:35",0,0,0,0,0,0,0,0,0
S00000222239,2914150,"2026-01-04 03:22:42",11880,10731,1149,0,10731,0,0,0,0
S00000222489,2910622,"2026-01-01 03:49:00",11880,11880,0,0,11880,0,0,0,0
S00000222491,2910301,"2026-01-01 03:30:55",11880,11880,0,0,11880,0,0,0,0
S00000222509,2914209,"2026-01-04 03:26:11",11880,10731,1149,0,10731,0,0,0,0
S00000222554,2914688,"2026-01-04 03:42:43",13365,12072,1293,0,12072,0,0,0,0
S00000222554,2914689,"2026-01-04 03:42:43",0,0,0,0,0,0,0,0,0
S00000222643,2911910,"2026-01-01 04:35:08",14850,14850,0,0,14850,0,0,0,0
S00000222643,2911911,"2026-01-01 04:35:08",0,0,0,0,0,0,0,0,0
S00000222982,2910627,"2026-01-01 03:49:19",11880,11880,0,0,11880,0,0,0,0
S00000222989,2914144,"2026-01-04 03:22:20",11880,10731,1149,0,10731,0,0,0,0
S00000223009,2913417,"2026-01-03 03:28:39",13365,12503,862,0,12503,0,0,0,0
S00000223009,2913418,"2026-01-03 03:28:39",0,0,0,0,0,0,0,0,0
S00000223112,2910129,"2026-01-01 03:24:33",14107,14107,0,0,14107,0,0,0,0
S00000223112,2910130,"2026-01-01 03:24:33",0,0,0,0,0,0,0,0,0
S00000223389,2915154,"2026-01-05 03:28:33",11880,10348,1532,0,10348,0,0,0,0
S00000223431,2912363,"2026-01-02 08:28:46",11880,11497,383,0,11497,0,0,0,0
S00000223438,2909836,"2026-01-02 08:34:12",13365,891,12474,0,891,0,0,0,0
S00000223438,2912476,"2026-01-02 08:34:12",0,0,0,0,0,0,0,0,0
S00000223442,2913174,"2026-01-03 03:16:24",990,927,63,0,927,0,0,0,0
S00000223442,2914929,"2026-01-05 03:16:46",17820,15521,2299,0,15521,0,0,0,0
S00000223446,2911939,"2026-01-01 04:36:06",19305,19305,0,0,19305,0,0,0,0
S00000223446,2911940,"2026-01-01 04:36:06",0,0,0,0,0,0,0,0,0
S00000223470,2910624,"2026-01-01 03:49:08",11880,11880,0,0,11880,0,0,0,0
S00000223503,2910629,"2026-01-01 03:49:31",11880,11880,0,0,11880,0,0,0,0
S00000223550,2912379,"2026-01-02 08:29:39",11880,11497,383,0,11497,0,0,0,0
S00000223550,2912380,"2026-01-02 08:29:43",990,959,31,0,959,0,0,0,0
S00000223581,2914928,"2026-01-05 03:16:42",11880,10348,1532,0,10348,0,0,0,0
S00000223627,2916478,"2026-01-06 03:24:56",17820,14946,2874,0,14946,0,0,0,0
S00000223639,2914147,"2026-01-04 03:22:31",11880,10731,1149,0,10731,0,0,0,0
S00000223656,2913282,"2026-01-03 03:23:09",11880,11114,766,0,11114,0,0,0,0
S00000223722,2914810,"2026-01-04 14:57:40",14850,13413,1437,0,13413,0,0,0,0
S00000223722,2914811,"2026-01-04 14:57:45",19800,17884,1916,0,17884,0,0,0,0
S00000223722,2914812,"2026-01-04 14:57:45",0,0,0,0,0,0,0,0,0
S00000223739,2914161,"2026-01-04 03:23:23",11880,10731,1149,0,10731,0,0,0,0
S00000223739,2914162,"2026-01-04 03:23:26",19800,17884,1916,0,17884,0,0,0,0
S00000223749,2914148,"2026-01-04 03:22:35",11880,10731,1149,0,10731,0,0,0,0
S00000223776,2914149,"2026-01-04 03:22:39",11880,10731,1149,0,10731,0,0,0,0
S00000224580,2913275,"2026-01-03 03:22:43",11880,11114,766,0,11114,0,0,0,0
S00000224635,2912426,"2026-01-02 08:32:19",990,959,31,0,959,0,0,0,0
S00000224725,2912411,"2026-01-02 08:31:30",11880,11497,383,0,11497,0,0,0,0
S00000224975,2912368,"2026-01-02 08:29:03",11880,11497,383,0,11497,0,0,0,0
S00000225046,2913289,"2026-01-03 03:23:34",11880,11114,766,0,11114,0,0,0,0
S00000225137,2910638,"2026-01-01 03:50:00",17820,17820,0,0,17820,0,0,0,0
S00000225236,2915054,"2026-01-05 03:24:05",990,863,127,0,863,0,0,0,0
S00000225236,2915059,"2026-01-05 03:24:21",11880,10348,1532,0,10348,0,0,0,0
S00000225355,2910683,"2026-01-01 03:52:39",11880,11880,0,0,11880,0,0,0,0
S00000225358,2910291,"2026-01-01 03:30:17",11880,11880,0,0,11880,0,0,0,0
S00000225358,2910292,"2026-01-01 03:30:21",990,990,0,0,990,0,0,0,0
S00000225364,2910293,"2026-01-01 03:30:25",11880,11880,0,0,11880,0,0,0,0
S00000225396,2911441,"2026-01-01 04:19:03",13365,13365,0,0,13365,0,0,0,0
S00000225396,2911442,"2026-01-01 04:19:03",0,0,0,0,0,0,0,0,0
S00000225451,2912944,"2026-01-02 08:49:49",18232,17644,588,0,17644,0,0,0,0
S00000225451,2912945,"2026-01-02 08:49:49",0,0,0,0,0,0,0,0,0
S00000225456,2915050,"2026-01-05 03:23:50",17820,15521,2299,0,15521,0,0,0,0
S00000225693,2910631,"2026-01-01 03:49:36",11880,11880,0,0,11880,0,0,0,0
S00000225714,2913274,"2026-01-03 03:22:40",11880,11114,766,0,11114,0,0,0,0
S00000225757,2912369,"2026-01-02 08:29:06",11880,11497,383,0,11497,0,0,0,0
S00000225757,2912370,"2026-01-02 08:29:08",990,959,31,0,959,0,0,0,0
S00000225776,2911142,"2026-01-01 04:09:00",13365,13365,0,0,13365,0,0,0,0
S00000225776,2911143,"2026-01-01 04:09:00",0,0,0,0,0,0,0,0,0
S00000225803,2910630,"2026-01-01 03:49:34",11880,11880,0,0,11880,0,0,0,0
S00000225854,2914207,"2026-01-04 03:26:03",11880,10731,1149,0,10731,0,0,0,0
S00000225877,2912373,"2026-01-02 08:29:19",11880,11497,383,0,11497,0,0,0,0
S00000225880,2910633,"2026-01-01 03:49:44",11880,11880,0,0,11880,0,0,0,0
S00000225882,2910626,"2026-01-01 03:49:15",11880,11880,0,0,11880,0,0,0,0
S00000225883,2914153,"2026-01-04 03:22:53",11880,10731,1149,0,10731,0,0,0,0
S00000225894,2912364,"2026-01-02 08:28:50",11880,11497,383,0,11497,0,0,0,0
S00000225894,2912365,"2026-01-02 08:28:54",990,959,31,0,959,0,0,0,0
S00000225916,2910837,"2026-01-01 03:58:35",11880,11880,0,0,11880,0,0,0,0
S00000225926,2912372,"2026-01-02 08:29:16",11880,11497,383,0,11497,0,0,0,0
S00000225941,2910979,"2026-01-01 04:03:13",13365,13365,0,0,13365,0,0,0,0
S00000225941,2910980,"2026-01-01 04:03:13",0,0,0,0,0,0,0,0,0
S00000225944,2914152,"2026-01-04 03:22:49",11880,10731,1149,0,10731,0,0,0,0
S00000225945,2913271,"2026-01-03 03:22:29",11880,11114,766,0,11114,0,0,0,0
S00000225946,2912367,"2026-01-02 08:28:59",11880,11497,383,0,11497,0,0,0,0
S00000226043,2914610,"2026-01-04 03:40:05",13365,12072,1293,0,12072,0,0,0,0
S00000226043,2914611,"2026-01-04 03:40:05",0,0,0,0,0,0,0,0,0
S00000226044,2915138,"2026-01-05 03:28:01",13365,11641,1724,0,11641,0,0,0,0
S00000226044,2915139,"2026-01-05 03:28:01",0,0,0,0,0,0,0,0,0
S00000226104,2915048,"2026-01-05 03:23:43",990,863,127,0,863,0,0,0,0
S00000226104,2916730,"2026-01-06 03:35:22",11880,9964,1916,0,9964,0,0,0,0
S00000226117,2911413,"2026-01-01 04:18:01",13365,13365,0,0,13365,0,0,0,0
S00000226117,2911414,"2026-01-01 04:18:01",0,0,0,0,0,0,0,0,0
S00000226117,2911415,"2026-01-01 04:18:04",19800,19800,0,0,19800,0,0,0,0
S00000226131,2915049,"2026-01-05 03:23:47",11880,10348,1532,0,10348,0,0,0,0
S00000226134,2916544,"2026-01-06 03:27:38",11880,9964,1916,0,9964,0,0,0,0
S00000226162,2915055,"2026-01-05 03:24:09",11880,10348,1532,0,10348,0,0,0,0
S00000226162,2915056,"2026-01-05 03:24:12",990,863,127,0,863,0,0,0,0
S00000226177,2915051,"2026-01-05 03:23:54",11880,10348,1532,0,10348,0,0,0,0
S00000226177,2915052,"2026-01-05 03:23:57",19800,17246,2554,0,17246,0,0,0,0
S00000226204,2916731,"2026-01-06 03:35:26",11880,9964,1916,0,9964,0,0,0,0
S00000226272,2911281,"2026-01-01 04:13:39",12622,12622,0,0,12622,0,0,0,0
S00000226272,2911282,"2026-01-01 04:13:39",0,0,0,0,0,0,0,0,0
S00000226277,2916748,"2026-01-06 03:36:09",14107,11832,2275,0,11832,0,0,0,0
S00000226277,2916749,"2026-01-06 03:36:09",0,0,0,0,0,0,0,0,0
S00000226365,2909947,"2026-01-01 03:18:41",13365,13365,0,0,13365,0,0,0,0
S00000226365,2909948,"2026-01-01 03:18:41",0,0,0,0,0,0,0,0,0
S00000226377,2909925,"2026-01-01 03:18:01",12622,12622,0,0,12622,0,0,0,0
S00000226377,2909926,"2026-01-01 03:18:01",0,0,0,0,0,0,0,0,0
S00000226384,2912157,"2026-01-02 08:18:09",13365,12934,431,0,12934,0,0,0,0
S00000226384,2912158,"2026-01-02 08:18:09",0,0,0,0,0,0,0,0,0
S00000226515,2913829,"2026-01-03 03:42:52",14850,13892,958,0,13892,0,0,0,0
S00000226515,2913830,"2026-01-03 03:42:53",0,0,0,0,0,0,0,0,0
S00000226771,2911933,"2026-01-01 04:35:55",14850,14850,0,0,14850,0,0,0,0
S00000226771,2911934,"2026-01-01 04:35:55",0,0,0,0,0,0,0,0,0
S00000226817,2914159,"2026-01-04 03:23:15",11880,10731,1149,0,10731,0,0,0,0
S00000226837,2908287,"2026-01-01 03:15:26",14107,14107,0,0,14107,0,0,0,0
S00000226837,2909882,"2026-01-01 03:15:26",0,0,0,0,0,0,0,0,0
S00000226899,2916732,"2026-01-06 03:35:30",13365,11210,2155,0,11210,0,0,0,0
S00000226899,2916733,"2026-01-06 03:35:30",0,0,0,0,0,0,0,0,0
S00000226938,2911013,"2026-01-01 04:04:25",12622,12622,0,0,12622,0,0,0,0
S00000226938,2911014,"2026-01-01 04:04:25",0,0,0,0,0,0,0,0,0
S00000226942,2912381,"2026-01-02 08:29:46",11880,11497,383,0,11497,0,0,0,0
S00000227063,2910285,"2026-01-01 03:29:56",11880,11880,0,0,11880,0,0,0,0
S00000227063,2910286,"2026-01-01 03:29:59",990,990,0,0,990,0,0,0,0
S00000227103,2913373,"2026-01-03 03:27:13",13365,12503,862,0,12503,0,0,0,0
S00000227103,2913374,"2026-01-03 03:27:13",0,0,0,0,0,0,0,0,0
S00000227160,2913280,"2026-01-03 03:23:01",990,927,63,0,927,0,0,0,0
S00000227358,2915065,"2026-01-05 03:24:43",13365,11641,1724,0,11641,0,0,0,0
S00000227358,2915066,"2026-01-05 03:24:43",0,0,0,0,0,0,0,0,0
S00000227476,2912005,"2026-01-01 04:38:26",14107,14107,0,0,14107,0,0,0,0
S00000227476,2912006,"2026-01-01 04:38:26",0,0,0,0,0,0,0,0,0
S00000227611,2910645,"2026-01-01 03:50:24",11880,11880,0,0,11880,0,0,0,0
S00000227632,2912127,"2026-01-01 21:33:08",0,0,0,0,0,0,0,0,0
S00000227632,2912128,"2026-01-01 21:33:09",14850,14850,0,0,14850,0,0,0,0
S00000227754,2914032,"2026-01-04 03:15:52",19305,17437,1868,0,17437,0,0,0,0
S00000227754,2914033,"2026-01-04 03:15:52",0,0,0,0,0,0,0,0,0
S00000227762,2916734,"2026-01-06 03:35:34",990,831,159,0,831,0,0,0,0
S00000227823,2915190,"2026-01-05 03:29:52",19305,16815,2490,0,16815,0,0,0,0
S00000227823,2915191,"2026-01-05 03:29:52",0,0,0,0,0,0,0,0,0
S00000227915,2910641,"2026-01-01 03:50:12",11880,11880,0,0,11880,0,0,0,0
S00000227924,2909927,"2026-01-01 03:18:05",14850,14850,0,0,14850,0,0,0,0
S00000227924,2909928,"2026-01-01 03:18:05",0,0,0,0,0,0,0,0,0
S00000228006,2916247,"2026-01-06 03:15:13",14107,11832,2275,0,11832,0,0,0,0
S00000228006,2916248,"2026-01-06 03:15:13",0,0,0,0,0,0,0,0,0
S00000228075,2914278,"2026-01-04 03:29:00",13365,12072,1293,0,12072,0,0,0,0
S00000228075,2914279,"2026-01-04 03:29:00",0,0,0,0,0,0,0,0,0
S00000228113,2912210,"2026-01-02 08:20:05",11880,11497,383,0,11497,0,0,0,0
S00000228144,2913305,"2026-01-03 03:24:32",11880,11114,766,0,11114,0,0,0,0
S00000228149,2910642,"2026-01-01 03:50:16",11880,11880,0,0,11880,0,0,0,0
S00000228149,2910643,"2026-01-01 03:50:19",990,990,0,0,990,0,0,0,0
S00000228170,2910305,"2026-01-01 03:31:09",11880,11880,0,0,11880,0,0,0,0
S00000228175,2914037,"2026-01-04 03:16:07",13365,12072,1293,0,12072,0,0,0,0
S00000228175,2914038,"2026-01-04 03:16:07",0,0,0,0,0,0,0,0,0
S00000228189,2913684,"2026-01-03 03:37:51",14107,13197,910,0,13197,0,0,0,0
S00000228189,2913685,"2026-01-03 03:37:52",0,0,0,0,0,0,0,0,0
S00000228218,2914156,"2026-01-04 03:23:03",11880,10731,1149,0,10731,0,0,0,0
S00000228226,2912382,"2026-01-02 08:29:51",13365,12934,431,0,12934,0,0,0,0
S00000228226,2912383,"2026-01-02 08:29:51",0,0,0,0,0,0,0,0,0
S00000228247,2912009,"2026-01-01 04:38:35",14107,14107,0,0,14107,0,0,0,0
S00000228247,2912010,"2026-01-01 04:38:35",0,0,0,0,0,0,0,0,0
S00000228252,2912377,"2026-01-02 08:29:32",11880,11497,383,0,11497,0,0,0,0
S00000228261,2914166,"2026-01-04 03:23:41",11880,10731,1149,0,10731,0,0,0,0
S00000228306,2913276,"2026-01-03 03:22:49",11880,11114,766,0,11114,0,0,0,0
S00000228306,2913277,"2026-01-03 03:22:52",990,927,63,0,927,0,0,0,0
S00000228336,2914160,"2026-01-04 03:23:19",19800,17884,1916,0,17884,0,0,0,0
S00000228342,2914155,"2026-01-04 03:23:00",11880,10731,1149,0,10731,0,0,0,0
S00000228344,2916472,"2026-01-06 03:24:45",13365,11210,2155,0,11210,0,0,0,0
S00000228344,2916473,"2026-01-06 03:24:45",0,0,0,0,0,0,0,0,0
S00000228350,2916866,"2026-01-06 03:40:34",11880,9964,1916,0,9964,0,0,0,0
S00000228380,2914158,"2026-01-04 03:23:11",11880,10731,1149,0,10731,0,0,0,0
S00000228384,2914164,"2026-01-04 03:23:33",11880,10731,1149,0,10731,0,0,0,0
S00000228392,2916735,"2026-01-06 03:35:37",11880,9964,1916,0,9964,0,0,0,0
S00000228414,2916486,"2026-01-06 03:25:16",11880,9964,1916,0,9964,0,0,0,0
S00000228414,2916487,"2026-01-06 03:25:19",990,831,159,0,831,0,0,0,0
S00000228614,2915064,"2026-01-05 03:24:39",11880,10348,1532,0,10348,0,0,0,0
S00000228653,2914581,"2026-01-04 03:39:03",12540,11327,1213,0,11327,0,0,0,0
S00000228934,2912460,"2026-01-02 08:33:41",12622,12215,407,0,12215,0,0,0,0
S00000228934,2912461,"2026-01-02 08:33:41",0,0,0,0,0,0,0,0,0
S00000228950,2914872,"2026-01-04 22:33:06",0,0,0,0,0,0,0,0,0
S00000228950,2914873,"2026-01-04 22:33:06",14107,12742,1365,0,12742,0,0,0,0
S00000228984,2911000,"2026-01-01 04:03:55",12622,12622,0,0,12622,0,0,0,0
S00000228984,2911001,"2026-01-01 04:03:55",0,0,0,0,0,0,0,0,0
S00000228990,2912448,"2026-01-02 08:33:16",11880,11497,383,0,11497,0,0,0,0
S00000229005,2916736,"2026-01-06 03:35:40",11880,9964,1916,0,9964,0,0,0,0
S00000229006,2913158,"2026-01-03 03:15:46",13365,12503,862,0,12503,0,0,0,0
S00000229006,2913159,"2026-01-03 03:15:47",0,0,0,0,0,0,0,0,0
S00000229137,2913330,"2026-01-03 03:25:44",13365,12503,862,0,12503,0,0,0,0
S00000229137,2913331,"2026-01-03 03:25:44",0,0,0,0,0,0,0,0,0
S00000229158,2916602,"2026-01-06 03:29:49",11880,9964,1916,0,9964,0,0,0,0
S00000229180,2910648,"2026-01-01 03:50:36",11880,11880,0,0,11880,0,0,0,0
S00000229193,2912396,"2026-01-02 08:30:38",11880,11497,383,0,11497,0,0,0,0
S00000229299,2914716,"2026-01-04 03:43:40",14850,13413,1437,0,13413,0,0,0,0
S00000229299,2914717,"2026-01-04 03:43:40",0,0,0,0,0,0,0,0,0
S00000229323,2910295,"2026-01-01 03:30:32",11880,11880,0,0,11880,0,0,0,0
S00000229471,2913672,"2026-01-03 03:37:29",14850,13892,958,0,13892,0,0,0,0
S00000229471,2913673,"2026-01-03 03:37:29",0,0,0,0,0,0,0,0,0
S00000229495,2916737,"2026-01-06 03:35:44",13365,11210,2155,0,11210,0,0,0,0
S00000229495,2916738,"2026-01-06 03:35:44",0,0,0,0,0,0,0,0,0
S00000229497,2894363,"2026-01-01 03:16:53",10725,10725,0,0,10725,0,0,0,0
S00000229497,2909905,"2026-01-01 03:16:53",0,0,0,0,0,0,0,0,0
S00000229497,2913956,"2026-01-03 13:13:14",39600,37046,2554,0,37046,0,0,0,0
S00000229628,2910189,"2026-01-01 03:26:29",14107,14107,0,0,14107,0,0,0,0
S00000229628,2910190,"2026-01-01 03:26:29",0,0,0,0,0,0,0,0,0
S00000229684,2910651,"2026-01-01 03:50:47",11880,11880,0,0,11880,0,0,0,0
S00000229766,2910983,"2026-01-01 04:03:20",13365,13365,0,0,13365,0,0,0,0
S00000229766,2910984,"2026-01-01 04:03:20",0,0,0,0,0,0,0,0,0
S00000229826,2911169,"2026-01-01 04:09:54",13365,13365,0,0,13365,0,0,0,0
S00000229826,2911170,"2026-01-01 04:09:54",0,0,0,0,0,0,0,0,0
S00000229868,2912395,"2026-01-02 08:30:34",11880,11497,383,0,11497,0,0,0,0
S00000229882,2911797,"2026-01-01 04:31:08",14107,14107,0,0,14107,0,0,0,0
S00000229882,2911798,"2026-01-01 04:31:08",0,0,0,0,0,0,0,0,0
S00000229892,2916409,"2026-01-06 03:22:30",12622,10587,2035,0,10587,0,0,0,0
S00000229892,2916410,"2026-01-06 03:22:30",0,0,0,0,0,0,0,0,0
S00000230063,2916663,"2026-01-06 03:32:23",13365,11210,2155,0,11210,0,0,0,0
S00000230063,2916664,"2026-01-06 03:32:23",0,0,0,0,0,0,0,0,0
S00000230077,2912549,"2026-01-02 08:36:56",12622,12215,407,0,12215,0,0,0,0
S00000230077,2912550,"2026-01-02 08:36:56",0,0,0,0,0,0,0,0,0
S00000230127,2910689,"2026-01-01 03:53:01",11880,11880,0,0,11880,0,0,0,0
S00000230174,2912393,"2026-01-02 08:30:27",11880,11497,383,0,11497,0,0,0,0
S00000230174,2912394,"2026-01-02 08:30:30",990,959,31,0,959,0,0,0,0
S00000230182,2914176,"2026-01-04 03:24:15",11880,10731,1149,0,10731,0,0,0,0
S00000230182,2914177,"2026-01-04 03:24:18",990,895,95,0,895,0,0,0,0
S00000230225,2916851,"2026-01-06 03:39:45",12540,10518,2022,0,10518,0,0,0,0
S00000230262,2914169,"2026-01-04 03:23:51",11880,10731,1149,0,10731,0,0,0,0
S00000230262,2914170,"2026-01-04 03:23:53",990,895,95,0,895,0,0,0,0
S00000230275,2914179,"2026-01-04 03:24:26",11880,10731,1149,0,10731,0,0,0,0
S00000230275,2914180,"2026-01-04 03:24:29",990,895,95,0,895,0,0,0,0
S00000230278,2916481,"2026-01-06 03:25:04",11880,9964,1916,0,9964,0,0,0,0
S00000230425,2916537,"2026-01-06 03:27:20",11880,9964,1916,0,9964,0,0,0,0
S00000230444,2909866,"2026-01-01 03:16:39",13365,13365,0,0,13365,0,0,0,0
S00000230444,2909901,"2026-01-01 03:16:39",0,0,0,0,0,0,0,0,0
S00000230454,2913944,"2026-01-03 11:54:44",0,0,0,0,0,0,0,0,0
S00000230454,2913945,"2026-01-03 11:54:44",13365,12503,862,0,12503,0,0,0,0
S00000230482,2916739,"2026-01-06 03:35:48",11880,9964,1916,0,9964,0,0,0,0
S00000230482,2916740,"2026-01-06 03:35:51",990,831,159,0,831,0,0,0,0
S00000231028,2910287,"2026-01-01 03:30:03",11880,11880,0,0,11880,0,0,0,0
S00000231028,2910288,"2026-01-01 03:30:06",990,990,0,0,990,0,0,0,0
S00000231138,2910817,"2026-01-01 03:57:55",13365,13365,0,0,13365,0,0,0,0
S00000231138,2910818,"2026-01-01 03:57:55",0,0,0,0,0,0,0,0,0
S00000231550,2910657,"2026-01-01 03:51:05",17820,17820,0,0,17820,0,0,0,0
S00000231664,2911589,"2026-01-01 04:23:57",14850,14850,0,0,14850,0,0,0,0
S00000231664,2911590,"2026-01-01 04:23:57",0,0,0,0,0,0,0,0,0
S00000231694,2913845,"2026-01-03 03:43:22",14850,13892,958,0,13892,0,0,0,0
S00000231694,2913846,"2026-01-03 03:43:22",0,0,0,0,0,0,0,0,0
S00000231704,2916535,"2026-01-06 03:27:15",13365,11210,2155,0,11210,0,0,0,0
S00000231704,2916536,"2026-01-06 03:27:15",0,0,0,0,0,0,0,0,0
S00000231757,2910191,"2026-01-01 03:26:33",13365,13365,0,0,13365,0,0,0,0
S00000231757,2910192,"2026-01-01 03:26:33",0,0,0,0,0,0,0,0,0
S00000231810,2916741,"2026-01-06 03:35:55",13365,11210,2155,0,11210,0,0,0,0
S00000231810,2916742,"2026-01-06 03:35:55",0,0,0,0,0,0,0,0,0
S00000231989,2915211,"2026-01-05 03:30:33",13365,11641,1724,0,11641,0,0,0,0
S00000231989,2915212,"2026-01-05 03:30:33",0,0,0,0,0,0,0,0,0
S00000232010,2913352,"2026-01-03 03:26:32",13365,12503,862,0,12503,0,0,0,0
S00000232010,2913353,"2026-01-03 03:26:32",0,0,0,0,0,0,0,0,0
S00000232046,2914421,"2026-01-04 03:33:47",19800,17884,1916,0,17884,0,0,0,0
S00000232051,2914612,"2026-01-04 03:40:09",12540,11327,1213,0,11327,0,0,0,0
S00000232057,2913862,"2026-01-03 03:43:58",14107,13197,910,0,13197,0,0,0,0
S00000232057,2913863,"2026-01-03 03:43:58",0,0,0,0,0,0,0,0,0
S00000232086,2912735,"2026-01-02 08:42:54",14107,13652,455,0,13652,0,0,0,0
S00000232086,2912736,"2026-01-02 08:42:54",0,0,0,0,0,0,0,0,0
S00000232428,2910925,"2026-01-01 04:01:23",12622,12622,0,0,12622,0,0,0,0
S00000232428,2910926,"2026-01-01 04:01:23",0,0,0,0,0,0,0,0,0
S00000232750,2912398,"2026-01-02 08:30:46",11880,11497,383,0,11497,0,0,0,0
S00000232766,2916847,"2026-01-06 03:39:38",14850,12455,2395,0,12455,0,0,0,0
S00000232766,2916848,"2026-01-06 03:39:38",0,0,0,0,0,0,0,0,0
S00000232773,2914191,"2026-01-04 03:25:06",11880,10731,1149,0,10731,0,0,0,0
S00000232773,2914192,"2026-01-04 03:25:09",990,895,95,0,895,0,0,0,0
S00000232780,2916743,"2026-01-06 03:35:58",13365,11210,2155,0,11210,0,0,0,0
S00000232780,2916744,"2026-01-06 03:35:58",0,0,0,0,0,0,0,0,0
S00000232785,2913568,"2026-01-03 03:33:41",13365,12503,862,0,12503,0,0,0,0
S00000232785,2913569,"2026-01-03 03:33:41",0,0,0,0,0,0,0,0,0
S00000232786,2911347,"2026-01-01 04:15:56",13365,13365,0,0,13365,0,0,0,0
S00000232786,2911348,"2026-01-01 04:15:56",0,0,0,0,0,0,0,0,0
S00000232795,2912400,"2026-01-02 08:30:53",11880,11497,383,0,11497,0,0,0,0
S00000232799,2914182,"2026-01-04 03:24:37",17820,16096,1724,0,16096,0,0,0,0
S00000232799,2914183,"2026-01-04 03:24:40",990,895,95,0,895,0,0,0,0
S00000232828,2913172,"2026-01-03 03:16:16",11880,11114,766,0,11114,0,0,0,0
S00000232828,2913284,"2026-01-03 03:23:18",990,927,63,0,927,0,0,0,0
S00000232845,2914302,"2026-01-04 03:29:48",13365,12072,1293,0,12072,0,0,0,0
S00000232845,2914303,"2026-01-04 03:29:48",0,0,0,0,0,0,0,0,0
S00000232849,2914195,"2026-01-04 03:25:21",11880,10731,1149,0,10731,0,0,0,0
S00000232863,2913285,"2026-01-03 03:23:20",11880,11114,766,0,11114,0,0,0,0
S00000232868,2916745,"2026-01-06 03:36:02",13365,11210,2155,0,11210,0,0,0,0
S00000232868,2916746,"2026-01-06 03:36:02",0,0,0,0,0,0,0,0,0
S00000232879,2914184,"2026-01-04 03:24:44",11880,10731,1149,0,10731,0,0,0,0
S00000232888,2914189,"2026-01-04 03:24:59",11880,10731,1149,0,10731,0,0,0,0
S00000232888,2914190,"2026-01-04 03:25:02",990,895,95,0,895,0,0,0,0
S00000232923,2914185,"2026-01-04 03:24:46",11880,10731,1149,0,10731,0,0,0,0
S00000232923,2914186,"2026-01-04 03:24:49",19800,17884,1916,0,17884,0,0,0,0
S00000232927,2914193,"2026-01-04 03:25:13",13365,12072,1293,0,12072,0,0,0,0
S00000232927,2914194,"2026-01-04 03:25:14",0,0,0,0,0,0,0,0,0
S00000232953,2914188,"2026-01-04 03:24:56",11880,10731,1149,0,10731,0,0,0,0
S00000232977,2915067,"2026-01-05 03:24:47",11880,10348,1532,0,10348,0,0,0,0
S00000232998,2916286,"2026-01-06 03:16:40",11880,9964,1916,0,9964,0,0,0,0
S00000232998,2916287,"2026-01-06 03:16:43",990,831,159,0,831,0,0,0,0
S00000232999,2915068,"2026-01-05 03:24:51",11880,10348,1532,0,10348,0,0,0,0
S00000233006,2914925,"2026-01-05 03:16:31",11880,10348,1532,0,10348,0,0,0,0
S00000233006,2914926,"2026-01-05 03:16:34",990,863,127,0,863,0,0,0,0
S00000233011,2913781,"2026-01-03 03:41:12",14850,13892,958,0,13892,0,0,0,0
S00000233011,2913782,"2026-01-03 03:41:12",0,0,0,0,0,0,0,0,0
S00000233047,2916450,"2026-01-06 03:24:01",11880,9964,1916,0,9964,0,0,0,0
S00000233136,2913466,"2026-01-03 03:30:18",13365,12503,862,0,12503,0,0,0,0
S00000233136,2913467,"2026-01-03 03:30:18",0,0,0,0,0,0,0,0,0
S00000233474,2913293,"2026-01-03 03:23:47",990,927,63,0,927,0,0,0,0
S00000233493,2912989,"2026-01-02 08:51:23",14107,13652,455,0,13652,0,0,0,0
S00000233493,2912990,"2026-01-02 08:51:23",0,0,0,0,0,0,0,0,0
S00000233604,2912613,"2026-01-02 08:39:01",13365,12934,431,0,12934,0,0,0,0
S00000233604,2912614,"2026-01-02 08:39:01",0,0,0,0,0,0,0,0,0
S00000233778,2914256,"2026-01-04 03:28:12",11880,10731,1149,0,10731,0,0,0,0
S00000233778,2914257,"2026-01-04 03:28:15",990,895,95,0,895,0,0,0,0
S00000233860,2913007,"2026-01-02 08:51:59",14850,14371,479,0,14371,0,0,0,0
S00000233860,2913008,"2026-01-02 08:51:59",0,0,0,0,0,0,0,0,0
S00000233974,2913555,"2026-01-03 03:33:16",13365,12503,862,0,12503,0,0,0,0
S00000233974,2913556,"2026-01-03 03:33:16",0,0,0,0,0,0,0,0,0
S00000234132,2910911,"2026-01-01 04:00:55",13365,13365,0,0,13365,0,0,0,0
S00000234132,2910912,"2026-01-01 04:00:55",0,0,0,0,0,0,0,0,0
S00000234175,2915087,"2026-01-05 03:26:06",11880,10348,1532,0,10348,0,0,0,0
S00000234241,2913292,"2026-01-03 03:23:44",990,927,63,0,927,0,0,0,0
S00000234254,2916747,"2026-01-06 03:36:06",19800,16607,3193,0,16607,0,0,0,0
S00000234274,2878244,"2026-01-05 03:39:08",14107,12287,1820,0,12287,0,0,0,0
S00000234274,2915460,"2026-01-05 03:39:08",0,0,0,0,0,0,0,0,0
S00000234308,2912403,"2026-01-02 08:31:03",11880,11497,383,0,11497,0,0,0,0
S00000234350,2913296,"2026-01-03 03:23:59",11880,11114,766,0,11114,0,0,0,0
S00000234366,2910661,"2026-01-01 03:51:18",11880,11880,0,0,11880,0,0,0,0
S00000234605,2912438,"2026-01-02 08:32:53",990,959,31,0,959,0,0,0,0
S00000234605,2912439,"2026-01-02 08:32:56",11880,11497,383,0,11497,0,0,0,0
S00000234615,2912405,"2026-01-02 08:31:10",11880,11497,383,0,11497,0,0,0,0
S00000234615,2912406,"2026-01-02 08:31:13",19800,19162,638,0,19162,0,0,0,0
S00000234616,2916459,"2026-01-06 03:24:18",12622,10587,2035,0,10587,0,0,0,0
S00000234616,2916460,"2026-01-06 03:24:18",0,0,0,0,0,0,0,0,0
S00000234618,2914198,"2026-01-04 03:25:33",11880,10731,1149,0,10731,0,0,0,0
S00000234666,2913290,"2026-01-03 03:23:38",11880,11114,766,0,11114,0,0,0,0
S00000234666,2913291,"2026-01-03 03:23:41",990,927,63,0,927,0,0,0,0
S00000234685,2912407,"2026-01-02 08:31:17",11880,11497,383,0,11497,0,0,0,0
S00000234685,2914197,"2026-01-04 03:25:29",990,895,95,0,895,0,0,0,0
S00000234705,2915070,"2026-01-05 03:24:59",11880,10348,1532,0,10348,0,0,0,0
S00000234706,2912409,"2026-01-02 08:31:24",11880,11497,383,0,11497,0,0,0,0
S00000234709,2915118,"2026-01-05 03:27:20",13365,11641,1724,0,11641,0,0,0,0
S00000234709,2915119,"2026-01-05 03:27:20",0,0,0,0,0,0,0,0,0
S00000234723,2916750,"2026-01-06 03:36:13",11880,9964,1916,0,9964,0,0,0,0
S00000234732,2913445,"2026-01-03 03:29:34",13365,12503,862,0,12503,0,0,0,0
S00000234732,2913446,"2026-01-03 03:29:34",0,0,0,0,0,0,0,0,0
S00000234746,2916726,"2026-01-06 03:35:05",11880,9964,1916,0,9964,0,0,0,0
S00000234787,2913294,"2026-01-03 03:23:50",11880,11114,766,0,11114,0,0,0,0
S00000234821,2914201,"2026-01-04 03:25:46",11880,10731,1149,0,10731,0,0,0,0
S00000234837,2914205,"2026-01-04 03:25:57",11880,10731,1149,0,10731,0,0,0,0
S00000234837,2914206,"2026-01-04 03:26:00",990,895,95,0,895,0,0,0,0
S00000234842,2916406,"2026-01-06 03:22:22",13365,11210,2155,0,11210,0,0,0,0
S00000234842,2916407,"2026-01-06 03:22:22",0,0,0,0,0,0,0,0,0
S00000234849,2916393,"2026-01-06 03:21:52",11880,9964,1916,0,9964,0,0,0,0
S00000234863,2910682,"2026-01-01 03:52:36",11880,11880,0,0,11880,0,0,0,0
S00000234893,2916877,"2026-01-06 03:40:58",11880,9964,1916,0,9964,0,0,0,0
S00000234962,2916520,"2026-01-06 03:26:39",13365,11210,2155,0,11210,0,0,0,0
S00000234962,2916521,"2026-01-06 03:26:39",0,0,0,0,0,0,0,0,0
S00000235217,2912144,"2026-01-01 23:51:25",0,0,0,0,0,0,0,0,0
S00000235217,2912145,"2026-01-01 23:51:25",14107,14107,0,0,14107,0,0,0,0
S00000235217,2912156,"2026-01-02 08:10:39",-990,-990,0,0,-990,0,0,0,0
S00000235279,2914549,"2026-01-04 03:37:56",14107,12742,1365,0,12742,0,0,0,0
S00000235279,2914550,"2026-01-04 03:37:57",0,0,0,0,0,0,0,0,0
S00000235518,2911463,"2026-01-01 04:19:42",14107,14107,0,0,14107,0,0,0,0
S00000235518,2911464,"2026-01-01 04:19:42",0,0,0,0,0,0,0,0,0
S00000235722,2913999,"2026-01-03 21:33:55",0,0,0,0,0,0,0,0,0
S00000235722,2914000,"2026-01-03 21:33:55",14850,13892,958,0,13892,0,0,0,0
S00000235911,2914391,"2026-01-04 03:32:45",990,895,95,0,895,0,0,0,0
S00000236043,2911273,"2026-01-01 04:13:21",39600,39600,0,0,39600,0,0,0,0
S00000236345,2909464,"2026-01-01 03:15:42",7425,7425,0,0,7425,0,0,0,0
S00000236345,2909886,"2026-01-01 03:15:42",0,0,0,0,0,0,0,0,0
S00000236423,2910240,"2026-01-01 03:28:09",12622,12622,0,0,12622,0,0,0,0
S00000236423,2910241,"2026-01-01 03:28:09",0,0,0,0,0,0,0,0,0
S00000236440,2910087,"2026-01-01 03:23:12",14107,14107,0,0,14107,0,0,0,0
S00000236440,2910088,"2026-01-01 03:23:12",0,0,0,0,0,0,0,0,0
S00000236514,2914450,"2026-01-04 03:34:44",14107,12742,1365,0,12742,0,0,0,0
S00000236514,2914451,"2026-01-04 03:34:44",0,0,0,0,0,0,0,0,0
S00000236538,2910244,"2026-01-01 03:28:16",13365,13365,0,0,13365,0,0,0,0
S00000236538,2910245,"2026-01-01 03:28:16",0,0,0,0,0,0,0,0,0
S00000236659,2915186,"2026-01-05 03:29:45",12622,10994,1628,0,10994,0,0,0,0
S00000236659,2915187,"2026-01-05 03:29:45",0,0,0,0,0,0,0,0,0
S00000236672,2910173,"2026-01-01 03:26:00",13365,13365,0,0,13365,0,0,0,0
S00000236672,2910174,"2026-01-01 03:26:00",0,0,0,0,0,0,0,0,0
S00000236702,2912446,"2026-01-02 08:33:11",12622,12215,407,0,12215,0,0,0,0
S00000236702,2912447,"2026-01-02 08:33:11",0,0,0,0,0,0,0,0,0
S00000236735,2910278,"2026-01-01 03:29:32",11880,11880,0,0,11880,0,0,0,0
S00000236735,2910279,"2026-01-01 03:29:35",990,990,0,0,990,0,0,0,0
S00000236761,2910862,"2026-01-01 03:59:25",12622,12622,0,0,12622,0,0,0,0
S00000236761,2910863,"2026-01-01 03:59:25",0,0,0,0,0,0,0,0,0
S00000236765,2910866,"2026-01-01 03:59:31",12622,12622,0,0,12622,0,0,0,0
S00000236765,2910867,"2026-01-01 03:59:31",0,0,0,0,0,0,0,0,0
S00000236765,2910868,"2026-01-01 03:59:33",19800,19800,0,0,19800,0,0,0,0
S00000236779,2910675,"2026-01-01 03:52:11",11880,11880,0,0,11880,0,0,0,0
S00000236779,2910676,"2026-01-01 03:52:14",19800,19800,0,0,19800,0,0,0,0
S00000236779,2914213,"2026-01-04 03:26:25",990,895,95,0,895,0,0,0,0
S00000236831,2916372,"2026-01-06 03:21:04",14107,11832,2275,0,11832,0,0,0,0
S00000236831,2916373,"2026-01-06 03:21:04",0,0,0,0,0,0,0,0,0
S00000236842,2910684,"2026-01-01 03:52:43",11880,11880,0,0,11880,0,0,0,0
S00000236889,2912474,"2026-01-02 08:34:08",13365,12934,431,0,12934,0,0,0,0
S00000236889,2912475,"2026-01-02 08:34:08",0,0,0,0,0,0,0,0,0
S00000236890,2913919,"2026-01-03 07:01:06",7233,6767,466,0,6767,0,0,0,0
S00000236890,2913920,"2026-01-03 07:01:06",0,0,0,0,0,0,0,0,0
S00000236890,2916167,"2026-01-05 20:06:08",19800,17246,2554,0,17246,0,0,0,0
S00000236900,2914288,"2026-01-04 03:29:22",13365,12072,1293,0,12072,0,0,0,0
S00000236900,2914289,"2026-01-04 03:29:22",0,0,0,0,0,0,0,0,0
S00000236919,2910691,"2026-01-01 03:53:09",11880,11880,0,0,11880,0,0,0,0
S00000236965,2916936,"2026-01-06 03:42:59",14850,12455,2395,0,12455,0,0,0,0
S00000236965,2916937,"2026-01-06 03:42:59",0,0,0,0,0,0,0,0,0
S00000236969,2910887,"2026-01-01 04:00:11",13365,13365,0,0,13365,0,0,0,0
S00000236969,2910888,"2026-01-01 04:00:11",0,0,0,0,0,0,0,0,0
S00000236976,2910284,"2026-01-01 03:29:52",11880,11880,0,0,11880,0,0,0,0
S00000236981,2912419,"2026-01-02 08:31:57",11880,11497,383,0,11497,0,0,0,0
S00000236981,2912420,"2026-01-02 08:32:00",990,959,31,0,959,0,0,0,0
S00000237005,2913303,"2026-01-03 03:24:24",11880,11114,766,0,11114,0,0,0,0
S00000237017,2914784,"2026-01-04 13:13:40",14850,13413,1437,0,13413,0,0,0,0
S00000237017,2914785,"2026-01-04 13:13:44",19800,17884,1916,0,17884,0,0,0,0
S00000237017,2914786,"2026-01-04 13:13:44",0,0,0,0,0,0,0,0,0
S00000237047,2914211,"2026-01-04 03:26:18",11880,10731,1149,0,10731,0,0,0,0
S00000237047,2914212,"2026-01-04 03:26:22",990,895,95,0,895,0,0,0,0
S00000237050,2910931,"2026-01-01 04:01:34",13365,13365,0,0,13365,0,0,0,0
S00000237050,2910932,"2026-01-01 04:01:34",0,0,0,0,0,0,0,0,0
S00000237053,2912423,"2026-01-02 08:32:09",11880,11497,383,0,11497,0,0,0,0
S00000237061,2910687,"2026-01-01 03:52:55",11880,11880,0,0,11880,0,0,0,0
S00000237061,2910688,"2026-01-01 03:52:58",990,990,0,0,990,0,0,0,0
S00000237098,2912208,"2026-01-02 08:19:57",11880,11497,383,0,11497,0,0,0,0
S00000237101,2913299,"2026-01-03 03:24:09",11880,11114,766,0,11114,0,0,0,0
S00000237101,2916339,"2026-01-06 03:19:53",990,831,159,0,831,0,0,0,0
S00000237105,2914216,"2026-01-04 03:26:37",17820,16096,1724,0,16096,0,0,0,0
S00000237143,2914036,"2026-01-04 03:16:04",11880,10731,1149,0,10731,0,0,0,0
S00000237201,2912417,"2026-01-02 08:31:50",11880,11497,383,0,11497,0,0,0,0
S00000237201,2912418,"2026-01-02 08:31:53",990,959,31,0,959,0,0,0,0
S00000237236,2913359,"2026-01-03 03:26:46",13365,12503,862,0,12503,0,0,0,0
S00000237236,2913360,"2026-01-03 03:26:46",0,0,0,0,0,0,0,0,0
S00000237239,2913301,"2026-01-03 03:24:17",17820,16671,1149,0,16671,0,0,0,0
S00000237239,2913302,"2026-01-03 03:24:20",990,927,63,0,927,0,0,0,0
S00000237276,2914034,"2026-01-04 03:15:56",11880,10731,1149,0,10731,0,0,0,0
S00000237276,2914035,"2026-01-04 03:16:00",990,895,95,0,895,0,0,0,0
S00000237289,2914232,"2026-01-04 03:27:26",13365,12072,1293,0,12072,0,0,0,0
S00000237289,2914233,"2026-01-04 03:27:26",0,0,0,0,0,0,0,0,0
S00000237298,2916283,"2026-01-06 03:16:30",11880,9964,1916,0,9964,0,0,0,0
S00000237298,2916284,"2026-01-06 03:16:34",990,831,159,0,831,0,0,0,0
S00000237300,2915077,"2026-01-05 03:25:28",11880,10348,1532,0,10348,0,0,0,0
S00000237319,2913298,"2026-01-03 03:24:06",11880,11114,766,0,11114,0,0,0,0
S00000237321,2916751,"2026-01-06 03:36:17",11880,9964,1916,0,9964,0,0,0,0
S00000237466,2915093,"2026-01-05 03:26:29",13365,11641,1724,0,11641,0,0,0,0
S00000237466,2915094,"2026-01-05 03:26:29",0,0,0,0,0,0,0,0,0
S00000237478,2915076,"2026-01-05 03:25:25",11880,10348,1532,0,10348,0,0,0,0
S00000237620,2914214,"2026-01-04 03:26:29",11880,10731,1149,0,10731,0,0,0,0
S00000237628,2915081,"2026-01-05 03:25:43",11880,10348,1532,0,10348,0,0,0,0
S00000237970,2915539,"2026-01-05 03:41:52",14850,12934,1916,0,12934,0,0,0,0
S00000237970,2915540,"2026-01-05 03:41:52",0,0,0,0,0,0,0,0,0
S00000238074,2911714,"2026-01-01 04:28:22",14107,14107,0,0,14107,0,0,0,0
S00000238074,2911715,"2026-01-01 04:28:22",0,0,0,0,0,0,0,0,0
S00000238175,2913783,"2026-01-03 03:41:20",13365,12503,862,0,12503,0,0,0,0
S00000238175,2913784,"2026-01-03 03:41:20",0,0,0,0,0,0,0,0,0
S00000238194,2912425,"2026-01-02 08:32:16",11880,11497,383,0,11497,0,0,0,0
S00000238348,2911089,"2026-01-01 04:07:06",14107,14107,0,0,14107,0,0,0,0
S00000238348,2911090,"2026-01-01 04:07:06",0,0,0,0,0,0,0,0,0
S00000238474,2913591,"2026-01-03 03:34:29",13365,12503,862,0,12503,0,0,0,0
S00000238474,2913592,"2026-01-03 03:34:29",0,0,0,0,0,0,0,0,0
S00000238515,2914245,"2026-01-04 03:27:51",12622,11401,1221,0,11401,0,0,0,0
S00000238515,2914246,"2026-01-04 03:27:52",0,0,0,0,0,0,0,0,0
S00000238529,2911229,"2026-01-01 04:11:59",13365,13365,0,0,13365,0,0,0,0
S00000238529,2911230,"2026-01-01 04:11:59",0,0,0,0,0,0,0,0,0
S00000238555,2910880,"2026-01-01 03:59:55",13365,13365,0,0,13365,0,0,0,0
S00000238555,2910881,"2026-01-01 03:59:55",0,0,0,0,0,0,0,0,0
S00000238611,2911636,"2026-01-01 04:25:38",14850,14850,0,0,14850,0,0,0,0
S00000238611,2911637,"2026-01-01 04:25:38",0,0,0,0,0,0,0,0,0
S00000238611,2911638,"2026-01-01 04:25:41",19800,19800,0,0,19800,0,0,0,0
S00000238847,2909949,"2026-01-01 03:18:45",13365,13365,0,0,13365,0,0,0,0
S00000238847,2909950,"2026-01-01 03:18:45",0,0,0,0,0,0,0,0,0
S00000238861,2909951,"2026-01-01 03:18:48",13365,13365,0,0,13365,0,0,0,0
S00000238861,2909952,"2026-01-01 03:18:48",0,0,0,0,0,0,0,0,0
S00000239171,2913847,"2026-01-03 03:43:25",14107,13197,910,0,13197,0,0,0,0
S00000239171,2913848,"2026-01-03 03:43:25",0,0,0,0,0,0,0,0,0
S00000239264,2911811,"2026-01-01 04:31:40",21450,21450,0,0,21450,0,0,0,0
S00000239264,2911812,"2026-01-01 04:31:40",0,0,0,0,0,0,0,0,0
S00000239432,2912440,"2026-01-02 08:33:00",13365,12934,431,0,12934,0,0,0,0
S00000239432,2912441,"2026-01-02 08:33:00",0,0,0,0,0,0,0,0,0
S00000239527,2912029,"2026-01-01 04:39:13",14850,14850,0,0,14850,0,0,0,0
S00000239527,2912030,"2026-01-01 04:39:13",0,0,0,0,0,0,0,0,0
S00000239668,2912589,"2026-01-02 08:38:13",19305,18683,622,0,18683,0,0,0,0
S00000239668,2912590,"2026-01-02 08:38:13",0,0,0,0,0,0,0,0,0
S00000239755,2915090,"2026-01-05 03:26:18",11880,10348,1532,0,10348,0,0,0,0
S00000239774,2911511,"2026-01-01 04:21:27",14850,14850,0,0,14850,0,0,0,0
S00000239774,2911512,"2026-01-01 04:21:27",0,0,0,0,0,0,0,0,0
S00000239832,2911904,"2026-01-01 04:34:55",14850,14850,0,0,14850,0,0,0,0
S00000239832,2911905,"2026-01-01 04:34:55",0,0,0,0,0,0,0,0,0
S00000239882,2915084,"2026-01-05 03:25:56",11880,10348,1532,0,10348,0,0,0,0
S00000239888,2910531,"2026-01-01 03:43:30",11880,11880,0,0,11880,0,0,0,0
S00000239899,2911495,"2026-01-01 04:20:49",14850,14850,0,0,14850,0,0,0,0
S00000239899,2911496,"2026-01-01 04:20:49",0,0,0,0,0,0,0,0,0
S00000239948,2912553,"2026-01-02 08:37:03",12622,12215,407,0,12215,0,0,0,0
S00000239948,2912554,"2026-01-02 08:37:04",0,0,0,0,0,0,0,0,0
S00000240019,2913524,"2026-01-03 03:32:16",13365,12503,862,0,12503,0,0,0,0
S00000240019,2913525,"2026-01-03 03:32:16",0,0,0,0,0,0,0,0,0
S00000240025,2910275,"2026-01-01 03:29:22",11880,11880,0,0,11880,0,0,0,0
S00000240025,2910276,"2026-01-01 03:29:24",990,990,0,0,990,0,0,0,0
S00000240029,2910696,"2026-01-01 03:53:28",11880,11880,0,0,11880,0,0,0,0
S00000240030,2910976,"2026-01-01 04:03:06",13365,13365,0,0,13365,0,0,0,0
S00000240030,2910977,"2026-01-01 04:03:06",0,0,0,0,0,0,0,0,0
S00000240081,2913312,"2026-01-03 03:24:59",11880,11114,766,0,11114,0,0,0,0
S00000240137,2913313,"2026-01-03 03:25:02",11880,11114,766,0,11114,0,0,0,0
S00000240137,2913314,"2026-01-03 03:25:04",990,927,63,0,927,0,0,0,0
S00000240139,2913308,"2026-01-03 03:24:43",11880,11114,766,0,11114,0,0,0,0
S00000240189,2911361,"2026-01-01 04:16:20",13365,13365,0,0,13365,0,0,0,0
S00000240189,2911362,"2026-01-01 04:16:20",0,0,0,0,0,0,0,0,0
S00000240217,2912433,"2026-01-02 08:32:41",13365,12934,431,0,12934,0,0,0,0
S00000240217,2912434,"2026-01-02 08:32:41",0,0,0,0,0,0,0,0,0
S00000240241,2910698,"2026-01-01 03:53:35",11880,11880,0,0,11880,0,0,0,0
S00000240249,2912457,"2026-01-02 08:33:33",19305,18683,622,0,18683,0,0,0,0
S00000240249,2912458,"2026-01-02 08:33:34",0,0,0,0,0,0,0,0,0
S00000240260,2911274,"2026-01-01 04:13:24",13365,13365,0,0,13365,0,0,0,0
S00000240260,2911275,"2026-01-01 04:13:24",0,0,0,0,0,0,0,0,0
S00000240263,2910708,"2026-01-01 03:54:06",11880,11880,0,0,11880,0,0,0,0
S00000240297,2910710,"2026-01-01 03:54:14",11880,11880,0,0,11880,0,0,0,0
S00000240315,2915089,"2026-01-05 03:26:14",11880,10348,1532,0,10348,0,0,0,0
S00000240317,2914225,"2026-01-04 03:27:07",11880,10731,1149,0,10731,0,0,0,0
S00000240317,2914226,"2026-01-04 03:27:11",990,895,95,0,895,0,0,0,0
S00000240318,2915091,"2026-01-05 03:26:22",11880,10348,1532,0,10348,0,0,0,0
S00000240318,2915092,"2026-01-05 03:26:25",990,863,127,0,863,0,0,0,0
S00000240354,2913342,"2026-01-03 03:26:11",13365,12503,862,0,12503,0,0,0,0
S00000240354,2913343,"2026-01-03 03:26:11",0,0,0,0,0,0,0,0,0
S00000240375,2914221,"2026-01-04 03:26:52",11880,10731,1149,0,10731,0,0,0,0
S00000240375,2914222,"2026-01-04 03:26:55",990,895,95,0,895,0,0,0,0
S00000240376,2913309,"2026-01-03 03:24:48",990,927,63,0,927,0,0,0,0
S00000240385,2914219,"2026-01-04 03:26:43",11880,10731,1149,0,10731,0,0,0,0
S00000240393,2916752,"2026-01-06 03:36:20",11880,9964,1916,0,9964,0,0,0,0
S00000240396,2915086,"2026-01-05 03:26:02",11880,10348,1532,0,10348,0,0,0,0
S00000240418,2916476,"2026-01-06 03:24:52",12622,10587,2035,0,10587,0,0,0,0
S00000240418,2916477,"2026-01-06 03:24:52",0,0,0,0,0,0,0,0,0
S00000240427,2916753,"2026-01-06 03:36:23",11880,9964,1916,0,9964,0,0,0,0
S00000240451,2914227,"2026-01-04 03:27:14",12622,11401,1221,0,11401,0,0,0,0
S00000240451,2914228,"2026-01-04 03:27:14",0,0,0,0,0,0,0,0,0
S00000240459,2914923,"2026-01-05 03:16:25",11880,10348,1532,0,10348,0,0,0,0
S00000240459,2914924,"2026-01-05 03:16:28",990,863,127,0,863,0,0,0,0
S00000240460,2914467,"2026-01-04 03:35:17",13365,12072,1293,0,12072,0,0,0,0
S00000240460,2914468,"2026-01-04 03:35:17",0,0,0,0,0,0,0,0,0
S00000240481,2915080,"2026-01-05 03:25:39",11880,10348,1532,0,10348,0,0,0,0
S00000240519,2916281,"2026-01-06 03:16:22",11880,9964,1916,0,9964,0,0,0,0
S00000240568,2916756,"2026-01-06 03:36:32",11880,9964,1916,0,9964,0,0,0,0
S00000240607,2913851,"2026-01-03 03:43:33",19305,18060,1245,0,18060,0,0,0,0
S00000240607,2913852,"2026-01-03 03:43:33",0,0,0,0,0,0,0,0,0
S00000240734,2914252,"2026-01-04 03:28:05",13365,12072,1293,0,12072,0,0,0,0
S00000240734,2914253,"2026-01-04 03:28:05",0,0,0,0,0,0,0,0,0
S00000240750,2914250,"2026-01-04 03:28:02",13365,12072,1293,0,12072,0,0,0,0
S00000240750,2914251,"2026-01-04 03:28:02",0,0,0,0,0,0,0,0,0
S00000240878,2915445,"2026-01-05 03:38:39",14107,12287,1820,0,12287,0,0,0,0
S00000240878,2915446,"2026-01-05 03:38:39",0,0,0,0,0,0,0,0,0
S00000240902,2912449,"2026-01-02 08:33:19",12622,12215,407,0,12215,0,0,0,0
S00000240902,2912450,"2026-01-02 08:33:19",0,0,0,0,0,0,0,0,0
S00000240950,2914258,"2026-01-04 03:28:20",19305,17437,1868,0,17437,0,0,0,0
S00000240950,2914259,"2026-01-04 03:28:20",0,0,0,0,0,0,0,0,0
S00000241118,2911091,"2026-01-01 04:07:10",12622,12622,0,0,12622,0,0,0,0
S00000241118,2911092,"2026-01-01 04:07:10",0,0,0,0,0,0,0,0,0
S00000241134,2910217,"2026-01-01 03:27:23",12622,12622,0,0,12622,0,0,0,0
S00000241134,2910218,"2026-01-01 03:27:23",0,0,0,0,0,0,0,0,0
S00000241211,2916451,"2026-01-06 03:24:04",12622,10587,2035,0,10587,0,0,0,0
S00000241211,2916452,"2026-01-06 03:24:04",0,0,0,0,0,0,0,0,0
S00000241238,2913421,"2026-01-03 03:28:47",12622,11808,814,0,11808,0,0,0,0
S00000241238,2913422,"2026-01-03 03:28:47",0,0,0,0,0,0,0,0,0
S00000241254,2913350,"2026-01-03 03:26:28",12622,11808,814,0,11808,0,0,0,0
S00000241254,2913351,"2026-01-03 03:26:28",0,0,0,0,0,0,0,0,0
S00000241263,2910939,"2026-01-01 04:01:50",13365,13365,0,0,13365,0,0,0,0
S00000241263,2910940,"2026-01-01 04:01:50",0,0,0,0,0,0,0,0,0
S00000241349,2910891,"2026-01-01 04:00:19",12622,12622,0,0,12622,0,0,0,0
S00000241349,2910892,"2026-01-01 04:00:19",0,0,0,0,0,0,0,0,0
S00000241451,2886661,"2026-01-01 04:07:53",14107,14107,0,0,14107,0,0,0,0
S00000241451,2911111,"2026-01-01 04:07:53",0,0,0,0,0,0,0,0,0
S00000241451,2913928,"2026-01-03 10:48:38",7874,7366,508,0,7366,0,0,0,0
S00000241451,2913929,"2026-01-03 10:48:39",0,0,0,0,0,0,0,0,0
S00000241480,2913408,"2026-01-03 03:28:20",13365,12503,862,0,12503,0,0,0,0
S00000241480,2913409,"2026-01-03 03:28:20",0,0,0,0,0,0,0,0,0
S00000241494,2913431,"2026-01-03 03:29:08",13365,12503,862,0,12503,0,0,0,0
S00000241494,2913432,"2026-01-03 03:29:08",0,0,0,0,0,0,0,0,0
S00000241521,2910807,"2026-01-01 03:57:38",12622,12622,0,0,12622,0,0,0,0
S00000241521,2910808,"2026-01-01 03:57:38",0,0,0,0,0,0,0,0,0
S00000241551,2914904,"2026-01-05 03:15:47",14850,12934,1916,0,12934,0,0,0,0
S00000241551,2914905,"2026-01-05 03:15:47",0,0,0,0,0,0,0,0,0
S00000241766,2916249,"2026-01-06 03:15:17",14850,12455,2395,0,12455,0,0,0,0
S00000241766,2916250,"2026-01-06 03:15:17",0,0,0,0,0,0,0,0,0
S00000241774,2913866,"2026-01-03 03:44:04",14107,13197,910,0,13197,0,0,0,0
S00000241774,2913867,"2026-01-03 03:44:04",0,0,0,0,0,0,0,0,0
S00000241808,2910168,"2026-01-01 03:25:50",13365,13365,0,0,13365,0,0,0,0
S00000241808,2910169,"2026-01-01 03:25:50",0,0,0,0,0,0,0,0,0
S00000241918,2913860,"2026-01-03 03:43:54",14850,13892,958,0,13892,0,0,0,0
S00000241918,2913861,"2026-01-03 03:43:54",0,0,0,0,0,0,0,0,0
S00000242106,2910751,"2026-01-01 03:55:45",12622,12622,0,0,12622,0,0,0,0
S00000242106,2910752,"2026-01-01 03:55:46",0,0,0,0,0,0,0,0,0
S00000242137,2910725,"2026-01-01 03:54:50",13365,13365,0,0,13365,0,0,0,0
S00000242137,2910726,"2026-01-01 03:54:50",0,0,0,0,0,0,0,0,0
S00000242208,2910219,"2026-01-01 03:27:27",12622,12622,0,0,12622,0,0,0,0
S00000242208,2910220,"2026-01-01 03:27:27",0,0,0,0,0,0,0,0,0
S00000242221,2910720,"2026-01-01 03:54:36",12622,12622,0,0,12622,0,0,0,0
S00000242221,2910721,"2026-01-01 03:54:36",0,0,0,0,0,0,0,0,0
S00000242272,2915541,"2026-01-05 03:41:56",14850,12934,1916,0,12934,0,0,0,0
S00000242272,2915542,"2026-01-05 03:41:56",0,0,0,0,0,0,0,0,0
S00000242323,2910737,"2026-01-01 03:55:18",13365,13365,0,0,13365,0,0,0,0
S00000242323,2910738,"2026-01-01 03:55:18",0,0,0,0,0,0,0,0,0
S00000242331,2910248,"2026-01-01 03:28:26",13365,13365,0,0,13365,0,0,0,0
S00000242331,2910249,"2026-01-01 03:28:26",0,0,0,0,0,0,0,0,0
S00000242333,2910757,"2026-01-01 03:55:57",13365,13365,0,0,13365,0,0,0,0
S00000242333,2910758,"2026-01-01 03:55:57",0,0,0,0,0,0,0,0,0
S00000242338,2910727,"2026-01-01 03:54:54",12622,12622,0,0,12622,0,0,0,0
S00000242338,2910728,"2026-01-01 03:54:54",0,0,0,0,0,0,0,0,0
S00000242407,2910271,"2026-01-01 03:29:15",13365,13365,0,0,13365,0,0,0,0
S00000242407,2910272,"2026-01-01 03:29:15",0,0,0,0,0,0,0,0,0
S00000242411,2910739,"2026-01-01 03:55:21",13365,13365,0,0,13365,0,0,0,0
S00000242411,2910740,"2026-01-01 03:55:21",0,0,0,0,0,0,0,0,0
S00000242425,2911390,"2026-01-01 04:17:19",13365,13365,0,0,13365,0,0,0,0
S00000242425,2911391,"2026-01-01 04:17:19",0,0,0,0,0,0,0,0,0
S00000242452,2912455,"2026-01-02 08:33:30",13365,12934,431,0,12934,0,0,0,0
S00000242452,2912456,"2026-01-02 08:33:30",0,0,0,0,0,0,0,0,0
S00000242495,2916757,"2026-01-06 03:36:36",12622,10587,2035,0,10587,0,0,0,0
S00000242495,2916758,"2026-01-06 03:36:36",0,0,0,0,0,0,0,0,0
S00000242510,2910745,"2026-01-01 03:55:34",12622,12622,0,0,12622,0,0,0,0
S00000242510,2910746,"2026-01-01 03:55:34",0,0,0,0,0,0,0,0,0
S00000242533,2910137,"2026-01-01 03:24:47",13365,13365,0,0,13365,0,0,0,0
S00000242533,2910138,"2026-01-01 03:24:47",0,0,0,0,0,0,0,0,0
S00000242546,2915213,"2026-01-05 03:30:37",12622,10994,1628,0,10994,0,0,0,0
S00000242546,2915214,"2026-01-05 03:30:38",0,0,0,0,0,0,0,0,0
S00000242548,2912066,"2026-01-01 08:22:37",0,0,0,0,0,0,0,0,0
S00000242548,2912067,"2026-01-01 08:22:37",13365,13365,0,0,13365,0,0,0,0
S00000242552,2911116,"2026-01-01 04:08:05",12622,12622,0,0,12622,0,0,0,0
S00000242552,2911117,"2026-01-01 04:08:05",0,0,0,0,0,0,0,0,0
S00000242598,2910854,"2026-01-01 03:59:10",13365,13365,0,0,13365,0,0,0,0
S00000242598,2910855,"2026-01-01 03:59:10",0,0,0,0,0,0,0,0,0
S00000242599,2910747,"2026-01-01 03:55:37",13365,13365,0,0,13365,0,0,0,0
S00000242599,2910748,"2026-01-01 03:55:37",0,0,0,0,0,0,0,0,0
S00000242609,2913318,"2026-01-03 03:25:16",13365,12503,862,0,12503,0,0,0,0
S00000242609,2913319,"2026-01-03 03:25:16",0,0,0,0,0,0,0,0,0
S00000242612,2915097,"2026-01-05 03:26:37",13365,11641,1724,0,11641,0,0,0,0
S00000242612,2915098,"2026-01-05 03:26:37",0,0,0,0,0,0,0,0,0
S00000242623,2910729,"2026-01-01 03:54:58",13365,13365,0,0,13365,0,0,0,0
S00000242623,2910730,"2026-01-01 03:54:58",0,0,0,0,0,0,0,0,0
S00000242624,2913170,"2026-01-03 03:16:12",13365,12503,862,0,12503,0,0,0,0
S00000242624,2913171,"2026-01-03 03:16:12",0,0,0,0,0,0,0,0,0
S00000242635,2910083,"2026-01-01 03:23:04",14107,14107,0,0,14107,0,0,0,0
S00000242635,2910084,"2026-01-01 03:23:04",0,0,0,0,0,0,0,0,0
S00000242651,2910749,"2026-01-01 03:55:42",13365,13365,0,0,13365,0,0,0,0
S00000242651,2910750,"2026-01-01 03:55:42",0,0,0,0,0,0,0,0,0
S00000242661,2910741,"2026-01-01 03:55:25",13365,13365,0,0,13365,0,0,0,0
S00000242661,2910742,"2026-01-01 03:55:25",0,0,0,0,0,0,0,0,0
S00000242665,2913565,"2026-01-03 03:33:36",12622,11808,814,0,11808,0,0,0,0
S00000242665,2913566,"2026-01-03 03:33:36",0,0,0,0,0,0,0,0,0
S00000242676,2910755,"2026-01-01 03:55:53",13365,13365,0,0,13365,0,0,0,0
S00000242676,2910756,"2026-01-01 03:55:53",0,0,0,0,0,0,0,0,0
S00000242677,2913334,"2026-01-03 03:25:55",13365,12503,862,0,12503,0,0,0,0
S00000242677,2913335,"2026-01-03 03:25:55",0,0,0,0,0,0,0,0,0
S00000242683,2914392,"2026-01-04 03:32:48",13365,12072,1293,0,12072,0,0,0,0
S00000242683,2914393,"2026-01-04 03:32:48",0,0,0,0,0,0,0,0,0
S00000242699,2912442,"2026-01-02 08:33:04",12622,12215,407,0,12215,0,0,0,0
S00000242699,2912443,"2026-01-02 08:33:04",0,0,0,0,0,0,0,0,0
S00000242720,2912451,"2026-01-02 08:33:23",13365,12934,431,0,12934,0,0,0,0
S00000242720,2912452,"2026-01-02 08:33:23",0,0,0,0,0,0,0,0,0
S00000242731,2913340,"2026-01-03 03:26:07",13365,12503,862,0,12503,0,0,0,0
S00000242731,2913341,"2026-01-03 03:26:07",0,0,0,0,0,0,0,0,0
S00000242737,2913320,"2026-01-03 03:25:19",13365,12503,862,0,12503,0,0,0,0
S00000242737,2913321,"2026-01-03 03:25:19",0,0,0,0,0,0,0,0,0
S00000242738,2912453,"2026-01-02 08:33:26",13365,12934,431,0,12934,0,0,0,0
S00000242738,2912454,"2026-01-02 08:33:26",0,0,0,0,0,0,0,0,0
S00000242745,2913338,"2026-01-03 03:26:03",13365,12503,862,0,12503,0,0,0,0
S00000242745,2913339,"2026-01-03 03:26:03",0,0,0,0,0,0,0,0,0
S00000242747,2913769,"2026-01-03 03:40:45",14850,13892,958,0,13892,0,0,0,0
S00000242747,2913770,"2026-01-03 03:40:45",0,0,0,0,0,0,0,0,0
S00000242758,2913367,"2026-01-03 03:27:01",13365,12503,862,0,12503,0,0,0,0
S00000242758,2913368,"2026-01-03 03:27:01",0,0,0,0,0,0,0,0,0
S00000242769,2913332,"2026-01-03 03:25:48",13365,12503,862,0,12503,0,0,0,0
S00000242769,2913333,"2026-01-03 03:25:48",0,0,0,0,0,0,0,0,0
S00000242773,2913325,"2026-01-03 03:25:31",12622,11808,814,0,11808,0,0,0,0
S00000242773,2913326,"2026-01-03 03:25:31",0,0,0,0,0,0,0,0,0
S00000242774,2913336,"2026-01-03 03:25:59",13365,12503,862,0,12503,0,0,0,0
S00000242774,2913337,"2026-01-03 03:25:59",0,0,0,0,0,0,0,0,0
S00000242779,2915099,"2026-01-05 03:26:41",13365,11641,1724,0,11641,0,0,0,0
S00000242779,2915100,"2026-01-05 03:26:41",0,0,0,0,0,0,0,0,0
S00000242781,2914247,"2026-01-04 03:27:55",12622,11401,1221,0,11401,0,0,0,0
S00000242781,2914248,"2026-01-04 03:27:55",0,0,0,0,0,0,0,0,0
S00000242785,2914241,"2026-01-04 03:27:43",13365,12072,1293,0,12072,0,0,0,0
S00000242785,2914242,"2026-01-04 03:27:43",0,0,0,0,0,0,0,0,0
S00000242790,2914238,"2026-01-04 03:27:36",12622,11401,1221,0,11401,0,0,0,0
S00000242790,2914239,"2026-01-04 03:27:36",0,0,0,0,0,0,0,0,0
S00000242818,2911931,"2026-01-01 04:35:51",13365,13365,0,0,13365,0,0,0,0
S00000242818,2911932,"2026-01-01 04:35:51",0,0,0,0,0,0,0,0,0
S00000242824,2915237,"2026-01-05 03:31:27",13365,11641,1724,0,11641,0,0,0,0
S00000242824,2915238,"2026-01-05 03:31:27",0,0,0,0,0,0,0,0,0
S00000242828,2915112,"2026-01-05 03:27:08",13365,11641,1724,0,11641,0,0,0,0
S00000242828,2915113,"2026-01-05 03:27:08",0,0,0,0,0,0,0,0,0
S00000242876,2915101,"2026-01-05 03:26:44",13365,11641,1724,0,11641,0,0,0,0
S00000242876,2915102,"2026-01-05 03:26:44",0,0,0,0,0,0,0,0,0
S00000242908,2915105,"2026-01-05 03:26:52",13365,11641,1724,0,11641,0,0,0,0
S00000242908,2915106,"2026-01-05 03:26:52",0,0,0,0,0,0,0,0,0
S00000242912,2914254,"2026-01-04 03:28:08",13365,12072,1293,0,12072,0,0,0,0
S00000242912,2914255,"2026-01-04 03:28:08",0,0,0,0,0,0,0,0,0
S00000242920,2916588,"2026-01-06 03:29:17",13365,11210,2155,0,11210,0,0,0,0
S00000242920,2916589,"2026-01-06 03:29:17",0,0,0,0,0,0,0,0,0
S00000242969,2915109,"2026-01-05 03:27:00",13365,11641,1724,0,11641,0,0,0,0
S00000242969,2915110,"2026-01-05 03:27:00",0,0,0,0,0,0,0,0,0
S00000242969,2915111,"2026-01-05 03:27:04",19800,17246,2554,0,17246,0,0,0,0
S00000242983,2915107,"2026-01-05 03:26:56",13365,11641,1724,0,11641,0,0,0,0
S00000242983,2915108,"2026-01-05 03:26:56",0,0,0,0,0,0,0,0,0
S00000242998,2915114,"2026-01-05 03:27:12",13365,11641,1724,0,11641,0,0,0,0
S00000242998,2915115,"2026-01-05 03:27:12",0,0,0,0,0,0,0,0,0
S00000242999,2916438,"2026-01-06 03:23:37",13365,11210,2155,0,11210,0,0,0,0
S00000242999,2916439,"2026-01-06 03:23:37",0,0,0,0,0,0,0,0,0
S00000243016,2916759,"2026-01-06 03:36:39",12622,10587,2035,0,10587,0,0,0,0
S00000243016,2916760,"2026-01-06 03:36:39",0,0,0,0,0,0,0,0,0
S00000243042,2910809,"2026-01-01 03:57:41",13365,13365,0,0,13365,0,0,0,0
S00000243042,2910810,"2026-01-01 03:57:41",0,0,0,0,0,0,0,0,0
S00000243066,2916761,"2026-01-06 03:36:42",13365,11210,2155,0,11210,0,0,0,0
S00000243066,2916762,"2026-01-06 03:36:42",0,0,0,0,0,0,0,0,0
S00000243126,2902661,"2026-01-01 03:15:09",7425,7425,0,0,7425,0,0,0,0
S00000243126,2909878,"2026-01-01 03:15:09",0,0,0,0,0,0,0,0,0
S00000243127,2912656,"2026-01-02 08:40:30",12622,12215,407,0,12215,0,0,0,0
S00000243127,2912657,"2026-01-02 08:40:30",0,0,0,0,0,0,0,0,0
S00000243192,2911499,"2026-01-01 04:20:57",19800,19800,0,0,19800,0,0,0,0
S00000243302,2910197,"2026-01-01 03:26:45",12622,12622,0,0,12622,0,0,0,0
S00000243302,2910198,"2026-01-01 03:26:45",0,0,0,0,0,0,0,0,0
S00000243306,2910199,"2026-01-01 03:26:48",13365,13365,0,0,13365,0,0,0,0
S00000243306,2910200,"2026-01-01 03:26:48",0,0,0,0,0,0,0,0,0
S00000243310,2910201,"2026-01-01 03:26:52",12622,12622,0,0,12622,0,0,0,0
S00000243310,2910202,"2026-01-01 03:26:52",0,0,0,0,0,0,0,0,0
S00000243680,2910085,"2026-01-01 03:23:08",14107,14107,0,0,14107,0,0,0,0
S00000243680,2910086,"2026-01-01 03:23:08",0,0,0,0,0,0,0,0,0
S00000244059,2916201,"2026-01-05 21:40:56",0,0,0,0,0,0,0,0,0
S00000244059,2916202,"2026-01-05 21:40:56",14107,12287,1820,0,12287,0,0,0,0
S00000244072,2910205,"2026-01-01 03:27:00",12622,12622,0,0,12622,0,0,0,0
S00000244072,2910206,"2026-01-01 03:27:00",0,0,0,0,0,0,0,0,0
S00000244099,2910797,"2026-01-01 03:57:16",12622,12622,0,0,12622,0,0,0,0
S00000244099,2910798,"2026-01-01 03:57:16",0,0,0,0,0,0,0,0,0
S00000244116,2912470,"2026-01-02 08:34:00",12622,12215,407,0,12215,0,0,0,0
S00000244116,2912471,"2026-01-02 08:34:00",0,0,0,0,0,0,0,0,0
S00000244167,2916150,"2026-01-06 03:15:09",13365,11210,2155,0,11210,0,0,0,0
S00000244167,2916246,"2026-01-06 03:15:09",0,0,0,0,0,0,0,0,0
S00000244168,2910781,"2026-01-01 03:56:44",12622,12622,0,0,12622,0,0,0,0
S00000244168,2910782,"2026-01-01 03:56:44",0,0,0,0,0,0,0,0,0
S00000244253,2910139,"2026-01-01 03:24:51",13365,13365,0,0,13365,0,0,0,0
S00000244253,2910140,"2026-01-01 03:24:51",0,0,0,0,0,0,0,0,0
S00000244276,2911002,"2026-01-01 04:03:59",19800,19800,0,0,19800,0,0,0,0
S00000244283,2910777,"2026-01-01 03:56:36",13365,13365,0,0,13365,0,0,0,0
S00000244283,2910778,"2026-01-01 03:56:36",0,0,0,0,0,0,0,0,0
S00000244405,2910769,"2026-01-01 03:56:20",12622,12622,0,0,12622,0,0,0,0
S00000244405,2910770,"2026-01-01 03:56:20",0,0,0,0,0,0,0,0,0
S00000244419,2911917,"2026-01-01 04:35:24",14107,14107,0,0,14107,0,0,0,0
S00000244419,2911918,"2026-01-01 04:35:24",0,0,0,0,0,0,0,0,0
S00000244422,2910803,"2026-01-01 03:57:30",12622,12622,0,0,12622,0,0,0,0
S00000244422,2910804,"2026-01-01 03:57:30",0,0,0,0,0,0,0,0,0
S00000244452,2910795,"2026-01-01 03:57:12",12622,12622,0,0,12622,0,0,0,0
S00000244452,2910796,"2026-01-01 03:57:12",0,0,0,0,0,0,0,0,0
S00000244454,2910767,"2026-01-01 03:56:16",13365,13365,0,0,13365,0,0,0,0
S00000244454,2910768,"2026-01-01 03:56:16",0,0,0,0,0,0,0,0,0
S00000244484,2910801,"2026-01-01 03:57:26",12622,12622,0,0,12622,0,0,0,0
S00000244484,2910802,"2026-01-01 03:57:26",0,0,0,0,0,0,0,0,0
S00000244488,2910850,"2026-01-01 03:59:02",12622,12622,0,0,12622,0,0,0,0
S00000244488,2910851,"2026-01-01 03:59:02",0,0,0,0,0,0,0,0,0
S00000244493,2914267,"2026-01-04 03:28:37",19800,17884,1916,0,17884,0,0,0,0
S00000244504,2910230,"2026-01-01 03:27:50",12622,12622,0,0,12622,0,0,0,0
S00000244504,2910231,"2026-01-01 03:27:50",0,0,0,0,0,0,0,0,0
S00000244544,2910779,"2026-01-01 03:56:41",12622,12622,0,0,12622,0,0,0,0
S00000244544,2910780,"2026-01-01 03:56:41",0,0,0,0,0,0,0,0,0
S00000244560,2910955,"2026-01-01 04:02:24",12622,12622,0,0,12622,0,0,0,0
S00000244560,2910956,"2026-01-01 04:02:24",0,0,0,0,0,0,0,0,0
S00000244580,2912464,"2026-01-02 08:33:48",12622,12215,407,0,12215,0,0,0,0
S00000244580,2912465,"2026-01-02 08:33:48",0,0,0,0,0,0,0,0,0
S00000244583,2910813,"2026-01-01 03:57:48",12622,12622,0,0,12622,0,0,0,0
S00000244583,2910814,"2026-01-01 03:57:48",0,0,0,0,0,0,0,0,0
S00000244606,2911379,"2026-01-01 04:16:57",13365,13365,0,0,13365,0,0,0,0
S00000244606,2911380,"2026-01-01 04:16:58",0,0,0,0,0,0,0,0,0
S00000244621,2910799,"2026-01-01 03:57:21",12622,12622,0,0,12622,0,0,0,0
S00000244621,2910800,"2026-01-01 03:57:21",0,0,0,0,0,0,0,0,0
S00000244645,2912154,"2026-01-02 07:06:44",0,0,0,0,0,0,0,0,0
S00000244645,2912155,"2026-01-02 07:06:44",7425,7186,239,0,7186,0,0,0,0
S00000244658,2910819,"2026-01-01 03:58:03",12622,12622,0,0,12622,0,0,0,0
S00000244658,2910820,"2026-01-01 03:58:03",0,0,0,0,0,0,0,0,0
S00000244666,2910257,"2026-01-01 03:28:44",12622,12622,0,0,12622,0,0,0,0
S00000244666,2910258,"2026-01-01 03:28:44",0,0,0,0,0,0,0,0,0
S00000244677,2910805,"2026-01-01 03:57:34",12622,12622,0,0,12622,0,0,0,0
S00000244677,2910806,"2026-01-01 03:57:34",0,0,0,0,0,0,0,0,0
S00000244800,2913995,"2026-01-03 20:55:35",0,0,0,0,0,0,0,0,0
S00000244800,2913996,"2026-01-03 20:55:35",14850,13892,958,0,13892,0,0,0,0
S00000244847,2909929,"2026-01-01 03:18:09",14850,14850,0,0,14850,0,0,0,0
S00000244847,2909930,"2026-01-01 03:18:09",0,0,0,0,0,0,0,0,0
S00000244851,2911125,"2026-01-01 04:08:24",12622,12622,0,0,12622,0,0,0,0
S00000244851,2911126,"2026-01-01 04:08:24",0,0,0,0,0,0,0,0,0
S00000244861,2909920,"2026-01-01 03:17:49",14107,14107,0,0,14107,0,0,0,0
S00000244861,2909921,"2026-01-01 03:17:49",0,0,0,0,0,0,0,0,0
S00000244864,2910787,"2026-01-01 03:56:56",12622,12622,0,0,12622,0,0,0,0
S00000244864,2910788,"2026-01-01 03:56:56",0,0,0,0,0,0,0,0,0
S00000245005,2913346,"2026-01-03 03:26:20",12622,11808,814,0,11808,0,0,0,0
S00000245005,2913347,"2026-01-03 03:26:20",0,0,0,0,0,0,0,0,0
S00000245015,2913954,"2026-01-03 13:11:04",0,0,0,0,0,0,0,0,0
S00000245015,2913955,"2026-01-03 13:11:04",14107,13197,910,0,13197,0,0,0,0
S00000245125,2910209,"2026-01-01 03:27:07",12622,12622,0,0,12622,0,0,0,0
S00000245125,2910210,"2026-01-01 03:27:07",0,0,0,0,0,0,0,0,0
S00000245189,2910775,"2026-01-01 03:56:32",12622,12622,0,0,12622,0,0,0,0
S00000245189,2910776,"2026-01-01 03:56:32",0,0,0,0,0,0,0,0,0
S00000245236,2910771,"2026-01-01 03:56:23",13365,13365,0,0,13365,0,0,0,0
S00000245236,2910772,"2026-01-01 03:56:23",0,0,0,0,0,0,0,0,0
S00000245239,2910785,"2026-01-01 03:56:52",13365,13365,0,0,13365,0,0,0,0
S00000245239,2910786,"2026-01-01 03:56:52",0,0,0,0,0,0,0,0,0
S00000245272,2914604,"2026-01-04 03:39:49",14850,13413,1437,0,13413,0,0,0,0
S00000245272,2914605,"2026-01-04 03:39:49",0,0,0,0,0,0,0,0,0
S00000245282,2912472,"2026-01-02 08:34:04",12622,12215,407,0,12215,0,0,0,0
S00000245282,2912473,"2026-01-02 08:34:04",0,0,0,0,0,0,0,0,0
S00000245289,2910773,"2026-01-01 03:56:27",13365,13365,0,0,13365,0,0,0,0
S00000245289,2910774,"2026-01-01 03:56:27",0,0,0,0,0,0,0,0,0
S00000245302,2912565,"2026-01-02 08:37:27",13365,12934,431,0,12934,0,0,0,0
S00000245302,2912566,"2026-01-02 08:37:27",0,0,0,0,0,0,0,0,0
S00000245307,2910823,"2026-01-01 03:58:10",13365,13365,0,0,13365,0,0,0,0
S00000245307,2910824,"2026-01-01 03:58:10",0,0,0,0,0,0,0,0,0
S00000245319,2910783,"2026-01-01 03:56:48",13365,13365,0,0,13365,0,0,0,0
S00000245319,2910784,"2026-01-01 03:56:48",0,0,0,0,0,0,0,0,0
S00000245348,2910827,"2026-01-01 03:58:18",13365,13365,0,0,13365,0,0,0,0
S00000245348,2910828,"2026-01-01 03:58:18",0,0,0,0,0,0,0,0,0
S00000245359,2910252,"2026-01-01 03:28:33",13365,13365,0,0,13365,0,0,0,0
S00000245359,2910253,"2026-01-01 03:28:33",0,0,0,0,0,0,0,0,0
S00000245359,2910254,"2026-01-01 03:28:36",19800,19800,0,0,19800,0,0,0,0
S00000245381,2910789,"2026-01-01 03:57:00",13365,13365,0,0,13365,0,0,0,0
S00000245381,2910790,"2026-01-01 03:57:00",0,0,0,0,0,0,0,0,0
S00000245383,2912462,"2026-01-02 08:33:44",13365,12934,431,0,12934,0,0,0,0
S00000245383,2912463,"2026-01-02 08:33:44",0,0,0,0,0,0,0,0,0
S00000245396,2910840,"2026-01-01 03:58:43",12622,12622,0,0,12622,0,0,0,0
S00000245396,2910841,"2026-01-01 03:58:43",0,0,0,0,0,0,0,0,0
S00000245403,2910065,"2026-01-01 03:22:30",13365,13365,0,0,13365,0,0,0,0
S00000245403,2910066,"2026-01-01 03:22:30",0,0,0,0,0,0,0,0,0
S00000245409,2912466,"2026-01-02 08:33:52",13365,12934,431,0,12934,0,0,0,0
S00000245409,2912467,"2026-01-02 08:33:52",0,0,0,0,0,0,0,0,0
S00000245417,2872562,"2026-01-01 04:34:25",14107,14107,0,0,14107,0,0,0,0
S00000245417,2911892,"2026-01-01 04:34:25",0,0,0,0,0,0,0,0,0
S00000245427,2910791,"2026-01-01 03:57:03",13365,13365,0,0,13365,0,0,0,0
S00000245427,2910792,"2026-01-01 03:57:03",0,0,0,0,0,0,0,0,0
S00000245429,2910821,"2026-01-01 03:58:06",13365,13365,0,0,13365,0,0,0,0
S00000245429,2910822,"2026-01-01 03:58:06",0,0,0,0,0,0,0,0,0
S00000245431,2910793,"2026-01-01 03:57:08",13365,13365,0,0,13365,0,0,0,0
S00000245431,2910794,"2026-01-01 03:57:08",0,0,0,0,0,0,0,0,0
S00000245437,2910811,"2026-01-01 03:57:45",12622,12622,0,0,12622,0,0,0,0
S00000245437,2910812,"2026-01-01 03:57:45",0,0,0,0,0,0,0,0,0
S00000245439,2913344,"2026-01-03 03:26:15",13365,12503,862,0,12503,0,0,0,0
S00000245439,2913345,"2026-01-03 03:26:15",0,0,0,0,0,0,0,0,0
S00000245470,2881312,"2026-01-04 03:33:04",13365,0,13365,0,0,0,0,0,0
S00000245470,2914400,"2026-01-04 03:33:04",0,0,0,0,0,0,0,0,0
S00000245493,2913348,"2026-01-03 03:26:24",13365,12503,862,0,12503,0,0,0,0
S00000245493,2913349,"2026-01-03 03:26:24",0,0,0,0,0,0,0,0,0
S00000245508,2914431,"2026-01-04 03:34:09",19305,17437,1868,0,17437,0,0,0,0
S00000245508,2914432,"2026-01-04 03:34:09",0,0,0,0,0,0,0,0,0
S00000245528,2911540,"2026-01-01 04:22:20",14850,14850,0,0,14850,0,0,0,0
S00000245528,2911541,"2026-01-01 04:22:20",0,0,0,0,0,0,0,0,0
S00000245559,2913400,"2026-01-03 03:28:05",19305,18060,1245,0,18060,0,0,0,0
S00000245559,2913401,"2026-01-03 03:28:05",0,0,0,0,0,0,0,0,0
S00000245563,2916434,"2026-01-06 03:23:29",13365,11210,2155,0,11210,0,0,0,0
S00000245563,2916435,"2026-01-06 03:23:29",0,0,0,0,0,0,0,0,0
S00000245567,2916461,"2026-01-06 03:24:22",13365,11210,2155,0,11210,0,0,0,0
S00000245567,2916462,"2026-01-06 03:24:22",0,0,0,0,0,0,0,0,0
S00000245569,2914914,"2026-01-05 03:16:06",12622,10994,1628,0,10994,0,0,0,0
S00000245569,2914915,"2026-01-05 03:16:06",0,0,0,0,0,0,0,0,0
S00000245591,2916763,"2026-01-06 03:36:45",13365,11210,2155,0,11210,0,0,0,0
S00000245591,2916764,"2026-01-06 03:36:45",0,0,0,0,0,0,0,0,0
S00000245703,2913894,"2026-01-03 03:45:01",14850,13892,958,0,13892,0,0,0,0
S00000245703,2913895,"2026-01-03 03:45:02",0,0,0,0,0,0,0,0,0
S00000245724,2916765,"2026-01-06 03:36:49",13365,11210,2155,0,11210,0,0,0,0
S00000245724,2916766,"2026-01-06 03:36:49",0,0,0,0,0,0,0,0,0
S00000245768,2915122,"2026-01-05 03:27:28",13365,11641,1724,0,11641,0,0,0,0
S00000245768,2915123,"2026-01-05 03:27:28",0,0,0,0,0,0,0,0,0
S00000245791,2916767,"2026-01-06 03:36:54",13365,11210,2155,0,11210,0,0,0,0
S00000245791,2916768,"2026-01-06 03:36:54",0,0,0,0,0,0,0,0,0
S00000245987,2911118,"2026-01-01 04:08:09",12622,12622,0,0,12622,0,0,0,0
S00000245987,2911119,"2026-01-01 04:08:09",0,0,0,0,0,0,0,0,0
S00000246026,2911795,"2026-01-01 04:31:04",14107,14107,0,0,14107,0,0,0,0
S00000246026,2911796,"2026-01-01 04:31:04",0,0,0,0,0,0,0,0,0
S00000246367,2910901,"2026-01-01 04:00:36",13365,13365,0,0,13365,0,0,0,0
S00000246367,2910902,"2026-01-01 04:00:36",0,0,0,0,0,0,0,0,0
S00000246392,2913087,"2026-01-02 16:07:46",0,0,0,0,0,0,0,0,0
S00000246392,2913088,"2026-01-02 16:07:46",7425,7186,239,0,7186,0,0,0,0
S00000246446,2916398,"2026-01-06 03:22:08",13365,11210,2155,0,11210,0,0,0,0
S00000246446,2916399,"2026-01-06 03:22:08",0,0,0,0,0,0,0,0,0
S00000246492,2914850,"2026-01-04 20:31:16",0,0,0,0,0,0,0,0,0
S00000246492,2914851,"2026-01-04 20:31:16",14107,12742,1365,0,12742,0,0,0,0
S00000246717,2910844,"2026-01-01 03:58:51",12622,12622,0,0,12622,0,0,0,0
S00000246717,2910845,"2026-01-01 03:58:51",0,0,0,0,0,0,0,0,0
S00000246984,2914340,"2026-01-04 03:31:02",18232,16468,1764,0,16468,0,0,0,0
S00000246984,2914341,"2026-01-04 03:31:02",0,0,0,0,0,0,0,0,0
S00000247100,2910193,"2026-01-01 03:26:37",19305,19305,0,0,19305,0,0,0,0
S00000247100,2910194,"2026-01-01 03:26:37",0,0,0,0,0,0,0,0,0
S00000247149,2915378,"2026-01-05 03:36:19",19800,17246,2554,0,17246,0,0,0,0
S00000247156,2909935,"2026-01-01 03:18:19",14107,14107,0,0,14107,0,0,0,0
S00000247156,2909936,"2026-01-01 03:18:19",0,0,0,0,0,0,0,0,0
S00000247443,2910195,"2026-01-01 03:26:40",13365,13365,0,0,13365,0,0,0,0
S00000247443,2910196,"2026-01-01 03:26:40",0,0,0,0,0,0,0,0,0
S00000247579,2916507,"2026-01-06 03:26:12",12622,10587,2035,0,10587,0,0,0,0
S00000247579,2916508,"2026-01-06 03:26:12",0,0,0,0,0,0,0,0,0
S00000247608,2913108,"2026-01-05 03:42:04",8958,7803,1155,0,7803,0,0,0,0
S00000247608,2915545,"2026-01-05 03:42:04",0,0,0,0,0,0,0,0,0
S00000247676,2910838,"2026-01-01 03:58:39",13365,13365,0,0,13365,0,0,0,0
S00000247676,2910839,"2026-01-01 03:58:39",0,0,0,0,0,0,0,0,0
S00000247700,2910856,"2026-01-01 03:59:14",13365,13365,0,0,13365,0,0,0,0
S00000247700,2910857,"2026-01-01 03:59:14",0,0,0,0,0,0,0,0,0
S00000247713,2915146,"2026-01-05 03:28:19",13365,11641,1724,0,11641,0,0,0,0
S00000247713,2915147,"2026-01-05 03:28:19",0,0,0,0,0,0,0,0,0
S00000247725,2916003,"2026-01-05 14:52:25",0,0,0,0,0,0,0,0,0
S00000247725,2916004,"2026-01-05 14:52:25",14107,12287,1820,0,12287,0,0,0,0
S00000247775,2912479,"2026-01-02 08:34:24",13365,12934,431,0,12934,0,0,0,0
S00000247775,2912480,"2026-01-02 08:34:24",0,0,0,0,0,0,0,0,0
S00000247822,2881991,"2026-01-04 03:29:55",19305,17437,1868,0,17437,0,0,0,0
S00000247822,2914306,"2026-01-04 03:29:55",0,0,0,0,0,0,0,0,0
S00000247908,2910878,"2026-01-01 03:59:52",13365,13365,0,0,13365,0,0,0,0
S00000247908,2910879,"2026-01-01 03:59:52",0,0,0,0,0,0,0,0,0
S00000247942,2910858,"2026-01-01 03:59:17",13365,13365,0,0,13365,0,0,0,0
S00000247942,2910859,"2026-01-01 03:59:17",0,0,0,0,0,0,0,0,0
S00000247957,2913365,"2026-01-03 03:26:58",13365,12503,862,0,12503,0,0,0,0
S00000247957,2913366,"2026-01-03 03:26:58",0,0,0,0,0,0,0,0,0
S00000247963,2913363,"2026-01-03 03:26:54",13365,0,13365,0,0,0,0,0,0
S00000247963,2913364,"2026-01-03 03:26:54",0,0,0,0,0,0,0,0,0
S00000247987,2915447,"2026-01-05 03:38:42",14850,12934,1916,0,12934,0,0,0,0
S00000247987,2915448,"2026-01-05 03:38:42",0,0,0,0,0,0,0,0,0
S00000248010,2914272,"2026-01-04 03:28:49",13365,12072,1293,0,12072,0,0,0,0
S00000248010,2914273,"2026-01-04 03:28:49",0,0,0,0,0,0,0,0,0
S00000248015,2910852,"2026-01-01 03:59:06",13365,13365,0,0,13365,0,0,0,0
S00000248015,2910853,"2026-01-01 03:59:06",0,0,0,0,0,0,0,0,0
S00000248018,2914270,"2026-01-04 03:28:45",13365,12072,1293,0,12072,0,0,0,0
S00000248018,2914271,"2026-01-04 03:28:45",0,0,0,0,0,0,0,0,0
S00000248031,2914354,"2026-01-04 03:31:29",13365,12072,1293,0,12072,0,0,0,0
S00000248031,2914355,"2026-01-04 03:31:29",0,0,0,0,0,0,0,0,0
S00000248036,2913357,"2026-01-03 03:26:43",13365,12503,862,0,12503,0,0,0,0
S00000248036,2913358,"2026-01-03 03:26:43",0,0,0,0,0,0,0,0,0
S00000248037,2914263,"2026-01-04 03:28:30",13365,12072,1293,0,12072,0,0,0,0
S00000248037,2914264,"2026-01-04 03:28:30",0,0,0,0,0,0,0,0,0
S00000248040,2912199,"2026-01-02 08:19:39",13365,12934,431,0,12934,0,0,0,0
S00000248040,2912200,"2026-01-02 08:19:39",0,0,0,0,0,0,0,0,0
S00000248046,2913369,"2026-01-03 03:27:04",13365,12503,862,0,12503,0,0,0,0
S00000248046,2913370,"2026-01-03 03:27:04",0,0,0,0,0,0,0,0,0
S00000248051,2915124,"2026-01-05 03:27:32",13365,11641,1724,0,11641,0,0,0,0
S00000248051,2915125,"2026-01-05 03:27:32",0,0,0,0,0,0,0,0,0
S00000248064,2912481,"2026-01-02 08:34:28",13365,12934,431,0,12934,0,0,0,0
S00000248064,2912482,"2026-01-02 08:34:28",0,0,0,0,0,0,0,0,0
S00000248175,2915130,"2026-01-05 03:27:45",13365,11641,1724,0,11641,0,0,0,0
S00000248175,2915131,"2026-01-05 03:27:45",0,0,0,0,0,0,0,0,0
S00000248182,2914265,"2026-01-04 03:28:34",13365,12072,1293,0,12072,0,0,0,0
S00000248182,2914266,"2026-01-04 03:28:34",0,0,0,0,0,0,0,0,0
S00000248226,2916769,"2026-01-06 03:36:57",13365,11210,2155,0,11210,0,0,0,0
S00000248226,2916770,"2026-01-06 03:36:57",0,0,0,0,0,0,0,0,0
S00000248233,2911695,"2026-01-01 04:27:42",14850,14850,0,0,14850,0,0,0,0
S00000248233,2911696,"2026-01-01 04:27:42",0,0,0,0,0,0,0,0,0
S00000248282,2915134,"2026-01-05 03:27:52",13365,11641,1724,0,11641,0,0,0,0
S00000248282,2915135,"2026-01-05 03:27:52",0,0,0,0,0,0,0,0,0
S00000248285,2911187,"2026-01-01 04:10:30",19800,19800,0,0,19800,0,0,0,0
S00000248323,2916518,"2026-01-06 03:26:35",13365,11210,2155,0,11210,0,0,0,0
S00000248323,2916519,"2026-01-06 03:26:35",0,0,0,0,0,0,0,0,0
S00000248367,2911333,"2026-01-01 04:15:27",13365,13365,0,0,13365,0,0,0,0
S00000248367,2911334,"2026-01-01 04:15:27",0,0,0,0,0,0,0,0,0
S00000248381,2915478,"2026-01-05 03:39:51",14850,12934,1916,0,12934,0,0,0,0
S00000248381,2915479,"2026-01-05 03:39:51",0,0,0,0,0,0,0,0,0
S00000248498,2912580,"2026-01-02 08:37:56",14107,13652,455,0,13652,0,0,0,0
S00000248498,2912581,"2026-01-02 08:37:56",0,0,0,0,0,0,0,0,0
S00000248521,2912871,"2026-01-02 08:47:18",13365,12934,431,0,12934,0,0,0,0
S00000248521,2912872,"2026-01-02 08:47:18",0,0,0,0,0,0,0,0,0
S00000248635,2910996,"2026-01-01 04:03:47",13365,13365,0,0,13365,0,0,0,0
S00000248635,2910997,"2026-01-01 04:03:47",0,0,0,0,0,0,0,0,0
S00000248786,2910941,"2026-01-01 04:01:54",13365,13365,0,0,13365,0,0,0,0
S00000248786,2910942,"2026-01-01 04:01:54",0,0,0,0,0,0,0,0,0
S00000248940,2913528,"2026-01-03 03:32:24",14107,13197,910,0,13197,0,0,0,0
S00000248940,2913529,"2026-01-03 03:32:24",0,0,0,0,0,0,0,0,0
S00000249018,2910909,"2026-01-01 04:00:51",13365,13365,0,0,13365,0,0,0,0
S00000249018,2910910,"2026-01-01 04:00:51",0,0,0,0,0,0,0,0,0
S00000249217,2910903,"2026-01-01 04:00:40",13365,13365,0,0,13365,0,0,0,0
S00000249217,2910904,"2026-01-01 04:00:40",0,0,0,0,0,0,0,0,0
S00000249340,2913579,"2026-01-03 03:34:03",13365,12503,862,0,12503,0,0,0,0
S00000249340,2913580,"2026-01-03 03:34:03",0,0,0,0,0,0,0,0,0
S00000249342,2914815,"2026-01-04 15:29:09",14850,13413,1437,0,13413,0,0,0,0
S00000249342,2914816,"2026-01-04 15:29:15",19800,17884,1916,0,17884,0,0,0,0
S00000249342,2914817,"2026-01-04 15:29:15",0,0,0,0,0,0,0,0,0
S00000249361,2910224,"2026-01-01 03:27:39",12622,12622,0,0,12622,0,0,0,0
S00000249361,2910225,"2026-01-01 03:27:39",0,0,0,0,0,0,0,0,0
S00000249367,2909961,"2026-01-01 03:19:07",14107,14107,0,0,14107,0,0,0,0
S00000249367,2909962,"2026-01-01 03:19:07",0,0,0,0,0,0,0,0,0
S00000249510,2913843,"2026-01-03 03:43:18",14850,13892,958,0,13892,0,0,0,0
S00000249510,2913844,"2026-01-03 03:43:18",0,0,0,0,0,0,0,0,0
S00000249624,2910919,"2026-01-01 04:01:12",13365,13365,0,0,13365,0,0,0,0
S00000249624,2910920,"2026-01-01 04:01:12",0,0,0,0,0,0,0,0,0
S00000249627,2914286,"2026-01-04 03:29:15",13365,12072,1293,0,12072,0,0,0,0
S00000249627,2914287,"2026-01-04 03:29:15",0,0,0,0,0,0,0,0,0
S00000249646,2912723,"2026-01-02 08:42:27",14107,13652,455,0,13652,0,0,0,0
S00000249646,2912724,"2026-01-02 08:42:27",0,0,0,0,0,0,0,0,0
S00000249669,2910181,"2026-01-01 03:26:16",14107,14107,0,0,14107,0,0,0,0
S00000249669,2910182,"2026-01-01 03:26:16",0,0,0,0,0,0,0,0,0
S00000249708,2910913,"2026-01-01 04:00:59",13365,13365,0,0,13365,0,0,0,0
S00000249708,2910914,"2026-01-01 04:00:59",0,0,0,0,0,0,0,0,0
S00000249717,2916471,"2026-01-06 03:24:40",19800,16607,3193,0,16607,0,0,0,0
S00000249781,2910175,"2026-01-01 03:26:04",13365,13365,0,0,13365,0,0,0,0
S00000249781,2910176,"2026-01-01 03:26:04",0,0,0,0,0,0,0,0,0
S00000249784,2909835,"2026-01-01 03:16:42",7425,7425,0,0,7425,0,0,0,0
S00000249784,2909902,"2026-01-01 03:16:42",0,0,0,0,0,0,0,0,0
S00000249797,2906341,"2026-01-01 03:16:45",7425,7425,0,0,7425,0,0,0,0
S00000249797,2909903,"2026-01-01 03:16:45",0,0,0,0,0,0,0,0,0
S00000249802,2910873,"2026-01-01 03:59:42",12622,12622,0,0,12622,0,0,0,0
S00000249802,2910874,"2026-01-01 03:59:42",0,0,0,0,0,0,0,0,0
S00000249844,2913501,"2026-01-03 03:31:28",13365,12503,862,0,12503,0,0,0,0
S00000249844,2913502,"2026-01-03 03:31:28",0,0,0,0,0,0,0,0,0
S00000249966,2916381,"2026-01-06 03:21:25",13365,11210,2155,0,11210,0,0,0,0
S00000249966,2916382,"2026-01-06 03:21:25",0,0,0,0,0,0,0,0,0
S00000249970,2912488,"2026-01-02 08:34:43",13365,12934,431,0,12934,0,0,0,0
S00000249970,2912489,"2026-01-02 08:34:43",0,0,0,0,0,0,0,0,0
S00000249981,2910183,"2026-01-01 03:26:18",13365,13365,0,0,13365,0,0,0,0
S00000249981,2910184,"2026-01-01 03:26:18",0,0,0,0,0,0,0,0,0
S00000250042,2910860,"2026-01-01 03:59:21",12622,12622,0,0,12622,0,0,0,0
S00000250042,2910861,"2026-01-01 03:59:21",0,0,0,0,0,0,0,0,0
S00000250049,2913724,"2026-01-03 03:39:14",14107,13197,910,0,13197,0,0,0,0
S00000250049,2913725,"2026-01-03 03:39:14",0,0,0,0,0,0,0,0,0
S00000250076,2910897,"2026-01-01 04:00:29",19305,19305,0,0,19305,0,0,0,0
S00000250076,2910898,"2026-01-01 04:00:29",0,0,0,0,0,0,0,0,0
S00000250098,2914491,"2026-01-04 03:36:03",14107,12742,1365,0,12742,0,0,0,0
S00000250098,2914492,"2026-01-04 03:36:04",0,0,0,0,0,0,0,0,0
S00000250191,2910211,"2026-01-01 03:27:11",13365,13365,0,0,13365,0,0,0,0
S00000250191,2910212,"2026-01-01 03:27:11",0,0,0,0,0,0,0,0,0
S00000250244,2912492,"2026-01-02 08:34:50",13365,12934,431,0,12934,0,0,0,0
S00000250244,2912493,"2026-01-02 08:34:50",0,0,0,0,0,0,0,0,0
S00000250253,2910864,"2026-01-01 03:59:27",13365,13365,0,0,13365,0,0,0,0
S00000250253,2910865,"2026-01-01 03:59:28",0,0,0,0,0,0,0,0,0
S00000250257,2912497,"2026-01-02 08:35:01",19305,18683,622,0,18683,0,0,0,0
S00000250257,2912498,"2026-01-02 08:35:01",0,0,0,0,0,0,0,0,0
S00000250257,2912499,"2026-01-02 08:35:05",19800,19162,638,0,19162,0,0,0,0
S00000250273,2912494,"2026-01-02 08:34:54",13365,12934,431,0,12934,0,0,0,0
S00000250273,2912495,"2026-01-02 08:34:54",0,0,0,0,0,0,0,0,0
S00000250273,2912496,"2026-01-02 08:34:57",19800,19162,638,0,19162,0,0,0,0
S00000250324,2910907,"2026-01-01 04:00:48",13365,13365,0,0,13365,0,0,0,0
S00000250324,2910908,"2026-01-01 04:00:48",0,0,0,0,0,0,0,0,0
S00000250348,2910915,"2026-01-01 04:01:06",13365,13365,0,0,13365,0,0,0,0
S00000250348,2910916,"2026-01-01 04:01:06",0,0,0,0,0,0,0,0,0
S00000250356,2910895,"2026-01-01 04:00:25",13365,13365,0,0,13365,0,0,0,0
S00000250356,2910896,"2026-01-01 04:00:25",0,0,0,0,0,0,0,0,0
S00000250373,2910893,"2026-01-01 04:00:22",13365,13365,0,0,13365,0,0,0,0
S00000250373,2910894,"2026-01-01 04:00:22",0,0,0,0,0,0,0,0,0
S00000250393,2910905,"2026-01-01 04:00:44",13365,13365,0,0,13365,0,0,0,0
S00000250393,2910906,"2026-01-01 04:00:44",0,0,0,0,0,0,0,0,0
S00000250396,2912040,"2026-01-01 04:39:42",14850,14850,0,0,14850,0,0,0,0
S00000250396,2912041,"2026-01-01 04:39:42",0,0,0,0,0,0,0,0,0
S00000250399,2914284,"2026-01-04 03:29:12",13365,12072,1293,0,12072,0,0,0,0
S00000250399,2914285,"2026-01-04 03:29:12",0,0,0,0,0,0,0,0,0
S00000250410,2913375,"2026-01-03 03:27:17",13365,12503,862,0,12503,0,0,0,0
S00000250410,2913376,"2026-01-03 03:27:17",0,0,0,0,0,0,0,0,0
S00000250426,2913371,"2026-01-03 03:27:08",13365,12503,862,0,12503,0,0,0,0
S00000250426,2913372,"2026-01-03 03:27:08",0,0,0,0,0,0,0,0,0
S00000250432,2912484,"2026-01-02 08:34:35",13365,12934,431,0,12934,0,0,0,0
S00000250432,2912485,"2026-01-02 08:34:35",0,0,0,0,0,0,0,0,0
S00000250478,2912486,"2026-01-02 08:34:40",13365,12934,431,0,12934,0,0,0,0
S00000250478,2912487,"2026-01-02 08:34:40",0,0,0,0,0,0,0,0,0
S00000250501,2910969,"2026-01-01 04:02:51",13365,13365,0,0,13365,0,0,0,0
S00000250501,2910970,"2026-01-01 04:02:51",0,0,0,0,0,0,0,0,0
S00000250507,2912502,"2026-01-02 08:35:13",13365,12934,431,0,12934,0,0,0,0
S00000250507,2912503,"2026-01-02 08:35:13",0,0,0,0,0,0,0,0,0
S00000250512,2915140,"2026-01-05 03:28:05",13365,11641,1724,0,11641,0,0,0,0
S00000250512,2915141,"2026-01-05 03:28:05",0,0,0,0,0,0,0,0,0
S00000250534,2909918,"2026-01-01 03:17:45",14107,14107,0,14107,0,0,0,0,0
S00000250534,2909919,"2026-01-01 03:17:45",0,0,0,0,0,0,0,0,0
S00000250534,2912080,"2026-01-01 09:40:41",6270,6270,0,0,6270,0,0,0,0
S00000250534,2912081,"2026-01-01 09:40:42",0,0,0,0,0,0,0,0,0
S00000250544,2916771,"2026-01-06 03:37:01",13365,11210,2155,0,11210,0,0,0,0
S00000250544,2916772,"2026-01-06 03:37:01",0,0,0,0,0,0,0,0,0
S00000250598,2916773,"2026-01-06 03:37:05",13365,11210,2155,0,11210,0,0,0,0
S00000250598,2916774,"2026-01-06 03:37:05",0,0,0,0,0,0,0,0,0
S00000250600,2914280,"2026-01-04 03:29:04",13365,12072,1293,0,12072,0,0,0,0
S00000250600,2914281,"2026-01-04 03:29:04",0,0,0,0,0,0,0,0,0
S00000250605,2914921,"2026-01-05 03:16:22",13365,11641,1724,0,11641,0,0,0,0
S00000250605,2914922,"2026-01-05 03:16:22",0,0,0,0,0,0,0,0,0
S00000250612,2914300,"2026-01-04 03:29:44",13365,12072,1293,0,12072,0,0,0,0
S00000250612,2914301,"2026-01-04 03:29:44",0,0,0,0,0,0,0,0,0
S00000250652,2916575,"2026-01-06 03:28:48",13365,11210,2155,0,11210,0,0,0,0
S00000250652,2916576,"2026-01-06 03:28:48",0,0,0,0,0,0,0,0,0
S00000250659,2914282,"2026-01-04 03:29:08",12622,11401,1221,0,11401,0,0,0,0
S00000250659,2914283,"2026-01-04 03:29:08",0,0,0,0,0,0,0,0,0
S00000250703,2914919,"2026-01-05 03:16:18",13365,11641,1724,0,11641,0,0,0,0
S00000250703,2914920,"2026-01-05 03:16:18",0,0,0,0,0,0,0,0,0
S00000250721,2916775,"2026-01-06 03:37:08",13365,11210,2155,0,11210,0,0,0,0
S00000250721,2916776,"2026-01-06 03:37:08",0,0,0,0,0,0,0,0,0
S00000250740,2915143,"2026-01-05 03:28:12",13365,11641,1724,0,11641,0,0,0,0
S00000250740,2915144,"2026-01-05 03:28:12",0,0,0,0,0,0,0,0,0
S00000250740,2915145,"2026-01-05 03:28:14",19800,17246,2554,0,17246,0,0,0,0
S00000250796,2916455,"2026-01-06 03:24:11",13365,11210,2155,0,11210,0,0,0,0
S00000250796,2916456,"2026-01-06 03:24:11",0,0,0,0,0,0,0,0,0
S00000250802,2914665,"2026-01-04 03:41:54",14107,12742,1365,0,12742,0,0,0,0
S00000250802,2914666,"2026-01-04 03:41:54",0,0,0,0,0,0,0,0,0
S00000250909,2910950,"2026-01-01 04:02:13",13365,13365,0,0,13365,0,0,0,0
S00000250909,2910951,"2026-01-01 04:02:13",0,0,0,0,0,0,0,0,0
S00000250990,2916354,"2026-01-06 03:20:26",14850,12455,2395,0,12455,0,0,0,0
S00000250990,2916355,"2026-01-06 03:20:26",0,0,0,0,0,0,0,0,0
S00000250990,2916356,"2026-01-06 03:20:29",19800,16607,3193,0,16607,0,0,0,0
S00000250993,2913526,"2026-01-03 03:32:19",13365,12503,862,0,12503,0,0,0,0
S00000250993,2913527,"2026-01-03 03:32:19",0,0,0,0,0,0,0,0,0
S00000251027,2913036,"2026-01-02 09:11:58",0,0,0,0,0,0,0,0,0
S00000251027,2913037,"2026-01-02 09:11:58",14107,13652,455,0,13652,0,0,0,0
S00000251093,2910974,"2026-01-01 04:03:02",13365,13365,0,0,13365,0,0,0,0
S00000251093,2910975,"2026-01-01 04:03:02",0,0,0,0,0,0,0,0,0
S00000251398,2914332,"2026-01-04 03:30:47",13365,12072,1293,0,12072,0,0,0,0
S00000251398,2914333,"2026-01-04 03:30:47",0,0,0,0,0,0,0,0,0
S00000251784,2911202,"2026-01-01 04:11:03",14107,14107,0,0,14107,0,0,0,0
S00000251784,2911203,"2026-01-01 04:11:03",0,0,0,0,0,0,0,0,0
S00000252103,2911331,"2026-01-01 04:15:23",13365,13365,0,0,13365,0,0,0,0
S00000252103,2911332,"2026-01-01 04:15:23",0,0,0,0,0,0,0,0,0
S00000252338,2912534,"2026-01-02 08:36:18",12622,12215,407,0,12215,0,0,0,0
S00000252338,2912535,"2026-01-02 08:36:18",0,0,0,0,0,0,0,0,0
S00000252374,2876827,"2026-01-05 03:39:36",14850,12934,1916,0,12934,0,0,0,0
S00000252374,2915471,"2026-01-05 03:39:36",0,0,0,0,0,0,0,0,0
S00000252398,2905764,"2026-01-01 03:15:46",14107,14107,0,0,14107,0,0,0,0
S00000252398,2909887,"2026-01-01 03:15:46",0,0,0,0,0,0,0,0,0
S00000252424,2912187,"2026-01-02 08:19:11",12622,12215,407,0,12215,0,0,0,0
S00000252424,2912188,"2026-01-02 08:19:11",0,0,0,0,0,0,0,0,0
S00000252429,2910179,"2026-01-01 03:26:12",13365,13365,0,0,13365,0,0,0,0
S00000252429,2910180,"2026-01-01 03:26:12",0,0,0,0,0,0,0,0,0
S00000252583,2908648,"2026-01-01 03:15:35",7425,7425,0,0,7425,0,0,0,0
S00000252583,2909884,"2026-01-01 03:15:35",0,0,0,0,0,0,0,0,0
S00000252616,2911690,"2026-01-01 04:27:33",14850,14850,0,0,14850,0,0,0,0
S00000252616,2911691,"2026-01-01 04:27:33",0,0,0,0,0,0,0,0,0
S00000252660,2909979,"2026-01-01 03:19:44",12622,12622,0,0,12622,0,0,0,0
S00000252660,2909980,"2026-01-01 03:19:44",0,0,0,0,0,0,0,0,0
S00000252671,2909981,"2026-01-01 03:19:48",12622,12622,0,0,12622,0,0,0,0
S00000252671,2909982,"2026-01-01 03:19:48",0,0,0,0,0,0,0,0,0
S00000252679,2909983,"2026-01-01 03:19:52",12622,12622,0,0,12622,0,0,0,0
S00000252679,2909984,"2026-01-01 03:19:52",0,0,0,0,0,0,0,0,0
S00000252683,2909973,"2026-01-01 03:19:33",12622,12622,0,0,12622,0,0,0,0
S00000252683,2909974,"2026-01-01 03:19:33",0,0,0,0,0,0,0,0,0
S00000252687,2909985,"2026-01-01 03:19:55",12622,12622,0,0,12622,0,0,0,0
S00000252687,2909986,"2026-01-01 03:19:55",0,0,0,0,0,0,0,0,0
S00000252692,2909987,"2026-01-01 03:19:58",12622,12622,0,0,12622,0,0,0,0
S00000252692,2909988,"2026-01-01 03:19:58",0,0,0,0,0,0,0,0,0
S00000252693,2909989,"2026-01-01 03:20:03",12622,12622,0,0,12622,0,0,0,0
S00000252693,2909990,"2026-01-01 03:20:03",0,0,0,0,0,0,0,0,0
S00000252694,2909991,"2026-01-01 03:20:06",12622,12622,0,0,12622,0,0,0,0
S00000252694,2909992,"2026-01-01 03:20:06",0,0,0,0,0,0,0,0,0
S00000252702,2911736,"2026-01-01 04:29:09",12622,12622,0,0,12622,0,0,0,0
S00000252702,2911737,"2026-01-01 04:29:09",0,0,0,0,0,0,0,0,0
S00000252704,2909993,"2026-01-01 03:20:08",12622,12622,0,0,12622,0,0,0,0
S00000252704,2909994,"2026-01-01 03:20:08",0,0,0,0,0,0,0,0,0
S00000252720,2913392,"2026-01-03 03:27:50",12622,11808,814,0,11808,0,0,0,0
S00000252720,2913393,"2026-01-03 03:27:50",0,0,0,0,0,0,0,0,0
S00000253000,2910959,"2026-01-01 04:02:31",13365,13365,0,0,13365,0,0,0,0
S00000253000,2910960,"2026-01-01 04:02:31",0,0,0,0,0,0,0,0,0
S00000253031,2910945,"2026-01-01 04:02:02",13365,13365,0,0,13365,0,0,0,0
S00000253031,2910946,"2026-01-01 04:02:02",0,0,0,0,0,0,0,0,0
S00000253035,2913506,"2026-01-03 03:31:39",12622,11808,814,0,11808,0,0,0,0
S00000253035,2913507,"2026-01-03 03:31:39",0,0,0,0,0,0,0,0,0
S00000253040,2910933,"2026-01-01 04:01:39",12622,12622,0,0,12622,0,0,0,0
S00000253040,2910934,"2026-01-01 04:01:39",0,0,0,0,0,0,0,0,0
S00000253103,2912512,"2026-01-02 08:35:33",13365,12934,431,0,12934,0,0,0,0
S00000253103,2912513,"2026-01-02 08:35:33",0,0,0,0,0,0,0,0,0
S00000253112,2910937,"2026-01-01 04:01:46",13365,13365,0,0,13365,0,0,0,0
S00000253112,2910938,"2026-01-01 04:01:46",0,0,0,0,0,0,0,0,0
S00000253121,2913384,"2026-01-03 03:27:36",13365,12503,862,0,12503,0,0,0,0
S00000253121,2913385,"2026-01-03 03:27:36",0,0,0,0,0,0,0,0,0
S00000253153,2912510,"2026-01-02 08:35:30",12622,12215,407,0,12215,0,0,0,0
S00000253153,2912511,"2026-01-02 08:35:30",0,0,0,0,0,0,0,0,0
S00000253155,2910957,"2026-01-01 04:02:27",13365,13365,0,0,13365,0,0,0,0
S00000253155,2910958,"2026-01-01 04:02:28",0,0,0,0,0,0,0,0,0
S00000253167,2913398,"2026-01-03 03:28:01",13365,12503,862,0,12503,0,0,0,0
S00000253167,2913399,"2026-01-03 03:28:01",0,0,0,0,0,0,0,0,0
S00000253185,2910963,"2026-01-01 04:02:39",12622,12622,0,0,12622,0,0,0,0
S00000253185,2910964,"2026-01-01 04:02:39",0,0,0,0,0,0,0,0,0
S00000253190,2910943,"2026-01-01 04:01:58",13365,13365,0,0,13365,0,0,0,0
S00000253190,2910944,"2026-01-01 04:01:58",0,0,0,0,0,0,0,0,0
S00000253197,2912508,"2026-01-02 08:35:26",12622,12215,407,0,12215,0,0,0,0
S00000253197,2912509,"2026-01-02 08:35:26",0,0,0,0,0,0,0,0,0
S00000253199,2912506,"2026-01-02 08:35:22",12622,12215,407,0,12215,0,0,0,0
S00000253199,2912507,"2026-01-02 08:35:22",0,0,0,0,0,0,0,0,0
S00000253200,2913386,"2026-01-03 03:27:39",19305,18060,1245,0,18060,0,0,0,0
S00000253200,2913387,"2026-01-03 03:27:39",0,0,0,0,0,0,0,0,0
S00000253210,2910948,"2026-01-01 04:02:09",13365,13365,0,0,13365,0,0,0,0
S00000253210,2910949,"2026-01-01 04:02:09",0,0,0,0,0,0,0,0,0
S00000253215,2910952,"2026-01-01 04:02:17",13365,13365,0,0,13365,0,0,0,0
S00000253215,2910953,"2026-01-01 04:02:17",0,0,0,0,0,0,0,0,0
S00000253218,2913613,"2026-01-03 03:35:30",13365,12503,862,0,12503,0,0,0,0
S00000253218,2913614,"2026-01-03 03:35:30",0,0,0,0,0,0,0,0,0
S00000253223,2913390,"2026-01-03 03:27:46",13365,12503,862,0,12503,0,0,0,0
S00000253223,2913391,"2026-01-03 03:27:46",0,0,0,0,0,0,0,0,0
S00000253253,2914372,"2026-01-04 03:32:04",13365,12072,1293,0,12072,0,0,0,0
S00000253253,2914373,"2026-01-04 03:32:04",0,0,0,0,0,0,0,0,0
S00000253253,2914374,"2026-01-04 03:32:07",19800,17884,1916,0,17884,0,0,0,0
S00000253264,2914298,"2026-01-04 03:29:41",12622,11401,1221,0,11401,0,0,0,0
S00000253264,2914299,"2026-01-04 03:29:41",0,0,0,0,0,0,0,0,0
S00000253277,2914292,"2026-01-04 03:29:30",12622,11401,1221,0,11401,0,0,0,0
S00000253277,2914293,"2026-01-04 03:29:30",0,0,0,0,0,0,0,0,0
S00000253294,2910967,"2026-01-01 04:02:47",12622,12622,0,0,12622,0,0,0,0
S00000253294,2910968,"2026-01-01 04:02:47",0,0,0,0,0,0,0,0,0
S00000253330,2911855,"2026-01-01 04:33:07",14107,14107,0,0,14107,0,0,0,0
S00000253330,2911856,"2026-01-01 04:33:08",0,0,0,0,0,0,0,0,0
S00000253354,2905769,"2026-01-01 03:17:05",13365,13365,0,0,13365,0,0,0,0
S00000253354,2909908,"2026-01-01 03:17:05",0,0,0,0,0,0,0,0,0
S00000253372,2914294,"2026-01-04 03:29:34",13365,12072,1293,0,12072,0,0,0,0
S00000253372,2914295,"2026-01-04 03:29:34",0,0,0,0,0,0,0,0,0
S00000253375,2914326,"2026-01-04 03:30:38",19305,17437,1868,0,17437,0,0,0,0
S00000253375,2914327,"2026-01-04 03:30:38",0,0,0,0,0,0,0,0,0
S00000253386,2912759,"2026-01-02 08:43:39",13365,12934,431,0,12934,0,0,0,0
S00000253386,2912760,"2026-01-02 08:43:39",0,0,0,0,0,0,0,0,0
S00000253387,2913378,"2026-01-03 03:27:24",13365,12503,862,0,12503,0,0,0,0
S00000253387,2913379,"2026-01-03 03:27:24",0,0,0,0,0,0,0,0,0
S00000253415,2913382,"2026-01-03 03:27:32",13365,12503,862,0,12503,0,0,0,0
S00000253415,2913383,"2026-01-03 03:27:32",0,0,0,0,0,0,0,0,0
S00000253418,2913396,"2026-01-03 03:27:58",13365,12503,862,0,12503,0,0,0,0
S00000253418,2913397,"2026-01-03 03:27:58",0,0,0,0,0,0,0,0,0
S00000253422,2915148,"2026-01-05 03:28:22",13365,11641,1724,0,11641,0,0,0,0
S00000253422,2915149,"2026-01-05 03:28:22",0,0,0,0,0,0,0,0,0
S00000253446,2916777,"2026-01-06 03:37:13",13365,11210,2155,0,11210,0,0,0,0
S00000253446,2916778,"2026-01-06 03:37:13",0,0,0,0,0,0,0,0,0
S00000253499,2911521,"2026-01-01 04:21:44",14107,14107,0,0,14107,0,0,0,0
S00000253499,2911522,"2026-01-01 04:21:44",0,0,0,0,0,0,0,0,0
S00000253508,2916779,"2026-01-06 03:37:18",13365,11210,2155,0,11210,0,0,0,0
S00000253508,2916780,"2026-01-06 03:37:18",0,0,0,0,0,0,0,0,0
S00000253619,2915152,"2026-01-05 03:28:29",13365,11641,1724,0,11641,0,0,0,0
S00000253619,2915153,"2026-01-05 03:28:29",0,0,0,0,0,0,0,0,0
S00000253654,2916279,"2026-01-06 03:16:18",13365,11210,2155,0,11210,0,0,0,0
S00000253654,2916280,"2026-01-06 03:16:18",0,0,0,0,0,0,0,0,0
S00000253657,2916376,"2026-01-06 03:21:12",13365,11210,2155,0,11210,0,0,0,0
S00000253657,2916377,"2026-01-06 03:21:12",0,0,0,0,0,0,0,0,0
S00000253676,2916560,"2026-01-06 03:28:17",12622,10587,2035,0,10587,0,0,0,0
S00000253676,2916561,"2026-01-06 03:28:17",0,0,0,0,0,0,0,0,0
S00000253702,2916618,"2026-01-06 03:30:25",13365,11210,2155,0,11210,0,0,0,0
S00000253702,2916619,"2026-01-06 03:30:25",0,0,0,0,0,0,0,0,0
S00000253708,2914422,"2026-01-04 03:33:51",13365,12072,1293,0,12072,0,0,0,0
S00000253708,2914423,"2026-01-04 03:33:51",0,0,0,0,0,0,0,0,0
S00000253840,2912851,"2026-01-02 08:46:37",14850,14371,479,0,14371,0,0,0,0
S00000253840,2912852,"2026-01-02 08:46:37",0,0,0,0,0,0,0,0,0
S00000254138,2913750,"2026-01-03 03:40:08",14107,13197,910,0,13197,0,0,0,0
S00000254138,2913751,"2026-01-03 03:40:09",0,0,0,0,0,0,0,0,0
S00000254177,2912138,"2026-01-01 23:00:12",0,0,0,0,0,0,0,0,0
S00000254177,2912139,"2026-01-01 23:00:12",14850,14850,0,0,14850,0,0,0,0
S00000254610,2916783,"2026-01-06 03:37:25",12622,10587,2035,0,10587,0,0,0,0
S00000254610,2916784,"2026-01-06 03:37:25",0,0,0,0,0,0,0,0,0
S00000254721,2916211,"2026-01-05 22:28:53",0,0,0,0,0,0,0,0,0
S00000254721,2916212,"2026-01-05 22:28:53",7425,6467,958,0,6467,0,0,0,0
S00000254907,2911739,"2026-01-01 04:29:17",14850,14850,0,0,14850,0,0,0,0
S00000254907,2911740,"2026-01-01 04:29:17",0,0,0,0,0,0,0,0,0
S00000254932,2913404,"2026-01-03 03:28:13",13365,12503,862,0,12503,0,0,0,0
S00000254932,2913405,"2026-01-03 03:28:14",0,0,0,0,0,0,0,0,0
S00000255131,2913437,"2026-01-03 03:29:19",13365,12503,862,0,12503,0,0,0,0
S00000255131,2913438,"2026-01-03 03:29:19",0,0,0,0,0,0,0,0,0
S00000255178,2912517,"2026-01-02 08:35:44",13365,12934,431,0,12934,0,0,0,0
S00000255178,2912518,"2026-01-02 08:35:45",0,0,0,0,0,0,0,0,0
S00000255264,2913505,"2026-01-03 03:31:34",19800,18523,1277,0,18523,0,0,0,0
S00000255302,2913406,"2026-01-03 03:28:17",13365,12503,862,0,12503,0,0,0,0
S00000255302,2913407,"2026-01-03 03:28:17",0,0,0,0,0,0,0,0,0
S00000255305,2913884,"2026-01-03 03:44:40",14107,13197,910,0,13197,0,0,0,0
S00000255305,2913885,"2026-01-03 03:44:40",0,0,0,0,0,0,0,0,0
S00000255364,2910993,"2026-01-01 04:03:41",13365,13365,0,0,13365,0,0,0,0
S00000255364,2910994,"2026-01-01 04:03:41",0,0,0,0,0,0,0,0,0
S00000255366,2914634,"2026-01-04 03:40:54",14107,12742,1365,0,12742,0,0,0,0
S00000255366,2914635,"2026-01-04 03:40:54",0,0,0,0,0,0,0,0,0
S00000255441,2911159,"2026-01-01 04:09:35",14107,14107,0,0,14107,0,0,0,0
S00000255441,2911160,"2026-01-01 04:09:35",0,0,0,0,0,0,0,0,0
S00000255455,2911005,"2026-01-01 04:04:07",13365,13365,0,0,13365,0,0,0,0
S00000255455,2911006,"2026-01-01 04:04:07",0,0,0,0,0,0,0,0,0
S00000255462,2910990,"2026-01-01 04:03:34",13365,13365,0,0,13365,0,0,0,0
S00000255462,2910991,"2026-01-01 04:03:34",0,0,0,0,0,0,0,0,0
S00000255462,2910992,"2026-01-01 04:03:38",19800,19800,0,0,19800,0,0,0,0
S00000255490,2909995,"2026-01-01 03:20:13",12622,12622,0,0,12622,0,0,0,0
S00000255490,2909996,"2026-01-01 03:20:13",0,0,0,0,0,0,0,0,0
S00000255492,2916901,"2026-01-06 03:41:49",12622,10587,2035,0,10587,0,0,0,0
S00000255492,2916902,"2026-01-06 03:41:49",0,0,0,0,0,0,0,0,0
S00000255494,2916903,"2026-01-06 03:41:53",13365,11210,2155,0,11210,0,0,0,0
S00000255494,2916904,"2026-01-06 03:41:53",0,0,0,0,0,0,0,0,0
S00000255502,2909997,"2026-01-01 03:20:17",12622,12622,0,0,12622,0,0,0,0
S00000255502,2909998,"2026-01-01 03:20:17",0,0,0,0,0,0,0,0,0
S00000255503,2909999,"2026-01-01 03:20:21",12622,12622,0,0,12622,0,0,0,0
S00000255503,2910000,"2026-01-01 03:20:21",0,0,0,0,0,0,0,0,0
S00000255504,2910001,"2026-01-01 03:20:25",12622,12622,0,0,12622,0,0,0,0
S00000255504,2910002,"2026-01-01 03:20:25",0,0,0,0,0,0,0,0,0
S00000255518,2910005,"2026-01-01 03:20:33",12622,12622,0,0,12622,0,0,0,0
S00000255518,2910006,"2026-01-01 03:20:33",0,0,0,0,0,0,0,0,0
S00000255526,2910007,"2026-01-01 03:20:37",12622,12622,0,0,12622,0,0,0,0
S00000255526,2910008,"2026-01-01 03:20:37",0,0,0,0,0,0,0,0,0
S00000255555,2910009,"2026-01-01 03:20:41",12622,12622,0,0,12622,0,0,0,0
S00000255555,2910010,"2026-01-01 03:20:41",0,0,0,0,0,0,0,0,0
S00000255555,2913804,"2026-01-03 03:42:01",19800,18523,1277,0,18523,0,0,0,0
S00000255556,2910011,"2026-01-01 03:20:45",12622,12622,0,0,12622,0,0,0,0
S00000255556,2910012,"2026-01-01 03:20:45",0,0,0,0,0,0,0,0,0
S00000255567,2910013,"2026-01-01 03:20:48",12622,12622,0,0,12622,0,0,0,0
S00000255567,2910014,"2026-01-01 03:20:48",0,0,0,0,0,0,0,0,0
S00000255571,2911851,"2026-01-01 04:33:01",12622,12622,0,0,12622,0,0,0,0
S00000255571,2911852,"2026-01-01 04:33:01",0,0,0,0,0,0,0,0,0
S00000255577,2914680,"2026-01-04 03:42:26",14107,1881,12226,0,1881,0,0,0,0
S00000255577,2914681,"2026-01-04 03:42:26",0,0,0,0,0,0,0,0,0
S00000255592,2910015,"2026-01-01 03:20:51",12622,12622,0,0,12622,0,0,0,0
S00000255592,2910016,"2026-01-01 03:20:51",0,0,0,0,0,0,0,0,0
S00000255593,2914636,"2026-01-04 03:40:57",13365,12072,1293,0,12072,0,0,0,0
S00000255593,2914637,"2026-01-04 03:40:57",0,0,0,0,0,0,0,0,0
S00000255594,2910017,"2026-01-01 03:20:56",12622,12622,0,0,12622,0,0,0,0
S00000255594,2910018,"2026-01-01 03:20:56",0,0,0,0,0,0,0,0,0
S00000255602,2912928,"2026-01-02 08:49:17",12622,12215,407,0,12215,0,0,0,0
S00000255602,2912929,"2026-01-02 08:49:17",0,0,0,0,0,0,0,0,0
S00000255637,2910019,"2026-01-01 03:21:00",12622,12622,0,0,12622,0,0,0,0
S00000255637,2910020,"2026-01-01 03:21:00",0,0,0,0,0,0,0,0,0
S00000255640,2910021,"2026-01-01 03:21:03",12622,12622,0,0,12622,0,0,0,0
S00000255640,2910022,"2026-01-01 03:21:03",0,0,0,0,0,0,0,0,0
S00000255649,2911815,"2026-01-01 04:31:47",12622,12622,0,0,12622,0,0,0,0
S00000255649,2911816,"2026-01-01 04:31:47",0,0,0,0,0,0,0,0,0
S00000255652,2910023,"2026-01-01 03:21:08",12622,12622,0,0,12622,0,0,0,0
S00000255652,2910024,"2026-01-01 03:21:08",0,0,0,0,0,0,0,0,0
S00000255659,2910025,"2026-01-01 03:21:11",12622,12622,0,0,12622,0,0,0,0
S00000255659,2910026,"2026-01-01 03:21:11",0,0,0,0,0,0,0,0,0
S00000255666,2910027,"2026-01-01 03:21:15",12622,12622,0,0,12622,0,0,0,0
S00000255666,2910028,"2026-01-01 03:21:15",0,0,0,0,0,0,0,0,0
S00000255670,2914624,"2026-01-04 03:40:35",12622,11401,1221,0,11401,0,0,0,0
S00000255670,2914625,"2026-01-04 03:40:35",0,0,0,0,0,0,0,0,0
S00000255685,2910029,"2026-01-01 03:21:19",12622,12622,0,0,12622,0,0,0,0
S00000255685,2910030,"2026-01-01 03:21:19",0,0,0,0,0,0,0,0,0
S00000255687,2913146,"2026-01-03 03:15:24",12622,11808,814,0,11808,0,0,0,0
S00000255687,2913147,"2026-01-03 03:15:24",0,0,0,0,0,0,0,0,0
S00000255690,2910031,"2026-01-01 03:21:24",12622,12622,0,0,12622,0,0,0,0
S00000255690,2910032,"2026-01-01 03:21:24",0,0,0,0,0,0,0,0,0
S00000255724,2912527,"2026-01-02 08:36:02",13365,12934,431,0,12934,0,0,0,0
S00000255724,2912528,"2026-01-02 08:36:02",0,0,0,0,0,0,0,0,0
S00000255746,2911009,"2026-01-01 04:04:17",13365,13365,0,0,13365,0,0,0,0
S00000255746,2911010,"2026-01-01 04:04:18",0,0,0,0,0,0,0,0,0
S00000255787,2910228,"2026-01-01 03:27:46",13365,13365,0,0,13365,0,0,0,0
S00000255787,2910229,"2026-01-01 03:27:46",0,0,0,0,0,0,0,0,0
S00000255814,2912519,"2026-01-02 08:35:48",12622,12215,407,0,12215,0,0,0,0
S00000255814,2912520,"2026-01-02 08:35:48",0,0,0,0,0,0,0,0,0
S00000255815,2916436,"2026-01-06 03:23:33",12622,10587,2035,0,10587,0,0,0,0
S00000255815,2916437,"2026-01-06 03:23:33",0,0,0,0,0,0,0,0,0
S00000255815,2916440,"2026-01-06 03:23:40",19800,16607,3193,0,16607,0,0,0,0
S00000255817,2911003,"2026-01-01 04:04:03",13365,13365,0,0,13365,0,0,0,0
S00000255817,2911004,"2026-01-01 04:04:03",0,0,0,0,0,0,0,0,0
S00000255825,2914322,"2026-01-04 03:30:30",13365,12072,1293,0,12072,0,0,0,0
S00000255825,2914323,"2026-01-04 03:30:30",0,0,0,0,0,0,0,0,0
S00000255846,2912514,"2026-01-02 08:35:36",13365,12934,431,0,12934,0,0,0,0
S00000255846,2912515,"2026-01-02 08:35:36",0,0,0,0,0,0,0,0,0
S00000255848,2912523,"2026-01-02 08:35:55",13365,12934,431,0,12934,0,0,0,0
S00000255848,2912524,"2026-01-02 08:35:55",0,0,0,0,0,0,0,0,0
S00000255895,2913410,"2026-01-03 03:28:24",12622,11808,814,0,11808,0,0,0,0
S00000255895,2913411,"2026-01-03 03:28:24",0,0,0,0,0,0,0,0,0
S00000255896,2915159,"2026-01-05 03:28:49",13365,11641,1724,0,11641,0,0,0,0
S00000255896,2915160,"2026-01-05 03:28:49",0,0,0,0,0,0,0,0,0
S00000255903,2913412,"2026-01-03 03:28:27",13365,12503,862,0,12503,0,0,0,0
S00000255903,2913413,"2026-01-03 03:28:27",0,0,0,0,0,0,0,0,0
S00000255913,2913402,"2026-01-03 03:28:09",13365,12503,862,0,12503,0,0,0,0
S00000255913,2913403,"2026-01-03 03:28:09",0,0,0,0,0,0,0,0,0
S00000255917,2914324,"2026-01-04 03:30:34",13365,12072,1293,0,12072,0,0,0,0
S00000255917,2914325,"2026-01-04 03:30:34",0,0,0,0,0,0,0,0,0
S00000255919,2914028,"2026-01-04 03:15:45",13365,12072,1293,0,12072,0,0,0,0
S00000255919,2914029,"2026-01-04 03:15:45",0,0,0,0,0,0,0,0,0
S00000255923,2916549,"2026-01-06 03:27:51",13365,11210,2155,0,11210,0,0,0,0
S00000255923,2916550,"2026-01-06 03:27:51",0,0,0,0,0,0,0,0,0
S00000255928,2915176,"2026-01-05 03:29:25",13365,11641,1724,0,11641,0,0,0,0
S00000255928,2915177,"2026-01-05 03:29:25",0,0,0,0,0,0,0,0,0
S00000255956,2914025,"2026-01-04 03:15:37",13365,12072,1293,0,12072,0,0,0,0
S00000255956,2914026,"2026-01-04 03:15:37",0,0,0,0,0,0,0,0,0
S00000255956,2914027,"2026-01-04 03:15:40",19800,17884,1916,0,17884,0,0,0,0
S00000255976,2913716,"2026-01-03 03:38:59",14850,13892,958,0,13892,0,0,0,0
S00000255976,2913717,"2026-01-03 03:38:59",0,0,0,0,0,0,0,0,0
S00000255981,2914309,"2026-01-04 03:30:03",13365,12072,1293,0,12072,0,0,0,0
S00000255981,2914310,"2026-01-04 03:30:03",0,0,0,0,0,0,0,0,0
S00000255989,2914313,"2026-01-04 03:30:11",13365,12072,1293,0,12072,0,0,0,0
S00000255989,2914314,"2026-01-04 03:30:11",0,0,0,0,0,0,0,0,0
S00000255996,2914319,"2026-01-04 03:30:22",13365,12072,1293,0,12072,0,0,0,0
S00000255996,2914320,"2026-01-04 03:30:22",0,0,0,0,0,0,0,0,0
S00000255996,2914321,"2026-01-04 03:30:25",19800,17884,1916,0,17884,0,0,0,0
S00000256032,2914328,"2026-01-04 03:30:42",13365,12072,1293,0,12072,0,0,0,0
S00000256032,2914329,"2026-01-04 03:30:42",0,0,0,0,0,0,0,0,0
S00000256040,2915161,"2026-01-05 03:28:53",13365,11641,1724,0,11641,0,0,0,0
S00000256040,2915162,"2026-01-05 03:28:53",0,0,0,0,0,0,0,0,0
S00000256051,2916573,"2026-01-06 03:28:45",13365,11210,2155,0,11210,0,0,0,0
S00000256051,2916574,"2026-01-06 03:28:45",0,0,0,0,0,0,0,0,0
S00000256067,2915155,"2026-01-05 03:28:37",13365,11641,1724,0,11641,0,0,0,0
S00000256067,2915156,"2026-01-05 03:28:38",0,0,0,0,0,0,0,0,0
S00000256076,2915157,"2026-01-05 03:28:41",13365,11641,1724,0,11641,0,0,0,0
S00000256076,2915158,"2026-01-05 03:28:41",0,0,0,0,0,0,0,0,0
S00000256118,2916342,"2026-01-06 03:20:00",13365,11210,2155,0,11210,0,0,0,0
S00000256118,2916343,"2026-01-06 03:20:01",0,0,0,0,0,0,0,0,0
S00000256154,2916785,"2026-01-06 03:37:29",13365,11210,2155,0,11210,0,0,0,0
S00000256154,2916786,"2026-01-06 03:37:29",0,0,0,0,0,0,0,0,0
S00000256155,2916787,"2026-01-06 03:37:33",13365,11210,2155,0,11210,0,0,0,0
S00000256155,2916788,"2026-01-06 03:37:33",0,0,0,0,0,0,0,0,0
S00000256185,2916789,"2026-01-06 03:37:36",19305,16192,3113,0,16192,0,0,0,0
S00000256185,2916790,"2026-01-06 03:37:36",0,0,0,0,0,0,0,0,0
S00000256242,2911471,"2026-01-01 04:19:59",19800,19800,0,0,19800,0,0,0,0
S00000256517,2912631,"2026-01-02 08:39:37",19305,18683,622,0,18683,0,0,0,0
S00000256517,2912632,"2026-01-02 08:39:37",0,0,0,0,0,0,0,0,0
S00000256521,2916791,"2026-01-06 03:37:40",14107,11832,2275,0,11832,0,0,0,0
S00000256521,2916792,"2026-01-06 03:37:40",0,0,0,0,0,0,0,0,0
S00000256546,2912761,"2026-01-02 08:43:43",14107,13652,455,0,13652,0,0,0,0
S00000256546,2912762,"2026-01-02 08:43:43",0,0,0,0,0,0,0,0,0
S00000256647,2915419,"2026-01-05 03:37:44",13365,11641,1724,0,11641,0,0,0,0
S00000256647,2915420,"2026-01-05 03:37:44",0,0,0,0,0,0,0,0,0
S00000256648,2910089,"2026-01-01 03:23:15",14107,14107,0,0,14107,0,0,0,0
S00000256648,2910090,"2026-01-01 03:23:15",0,0,0,0,0,0,0,0,0
S00000256883,2913443,"2026-01-03 03:29:31",13365,12503,862,0,12503,0,0,0,0
S00000256883,2913444,"2026-01-03 03:29:31",0,0,0,0,0,0,0,0,0
S00000257004,2912175,"2026-01-02 08:18:48",14107,13652,455,0,13652,0,0,0,0
S00000257004,2912176,"2026-01-02 08:18:48",0,0,0,0,0,0,0,0,0
S00000257005,2912169,"2026-01-02 08:18:36",14107,13652,455,0,13652,0,0,0,0
S00000257005,2912170,"2026-01-02 08:18:36",0,0,0,0,0,0,0,0,0
S00000257008,2912179,"2026-01-02 08:18:56",14107,13652,455,0,13652,0,0,0,0
S00000257008,2912180,"2026-01-02 08:18:56",0,0,0,0,0,0,0,0,0
S00000257011,2912847,"2026-01-02 08:46:29",14107,13652,455,0,13652,0,0,0,0
S00000257011,2912848,"2026-01-02 08:46:29",0,0,0,0,0,0,0,0,0
S00000257013,2912171,"2026-01-02 08:18:40",14107,13652,455,0,13652,0,0,0,0
S00000257013,2912172,"2026-01-02 08:18:40",0,0,0,0,0,0,0,0,0
S00000257015,2912177,"2026-01-02 08:18:51",14107,13652,455,0,13652,0,0,0,0
S00000257015,2912178,"2026-01-02 08:18:51",0,0,0,0,0,0,0,0,0
S00000257016,2912173,"2026-01-02 08:18:44",14850,14371,479,0,14371,0,0,0,0
S00000257016,2912174,"2026-01-02 08:18:44",0,0,0,0,0,0,0,0,0
S00000257033,2915488,"2026-01-05 03:40:10",14107,12287,1820,0,12287,0,0,0,0
S00000257033,2915489,"2026-01-05 03:40:10",0,0,0,0,0,0,0,0,0
S00000257040,2916843,"2026-01-06 03:39:30",14850,12455,2395,0,12455,0,0,0,0
S00000257040,2916844,"2026-01-06 03:39:30",0,0,0,0,0,0,0,0,0
S00000257284,2910147,"2026-01-01 03:25:06",13365,13365,0,0,13365,0,0,0,0
S00000257284,2910148,"2026-01-01 03:25:06",0,0,0,0,0,0,0,0,0
S00000257578,2910164,"2026-01-01 03:25:42",13365,13365,0,0,13365,0,0,0,0
S00000257578,2910165,"2026-01-01 03:25:42",0,0,0,0,0,0,0,0,0
S00000257607,2910166,"2026-01-01 03:25:46",13365,13365,0,0,13365,0,0,0,0
S00000257607,2910167,"2026-01-01 03:25:46",0,0,0,0,0,0,0,0,0
S00000257647,2912167,"2026-01-02 08:18:32",14107,13652,455,0,13652,0,0,0,0
S00000257647,2912168,"2026-01-02 08:18:32",0,0,0,0,0,0,0,0,0
S00000257735,2911079,"2026-01-01 04:06:42",13365,13365,0,0,13365,0,0,0,0
S00000257735,2911080,"2026-01-01 04:06:42",0,0,0,0,0,0,0,0,0
S00000257821,2911015,"2026-01-01 04:04:29",12622,12622,0,0,12622,0,0,0,0
S00000257821,2911016,"2026-01-01 04:04:29",0,0,0,0,0,0,0,0,0
S00000257846,2910149,"2026-01-01 03:25:10",13365,13365,0,0,13365,0,0,0,0
S00000257846,2910150,"2026-01-01 03:25:10",0,0,0,0,0,0,0,0,0
S00000257883,2911027,"2026-01-01 04:04:57",13365,13365,0,0,13365,0,0,0,0
S00000257883,2911028,"2026-01-01 04:04:57",0,0,0,0,0,0,0,0,0
S00000257893,2910075,"2026-01-01 03:22:48",14107,14107,0,0,14107,0,0,0,0
S00000257893,2910076,"2026-01-01 03:22:48",0,0,0,0,0,0,0,0,0
S00000257899,2910077,"2026-01-01 03:22:52",14107,14107,0,0,14107,0,0,0,0
S00000257899,2910078,"2026-01-01 03:22:52",0,0,0,0,0,0,0,0,0
S00000257902,2910079,"2026-01-01 03:22:55",14107,14107,0,0,14107,0,0,0,0
S00000257902,2910080,"2026-01-01 03:22:55",0,0,0,0,0,0,0,0,0
S00000257909,2913496,"2026-01-03 03:31:16",14107,13197,910,0,13197,0,0,0,0
S00000257909,2913497,"2026-01-03 03:31:16",0,0,0,0,0,0,0,0,0
S00000257917,2911021,"2026-01-01 04:04:41",12622,12622,0,0,12622,0,0,0,0
S00000257917,2911022,"2026-01-01 04:04:41",0,0,0,0,0,0,0,0,0
S00000257954,2911055,"2026-01-01 04:05:51",12622,12622,0,0,12622,0,0,0,0
S00000257954,2911056,"2026-01-01 04:05:51",0,0,0,0,0,0,0,0,0
S00000257957,2911043,"2026-01-01 04:05:28",12622,12622,0,0,12622,0,0,0,0
S00000257957,2911044,"2026-01-01 04:05:28",0,0,0,0,0,0,0,0,0
S00000258009,2911033,"2026-01-01 04:05:08",13365,13365,0,0,13365,0,0,0,0
S00000258009,2911034,"2026-01-01 04:05:08",0,0,0,0,0,0,0,0,0
S00000258018,2910215,"2026-01-01 03:27:19",13365,13365,0,0,13365,0,0,0,0
S00000258018,2910216,"2026-01-01 03:27:19",0,0,0,0,0,0,0,0,0
S00000258030,2911059,"2026-01-01 04:05:59",13365,13365,0,0,13365,0,0,0,0
S00000258030,2911060,"2026-01-01 04:05:59",0,0,0,0,0,0,0,0,0
S00000258043,2912598,"2026-01-02 08:38:32",19800,19162,638,0,19162,0,0,0,0
S00000258048,2912529,"2026-01-02 08:36:06",12622,12215,407,0,12215,0,0,0,0
S00000258048,2912530,"2026-01-02 08:36:06",0,0,0,0,0,0,0,0,0
S00000258049,2911031,"2026-01-01 04:05:04",12622,12622,0,0,12622,0,0,0,0
S00000258049,2911032,"2026-01-01 04:05:04",0,0,0,0,0,0,0,0,0
S00000258050,2912536,"2026-01-02 08:36:22",12622,12215,407,0,12215,0,0,0,0
S00000258050,2912537,"2026-01-02 08:36:22",0,0,0,0,0,0,0,0,0
S00000258051,2911041,"2026-01-01 04:05:24",12622,12622,0,0,12622,0,0,0,0
S00000258051,2911042,"2026-01-01 04:05:24",0,0,0,0,0,0,0,0,0
S00000258054,2912650,"2026-01-02 08:40:18",14107,13652,455,0,13652,0,0,0,0
S00000258054,2912651,"2026-01-02 08:40:18",0,0,0,0,0,0,0,0,0
S00000258064,2911057,"2026-01-01 04:05:55",13365,13365,0,0,13365,0,0,0,0
S00000258064,2911058,"2026-01-01 04:05:55",0,0,0,0,0,0,0,0,0
S00000258066,2914338,"2026-01-04 03:30:58",13365,12072,1293,0,12072,0,0,0,0
S00000258066,2914339,"2026-01-04 03:30:58",0,0,0,0,0,0,0,0,0
S00000258080,2911035,"2026-01-01 04:05:12",13365,13365,0,0,13365,0,0,0,0
S00000258080,2911036,"2026-01-01 04:05:12",0,0,0,0,0,0,0,0,0
S00000258088,2914351,"2026-01-04 03:31:23",13365,12072,1293,0,12072,0,0,0,0
S00000258088,2914352,"2026-01-04 03:31:23",0,0,0,0,0,0,0,0,0
S00000258088,2914353,"2026-01-04 03:31:25",19800,17884,1916,0,17884,0,0,0,0
S00000258106,2911053,"2026-01-01 04:05:47",13365,13365,0,0,13365,0,0,0,0
S00000258106,2911054,"2026-01-01 04:05:47",0,0,0,0,0,0,0,0,0
S00000258107,2911049,"2026-01-01 04:05:40",13365,13365,0,0,13365,0,0,0,0
S00000258107,2911050,"2026-01-01 04:05:40",0,0,0,0,0,0,0,0,0
S00000258126,2914023,"2026-01-04 03:15:33",13365,12072,1293,0,12072,0,0,0,0
S00000258126,2914024,"2026-01-04 03:15:33",0,0,0,0,0,0,0,0,0
S00000258134,2911247,"2026-01-01 04:12:31",12622,12622,0,0,12622,0,0,0,0
S00000258134,2911248,"2026-01-01 04:12:31",0,0,0,0,0,0,0,0,0
S00000258140,2913435,"2026-01-03 03:29:15",19305,18060,1245,0,18060,0,0,0,0
S00000258140,2913436,"2026-01-03 03:29:15",0,0,0,0,0,0,0,0,0
S00000258141,2912195,"2026-01-02 08:19:32",13365,12934,431,0,12934,0,0,0,0
S00000258141,2912196,"2026-01-02 08:19:32",0,0,0,0,0,0,0,0,0
S00000258157,2915164,"2026-01-05 03:29:01",12622,10994,1628,0,10994,0,0,0,0
S00000258157,2915165,"2026-01-05 03:29:01",0,0,0,0,0,0,0,0,0
S00000258172,2913427,"2026-01-03 03:29:01",12622,11808,814,0,11808,0,0,0,0
S00000258172,2913428,"2026-01-03 03:29:01",0,0,0,0,0,0,0,0,0
S00000258186,2912532,"2026-01-02 08:36:14",13365,12934,431,0,12934,0,0,0,0
S00000258186,2912533,"2026-01-02 08:36:14",0,0,0,0,0,0,0,0,0
S00000258194,2913423,"2026-01-03 03:28:50",13365,12503,862,0,12503,0,0,0,0
S00000258194,2913424,"2026-01-03 03:28:50",0,0,0,0,0,0,0,0,0
S00000258208,2913433,"2026-01-03 03:29:12",13365,12503,862,0,12503,0,0,0,0
S00000258208,2913434,"2026-01-03 03:29:12",0,0,0,0,0,0,0,0,0
S00000258217,2913429,"2026-01-03 03:29:05",12622,11808,814,0,11808,0,0,0,0
S00000258217,2913430,"2026-01-03 03:29:05",0,0,0,0,0,0,0,0,0
S00000258263,2915167,"2026-01-05 03:29:07",12622,10994,1628,0,10994,0,0,0,0
S00000258263,2915168,"2026-01-05 03:29:08",0,0,0,0,0,0,0,0,0
S00000258263,2915169,"2026-01-05 03:29:10",19800,17246,2554,0,17246,0,0,0,0
S00000258279,2914349,"2026-01-04 03:31:20",13365,12072,1293,0,12072,0,0,0,0
S00000258279,2914350,"2026-01-04 03:31:20",0,0,0,0,0,0,0,0,0
S00000258356,2916554,"2026-01-06 03:28:04",12622,10587,2035,0,10587,0,0,0,0
S00000258356,2916555,"2026-01-06 03:28:04",0,0,0,0,0,0,0,0,0
S00000258358,2913488,"2026-01-03 03:30:59",14107,13197,910,0,13197,0,0,0,0
S00000258358,2913489,"2026-01-03 03:30:59",0,0,0,0,0,0,0,0,0
S00000258400,2915174,"2026-01-05 03:29:21",13365,11641,1724,0,11641,0,0,0,0
S00000258400,2915175,"2026-01-05 03:29:21",0,0,0,0,0,0,0,0,0
S00000258401,2915172,"2026-01-05 03:29:17",12622,10994,1628,0,10994,0,0,0,0
S00000258401,2915173,"2026-01-05 03:29:17",0,0,0,0,0,0,0,0,0
S00000258429,2915170,"2026-01-05 03:29:14",13365,11641,1724,0,11641,0,0,0,0
S00000258429,2915171,"2026-01-05 03:29:14",0,0,0,0,0,0,0,0,0
S00000258432,2916340,"2026-01-06 03:19:57",18232,15292,2940,0,15292,0,0,0,0
S00000258432,2916341,"2026-01-06 03:19:57",0,0,0,0,0,0,0,0,0
S00000258508,2916163,"2026-01-05 19:30:24",0,0,0,0,0,0,0,0,0
S00000258508,2916164,"2026-01-05 19:30:24",14850,12934,1916,0,12934,0,0,0,0
S00000258590,2915203,"2026-01-05 03:30:18",13365,11641,1724,0,11641,0,0,0,0
S00000258590,2915204,"2026-01-05 03:30:19",0,0,0,0,0,0,0,0,0
S00000258607,2915207,"2026-01-05 03:30:25",13365,11641,1724,0,11641,0,0,0,0
S00000258607,2915208,"2026-01-05 03:30:25",0,0,0,0,0,0,0,0,0
S00000258640,2912749,"2026-01-02 08:43:19",13365,12934,431,0,12934,0,0,0,0
S00000258640,2912750,"2026-01-02 08:43:19",0,0,0,0,0,0,0,0,0
S00000258722,2912853,"2026-01-02 08:46:41",14850,14371,479,0,14371,0,0,0,0
S00000258722,2912854,"2026-01-02 08:46:41",0,0,0,0,0,0,0,0,0
S00000258946,2911359,"2026-01-01 04:16:17",19305,19305,0,0,19305,0,0,0,0
S00000258946,2911360,"2026-01-01 04:16:17",0,0,0,0,0,0,0,0,0
S00000259053,2913692,"2026-01-03 03:38:06",14107,13197,910,0,13197,0,0,0,0
S00000259053,2913693,"2026-01-03 03:38:06",0,0,0,0,0,0,0,0,0
S00000259068,2911730,"2026-01-01 04:28:58",14850,14850,0,0,14850,0,0,0,0
S00000259068,2911731,"2026-01-01 04:28:58",0,0,0,0,0,0,0,0,0
S00000259176,2915995,"2026-01-05 14:25:44",0,0,0,0,0,0,0,0,0
S00000259176,2915996,"2026-01-05 14:25:44",7425,6467,958,0,6467,0,0,0,0
S00000259187,2912150,"2026-01-02 01:45:49",0,0,0,0,0,0,0,0,0
S00000259187,2912151,"2026-01-02 01:45:49",14107,13652,455,0,13652,0,0,0,0
S00000259248,2910033,"2026-01-01 03:21:27",12622,12622,0,0,12622,0,0,0,0
S00000259248,2910034,"2026-01-01 03:21:27",0,0,0,0,0,0,0,0,0
S00000259388,2914473,"2026-01-04 03:35:28",13365,12072,1293,0,12072,0,0,0,0
S00000259388,2914474,"2026-01-04 03:35:28",0,0,0,0,0,0,0,0,0
S00000259437,2915180,"2026-01-05 03:29:33",12622,10994,1628,0,10994,0,0,0,0
S00000259437,2915181,"2026-01-05 03:29:33",0,0,0,0,0,0,0,0,0
S00000259507,2912682,"2026-01-02 08:41:21",14107,13652,455,0,13652,0,0,0,0
S00000259507,2912683,"2026-01-02 08:41:21",0,0,0,0,0,0,0,0,0
S00000259510,2911075,"2026-01-01 04:06:33",13365,13365,0,0,13365,0,0,0,0
S00000259510,2911076,"2026-01-01 04:06:33",0,0,0,0,0,0,0,0,0
S00000259626,2914879,"2026-01-04 23:49:35",0,0,0,0,0,0,0,0,0
S00000259626,2914880,"2026-01-04 23:49:35",7425,6707,718,0,6707,0,0,0,0
S00000259676,2910170,"2026-01-01 03:25:53",13365,13365,0,0,13365,0,0,0,0
S00000259676,2910171,"2026-01-01 03:25:53",0,0,0,0,0,0,0,0,0
S00000259698,2915268,"2026-01-05 03:32:35",13365,11641,1724,0,11641,0,0,0,0
S00000259698,2915269,"2026-01-05 03:32:35",0,0,0,0,0,0,0,0,0
S00000259698,2916793,"2026-01-06 03:37:44",19800,16607,3193,0,16607,0,0,0,0
S00000259708,2915993,"2026-01-05 14:16:58",0,0,0,0,0,0,0,0,0
S00000259708,2915994,"2026-01-05 14:16:58",7425,6467,958,0,6467,0,0,0,0
S00000259725,2911677,"2026-01-01 04:27:06",14850,14850,0,0,14850,0,0,0,0
S00000259725,2911678,"2026-01-01 04:27:06",0,0,0,0,0,0,0,0,0
S00000259812,2911099,"2026-01-01 04:07:28",14107,14107,0,0,14107,0,0,0,0
S00000259812,2911100,"2026-01-01 04:07:28",0,0,0,0,0,0,0,0,0
S00000259944,2915400,"2026-01-05 03:37:07",14107,12287,1820,0,12287,0,0,0,0
S00000259944,2915401,"2026-01-05 03:37:07",0,0,0,0,0,0,0,0,0
S00000259992,2915548,"2026-01-05 04:37:02",0,0,0,0,0,0,0,0,0
S00000259992,2915549,"2026-01-05 04:37:03",14107,12287,1820,0,12287,0,0,0,0
S00000260048,2911064,"2026-01-01 04:06:10",13365,13365,0,0,13365,0,0,0,0
S00000260048,2911065,"2026-01-01 04:06:10",0,0,0,0,0,0,0,0,0
S00000260076,2911077,"2026-01-01 04:06:38",13365,13365,0,0,13365,0,0,0,0
S00000260076,2911078,"2026-01-01 04:06:38",0,0,0,0,0,0,0,0,0
S00000260096,2912952,"2026-01-02 08:50:05",14850,14371,479,0,14371,0,0,0,0
S00000260096,2912953,"2026-01-02 08:50:05",0,0,0,0,0,0,0,0,0
S00000260111,2913448,"2026-01-03 03:29:41",13365,12503,862,0,12503,0,0,0,0
S00000260111,2913449,"2026-01-03 03:29:42",0,0,0,0,0,0,0,0,0
S00000260120,2913472,"2026-01-03 03:30:30",19305,18060,1245,0,18060,0,0,0,0
S00000260120,2913473,"2026-01-03 03:30:30",0,0,0,0,0,0,0,0,0
S00000260149,2913450,"2026-01-03 03:29:45",13365,12503,862,0,12503,0,0,0,0
S00000260149,2913451,"2026-01-03 03:29:45",0,0,0,0,0,0,0,0,0
S00000260152,2914362,"2026-01-04 03:31:45",13365,12072,1293,0,12072,0,0,0,0
S00000260152,2914363,"2026-01-04 03:31:45",0,0,0,0,0,0,0,0,0
S00000260153,2913441,"2026-01-03 03:29:28",13365,12503,862,0,12503,0,0,0,0
S00000260153,2913442,"2026-01-03 03:29:28",0,0,0,0,0,0,0,0,0
S00000260170,2912544,"2026-01-02 08:36:44",13365,12934,431,0,12934,0,0,0,0
S00000260170,2912545,"2026-01-02 08:36:44",0,0,0,0,0,0,0,0,0
S00000260172,2912546,"2026-01-02 08:36:48",13365,12934,431,0,12934,0,0,0,0
S00000260172,2912547,"2026-01-02 08:36:48",0,0,0,0,0,0,0,0,0
S00000260191,2912551,"2026-01-02 08:37:00",13365,12934,431,0,12934,0,0,0,0
S00000260191,2912552,"2026-01-02 08:37:00",0,0,0,0,0,0,0,0,0
S00000260204,2912032,"2026-01-01 04:39:21",14107,14107,0,0,14107,0,0,0,0
S00000260204,2912033,"2026-01-01 04:39:21",0,0,0,0,0,0,0,0,0
S00000260212,2913456,"2026-01-03 03:29:57",13365,12503,862,0,12503,0,0,0,0
S00000260212,2913457,"2026-01-03 03:29:57",0,0,0,0,0,0,0,0,0
S00000260215,2913452,"2026-01-03 03:29:49",13365,12503,862,0,12503,0,0,0,0
S00000260215,2913453,"2026-01-03 03:29:49",0,0,0,0,0,0,0,0,0
S00000260224,2913458,"2026-01-03 03:30:01",13365,12503,862,0,12503,0,0,0,0
S00000260224,2913459,"2026-01-03 03:30:01",0,0,0,0,0,0,0,0,0
S00000260235,2916448,"2026-01-06 03:23:57",19305,16192,3113,0,16192,0,0,0,0
S00000260235,2916449,"2026-01-06 03:23:57",0,0,0,0,0,0,0,0,0
S00000260241,2913460,"2026-01-03 03:30:06",13365,12503,862,0,12503,0,0,0,0
S00000260241,2913461,"2026-01-03 03:30:06",0,0,0,0,0,0,0,0,0
S00000260245,2913462,"2026-01-03 03:30:10",13365,12503,862,0,12503,0,0,0,0
S00000260245,2913463,"2026-01-03 03:30:10",0,0,0,0,0,0,0,0,0
S00000260252,2915182,"2026-01-05 03:29:37",13365,11641,1724,0,11641,0,0,0,0
S00000260252,2915183,"2026-01-05 03:29:37",0,0,0,0,0,0,0,0,0
S00000260254,2915184,"2026-01-05 03:29:42",13365,11641,1724,0,11641,0,0,0,0
S00000260254,2915185,"2026-01-05 03:29:42",0,0,0,0,0,0,0,0,0
S00000260264,2915198,"2026-01-05 03:30:07",13365,11641,1724,0,11641,0,0,0,0
S00000260264,2915199,"2026-01-05 03:30:07",0,0,0,0,0,0,0,0,0
S00000260266,2913777,"2026-01-03 03:41:05",14850,13892,958,0,13892,0,0,0,0
S00000260266,2913778,"2026-01-03 03:41:05",0,0,0,0,0,0,0,0,0
S00000260270,2914499,"2026-01-04 03:36:18",14850,13413,1437,0,13413,0,0,0,0
S00000260270,2914500,"2026-01-04 03:36:18",0,0,0,0,0,0,0,0,0
S00000260270,2914501,"2026-01-04 03:36:22",19800,17884,1916,0,17884,0,0,0,0
S00000260276,2915239,"2026-01-05 03:31:31",13365,11641,1724,0,11641,0,0,0,0
S00000260276,2915240,"2026-01-05 03:31:31",0,0,0,0,0,0,0,0,0
S00000260276,2915241,"2026-01-05 03:31:35",19800,17246,2554,0,17246,0,0,0,0
S00000260278,2914358,"2026-01-04 03:31:37",13365,12072,1293,0,12072,0,0,0,0
S00000260278,2914359,"2026-01-04 03:31:37",0,0,0,0,0,0,0,0,0
S00000260282,2916873,"2026-01-06 03:40:50",13365,11210,2155,0,11210,0,0,0,0
S00000260282,2916874,"2026-01-06 03:40:50",0,0,0,0,0,0,0,0,0
S00000260300,2915251,"2026-01-05 03:32:01",13365,11641,1724,0,11641,0,0,0,0
S00000260300,2915252,"2026-01-05 03:32:01",0,0,0,0,0,0,0,0,0
S00000260300,2915253,"2026-01-05 03:32:03",19800,17246,2554,0,17246,0,0,0,0
S00000260305,2914366,"2026-01-04 03:31:52",13365,12072,1293,0,12072,0,0,0,0
S00000260305,2914367,"2026-01-04 03:31:52",0,0,0,0,0,0,0,0,0
S00000260306,2915194,"2026-01-05 03:30:00",12622,10994,1628,0,10994,0,0,0,0
S00000260306,2915195,"2026-01-05 03:30:00",0,0,0,0,0,0,0,0,0
S00000260326,2915178,"2026-01-05 03:29:29",13365,11641,1724,0,11641,0,0,0,0
S00000260326,2915179,"2026-01-05 03:29:29",0,0,0,0,0,0,0,0,0
S00000260353,2916794,"2026-01-06 03:37:48",13365,11210,2155,0,11210,0,0,0,0
S00000260353,2916795,"2026-01-06 03:37:48",0,0,0,0,0,0,0,0,0
S00000260387,2916797,"2026-01-06 03:37:56",13365,11210,2155,0,11210,0,0,0,0
S00000260387,2916798,"2026-01-06 03:37:56",0,0,0,0,0,0,0,0,0
S00000260402,2916272,"2026-01-06 03:16:02",13365,11210,2155,0,11210,0,0,0,0
S00000260402,2916273,"2026-01-06 03:16:02",0,0,0,0,0,0,0,0,0
S00000260417,2916799,"2026-01-06 03:38:01",12622,10587,2035,0,10587,0,0,0,0
S00000260417,2916800,"2026-01-06 03:38:01",0,0,0,0,0,0,0,0,0
S00000260424,2916374,"2026-01-06 03:21:08",13365,11210,2155,0,11210,0,0,0,0
S00000260424,2916375,"2026-01-06 03:21:08",0,0,0,0,0,0,0,0,0
S00000260453,2916502,"2026-01-06 03:26:01",13365,11210,2155,0,11210,0,0,0,0
S00000260453,2916503,"2026-01-06 03:26:01",0,0,0,0,0,0,0,0,0
S00000260454,2916418,"2026-01-06 03:22:53",13365,11210,2155,0,11210,0,0,0,0
S00000260454,2916419,"2026-01-06 03:22:53",0,0,0,0,0,0,0,0,0
S00000260465,2916864,"2026-01-06 03:40:31",13365,11210,2155,0,11210,0,0,0,0
S00000260465,2916865,"2026-01-06 03:40:31",0,0,0,0,0,0,0,0,0
S00000260467,2916801,"2026-01-06 03:38:06",19305,16192,3113,0,16192,0,0,0,0
S00000260467,2916802,"2026-01-06 03:38:06",0,0,0,0,0,0,0,0,0
S00000260470,2910141,"2026-01-01 03:24:54",13365,13365,0,0,13365,0,0,0,0
S00000260470,2910142,"2026-01-01 03:24:54",0,0,0,0,0,0,0,0,0
S00000260480,2916803,"2026-01-06 03:38:10",13365,11210,2155,0,11210,0,0,0,0
S00000260480,2916804,"2026-01-06 03:38:10",0,0,0,0,0,0,0,0,0
S00000260805,2915583,"2026-01-05 09:48:00",0,0,0,0,0,0,0,0,0
S00000260805,2915584,"2026-01-05 09:48:00",14107,12287,1820,0,12287,0,0,0,0
S00000260938,2910073,"2026-01-01 03:22:43",14850,14850,0,0,14850,0,0,0,0
S00000260938,2910074,"2026-01-01 03:22:43",0,0,0,0,0,0,0,0,0
S00000260940,2915264,"2026-01-05 03:32:27",14107,12287,1820,0,12287,0,0,0,0
S00000260940,2915265,"2026-01-05 03:32:27",0,0,0,0,0,0,0,0,0
S00000260998,2916754,"2026-01-06 03:36:28",14850,12455,2395,0,12455,0,0,0,0
S00000260998,2916755,"2026-01-06 03:36:28",0,0,0,0,0,0,0,0,0
S00000261023,2912830,"2026-01-02 08:45:57",14850,14371,479,0,14371,0,0,0,0
S00000261023,2912831,"2026-01-02 08:45:57",0,0,0,0,0,0,0,0,0
S00000261133,2911555,"2026-01-01 04:22:54",19305,19305,0,0,19305,0,0,0,0
S00000261133,2911556,"2026-01-01 04:22:54",0,0,0,0,0,0,0,0,0
S00000261229,2914686,"2026-01-04 03:42:40",14850,990,13860,0,990,0,0,0,0
S00000261229,2914687,"2026-01-04 03:42:40",0,0,0,0,0,0,0,0,0
S00000261272,2910135,"2026-01-01 03:24:43",14107,14107,0,0,14107,0,0,0,0
S00000261272,2910136,"2026-01-01 03:24:43",0,0,0,0,0,0,0,0,0
S00000261468,2912042,"2026-01-01 04:39:46",14850,14850,0,0,14850,0,0,0,0
S00000261468,2912043,"2026-01-01 04:39:46",0,0,0,0,0,0,0,0,0
S00000261595,2912113,"2026-01-01 17:50:32",0,0,0,0,0,0,0,0,0
S00000261595,2912114,"2026-01-01 17:50:32",20377,20377,0,0,20377,0,0,0,0
S00000261609,2915235,"2026-01-05 03:31:23",14107,12287,1820,0,12287,0,0,0,0
S00000261609,2915236,"2026-01-05 03:31:23",0,0,0,0,0,0,0,0,0
S00000261644,2914722,"2026-01-04 03:43:50",14850,13413,1437,0,13413,0,0,0,0
S00000261644,2914723,"2026-01-04 03:43:51",0,0,0,0,0,0,0,0,0
S00000261880,2911302,"2026-01-01 04:14:25",13365,13365,0,0,13365,0,0,0,0
S00000261880,2911303,"2026-01-01 04:14:25",0,0,0,0,0,0,0,0,0
S00000261953,2914564,"2026-01-04 03:38:29",14850,13413,1437,0,13413,0,0,0,0
S00000261953,2914565,"2026-01-04 03:38:29",0,0,0,0,0,0,0,0,0
S00000261981,2914885,"2026-01-05 00:18:43",0,0,0,0,0,0,0,0,0
S00000261981,2914886,"2026-01-05 00:18:43",14107,12287,1820,0,12287,0,0,0,0
S00000262004,2911634,"2026-01-01 04:25:35",14850,14850,0,0,14850,0,0,0,0
S00000262004,2911635,"2026-01-01 04:25:35",0,0,0,0,0,0,0,0,0
S00000262160,2912617,"2026-01-02 08:39:11",14107,13652,455,0,13652,0,0,0,0
S00000262160,2912618,"2026-01-02 08:39:11",0,0,0,0,0,0,0,0,0
S00000262260,2910153,"2026-01-01 03:25:18",13365,13365,0,0,13365,0,0,0,0
S00000262260,2910154,"2026-01-01 03:25:18",0,0,0,0,0,0,0,0,0
S00000262264,2910155,"2026-01-01 03:25:22",13365,13365,0,0,13365,0,0,0,0
S00000262264,2910156,"2026-01-01 03:25:22",0,0,0,0,0,0,0,0,0
S00000262309,2911101,"2026-01-01 04:07:31",14107,14107,0,0,14107,0,0,0,0
S00000262309,2911102,"2026-01-01 04:07:31",0,0,0,0,0,0,0,0,0
S00000262388,2910157,"2026-01-01 03:25:26",13365,13365,0,0,13365,0,0,0,0
S00000262388,2910158,"2026-01-01 03:25:26",0,0,0,0,0,0,0,0,0
S00000262487,2913503,"2026-01-03 03:31:31",13365,12503,862,0,12503,0,0,0,0
S00000262487,2913504,"2026-01-03 03:31:31",0,0,0,0,0,0,0,0,0
S00000262633,2912557,"2026-01-02 08:37:11",14107,13652,455,0,13652,0,0,0,0
S00000262633,2912558,"2026-01-02 08:37:11",0,0,0,0,0,0,0,0,0
S00000262637,2912574,"2026-01-02 08:37:45",14107,13652,455,0,13652,0,0,0,0
S00000262637,2912575,"2026-01-02 08:37:45",0,0,0,0,0,0,0,0,0
S00000262641,2915260,"2026-01-05 03:32:19",14107,12287,1820,0,12287,0,0,0,0
S00000262641,2915261,"2026-01-05 03:32:19",0,0,0,0,0,0,0,0,0
S00000262661,2913486,"2026-01-03 03:30:55",14107,13197,910,0,13197,0,0,0,0
S00000262661,2913487,"2026-01-03 03:30:55",0,0,0,0,0,0,0,0,0
S00000262670,2912615,"2026-01-02 08:39:07",14107,13652,455,0,13652,0,0,0,0
S00000262670,2912616,"2026-01-02 08:39:07",0,0,0,0,0,0,0,0,0
S00000262677,2911245,"2026-01-01 04:12:29",14107,14107,0,0,14107,0,0,0,0
S00000262677,2911246,"2026-01-01 04:12:29",0,0,0,0,0,0,0,0,0
S00000262678,2912578,"2026-01-02 08:37:52",14107,13652,455,0,13652,0,0,0,0
S00000262678,2912579,"2026-01-02 08:37:53",0,0,0,0,0,0,0,0,0
S00000262698,2911103,"2026-01-01 04:07:38",14107,14107,0,0,14107,0,0,0,0
S00000262698,2911104,"2026-01-01 04:07:38",0,0,0,0,0,0,0,0,0
S00000262708,2911109,"2026-01-01 04:07:49",14107,14107,0,0,14107,0,0,0,0
S00000262708,2911110,"2026-01-01 04:07:49",0,0,0,0,0,0,0,0,0
S00000262714,2910185,"2026-01-01 03:26:22",14107,14107,0,0,14107,0,0,0,0
S00000262714,2910186,"2026-01-01 03:26:22",0,0,0,0,0,0,0,0,0
S00000262728,2912582,"2026-01-02 08:37:59",14107,13652,455,0,13652,0,0,0,0
S00000262728,2912583,"2026-01-02 08:37:59",0,0,0,0,0,0,0,0,0
S00000262742,2913470,"2026-01-03 03:30:26",14107,13197,910,0,13197,0,0,0,0
S00000262742,2913471,"2026-01-03 03:30:26",0,0,0,0,0,0,0,0,0
S00000262744,2912569,"2026-01-02 08:37:34",14107,13652,455,0,13652,0,0,0,0
S00000262744,2912570,"2026-01-02 08:37:34",0,0,0,0,0,0,0,0,0
S00000262746,2914375,"2026-01-04 03:32:12",14107,12742,1365,0,12742,0,0,0,0
S00000262746,2914376,"2026-01-04 03:32:12",0,0,0,0,0,0,0,0,0
S00000262755,2912559,"2026-01-02 08:37:15",14107,13652,455,0,13652,0,0,0,0
S00000262755,2912560,"2026-01-02 08:37:15",0,0,0,0,0,0,0,0,0
S00000262763,2912567,"2026-01-02 08:37:30",14107,13652,455,0,13652,0,0,0,0
S00000262763,2912568,"2026-01-02 08:37:30",0,0,0,0,0,0,0,0,0
S00000262770,2912563,"2026-01-02 08:37:23",14107,13652,455,0,13652,0,0,0,0
S00000262770,2912564,"2026-01-02 08:37:23",0,0,0,0,0,0,0,0,0
S00000262806,2913468,"2026-01-03 03:30:22",14107,13197,910,0,13197,0,0,0,0
S00000262806,2913469,"2026-01-03 03:30:22",0,0,0,0,0,0,0,0,0
S00000262825,2914394,"2026-01-04 03:32:52",14107,12742,1365,0,12742,0,0,0,0
S00000262825,2914395,"2026-01-04 03:32:52",0,0,0,0,0,0,0,0,0
S00000262826,2912189,"2026-01-02 08:19:16",14107,13652,455,0,13652,0,0,0,0
S00000262826,2912190,"2026-01-02 08:19:16",0,0,0,0,0,0,0,0,0
S00000262826,2912191,"2026-01-02 08:19:19",19800,19162,638,0,19162,0,0,0,0
S00000262827,2912555,"2026-01-02 08:37:08",14107,13652,455,0,13652,0,0,0,0
S00000262827,2912556,"2026-01-02 08:37:08",0,0,0,0,0,0,0,0,0
S00000262839,2914370,"2026-01-04 03:32:00",13365,12072,1293,0,12072,0,0,0,0
S00000262839,2914371,"2026-01-04 03:32:00",0,0,0,0,0,0,0,0,0
S00000262846,2913478,"2026-01-03 03:30:40",14107,13197,910,0,13197,0,0,0,0
S00000262846,2913479,"2026-01-03 03:30:40",0,0,0,0,0,0,0,0,0
S00000262848,2912571,"2026-01-02 08:37:38",14107,13652,455,0,13652,0,0,0,0
S00000262848,2912572,"2026-01-02 08:37:38",0,0,0,0,0,0,0,0,0
S00000262848,2912573,"2026-01-02 08:37:41",19800,19162,638,0,19162,0,0,0,0
S00000262850,2914398,"2026-01-04 03:33:00",14107,12742,1365,0,12742,0,0,0,0
S00000262850,2914399,"2026-01-04 03:33:00",0,0,0,0,0,0,0,0,0
S00000262852,2913476,"2026-01-03 03:30:37",14107,13197,910,0,13197,0,0,0,0
S00000262852,2913477,"2026-01-03 03:30:37",0,0,0,0,0,0,0,0,0
S00000262854,2913482,"2026-01-03 03:30:48",14107,13197,910,0,13197,0,0,0,0
S00000262854,2913483,"2026-01-03 03:30:48",0,0,0,0,0,0,0,0,0
S00000262858,2913464,"2026-01-03 03:30:14",14107,13197,910,0,13197,0,0,0,0
S00000262858,2913465,"2026-01-03 03:30:14",0,0,0,0,0,0,0,0,0
S00000262861,2913474,"2026-01-03 03:30:33",14107,13197,910,0,13197,0,0,0,0
S00000262861,2913475,"2026-01-03 03:30:34",0,0,0,0,0,0,0,0,0
S00000262870,2914377,"2026-01-04 03:32:15",14107,12742,1365,0,12742,0,0,0,0
S00000262870,2914378,"2026-01-04 03:32:15",0,0,0,0,0,0,0,0,0
S00000262873,2915227,"2026-01-05 03:31:06",14107,12287,1820,0,12287,0,0,0,0
S00000262873,2915228,"2026-01-05 03:31:06",0,0,0,0,0,0,0,0,0
S00000262874,2914912,"2026-01-05 03:16:02",14107,12287,1820,0,12287,0,0,0,0
S00000262874,2914913,"2026-01-05 03:16:02",0,0,0,0,0,0,0,0,0
S00000262881,2913484,"2026-01-03 03:30:52",14107,13197,910,0,13197,0,0,0,0
S00000262881,2913485,"2026-01-03 03:30:52",0,0,0,0,0,0,0,0,0
S00000262919,2915217,"2026-01-05 03:30:46",14107,12287,1820,0,12287,0,0,0,0
S00000262919,2915218,"2026-01-05 03:30:46",0,0,0,0,0,0,0,0,0
S00000262929,2916344,"2026-01-06 03:20:04",13365,11210,2155,0,11210,0,0,0,0
S00000262929,2916345,"2026-01-06 03:20:05",0,0,0,0,0,0,0,0,0
S00000262931,2914385,"2026-01-04 03:32:29",14107,12742,1365,0,12742,0,0,0,0
S00000262931,2914386,"2026-01-04 03:32:29",0,0,0,0,0,0,0,0,0
S00000262932,2914910,"2026-01-05 03:15:57",14107,12287,1820,0,12287,0,0,0,0
S00000262932,2914911,"2026-01-05 03:15:57",0,0,0,0,0,0,0,0,0
S00000262937,2916175,"2026-01-05 20:54:28",0,0,0,0,0,0,0,0,0
S00000262937,2916176,"2026-01-05 20:54:28",7425,6467,958,0,6467,0,0,0,0
S00000262942,2914396,"2026-01-04 03:32:56",14107,12742,1365,0,12742,0,0,0,0
S00000262942,2914397,"2026-01-04 03:32:56",0,0,0,0,0,0,0,0,0
S00000262951,2914389,"2026-01-04 03:32:41",14107,12742,1365,0,12742,0,0,0,0
S00000262951,2914390,"2026-01-04 03:32:41",0,0,0,0,0,0,0,0,0
S00000262994,2915225,"2026-01-05 03:31:02",14107,12287,1820,0,12287,0,0,0,0
S00000262994,2915226,"2026-01-05 03:31:02",0,0,0,0,0,0,0,0,0
S00000263032,2916805,"2026-01-06 03:38:14",14107,11832,2275,0,11832,0,0,0,0
S00000263032,2916806,"2026-01-06 03:38:14",0,0,0,0,0,0,0,0,0
S00000263049,2915221,"2026-01-05 03:30:55",14107,12287,1820,0,12287,0,0,0,0
S00000263049,2915222,"2026-01-05 03:30:55",0,0,0,0,0,0,0,0,0
S00000263051,2915223,"2026-01-05 03:30:59",14107,0,14107,0,0,0,0,0,0
S00000263051,2915224,"2026-01-05 03:30:59",0,0,0,0,0,0,0,0,0
S00000263073,2916482,"2026-01-06 03:25:08",14107,11832,2275,0,11832,0,0,0,0
S00000263073,2916483,"2026-01-06 03:25:09",0,0,0,0,0,0,0,0,0
S00000263090,2916402,"2026-01-06 03:22:15",20377,17091,3286,0,17091,0,0,0,0
S00000263090,2916403,"2026-01-06 03:22:15",0,0,0,0,0,0,0,0,0
S00000263123,2912031,"2026-01-01 04:39:17",19800,19800,0,0,19800,0,0,0,0
S00000263301,2911123,"2026-01-01 04:08:21",14107,14107,0,0,14107,0,0,0,0
S00000263301,2911124,"2026-01-01 04:08:21",0,0,0,0,0,0,0,0,0
S00000263389,2913574,"2026-01-03 03:33:53",13365,12503,862,0,12503,0,0,0,0
S00000263389,2913575,"2026-01-03 03:33:53",0,0,0,0,0,0,0,0,0
S00000263473,2915287,"2026-01-05 03:33:13",14107,12287,1820,0,12287,0,0,0,0
S00000263473,2915288,"2026-01-05 03:33:13",0,0,0,0,0,0,0,0,0
S00000263918,2911121,"2026-01-01 04:08:17",13365,13365,0,0,13365,0,0,0,0
S00000263918,2911122,"2026-01-01 04:08:17",0,0,0,0,0,0,0,0,0
S00000263956,2911129,"2026-01-01 04:08:34",13365,13365,0,0,13365,0,0,0,0
S00000263956,2911130,"2026-01-01 04:08:34",0,0,0,0,0,0,0,0,0
S00000264026,2909963,"2026-01-01 03:19:11",14850,14850,0,0,14850,0,0,0,0
S00000264026,2909964,"2026-01-01 03:19:11",0,0,0,0,0,0,0,0,0
S00000264182,2914485,"2026-01-04 03:35:53",14107,12742,1365,0,12742,0,0,0,0
S00000264182,2914486,"2026-01-04 03:35:53",0,0,0,0,0,0,0,0,0
S00000264402,2912586,"2026-01-02 08:38:07",14107,13652,455,0,13652,0,0,0,0
S00000264402,2912587,"2026-01-02 08:38:07",0,0,0,0,0,0,0,0,0
S00000264448,2913510,"2026-01-03 03:31:47",13365,12503,862,0,12503,0,0,0,0
S00000264448,2913511,"2026-01-03 03:31:47",0,0,0,0,0,0,0,0,0
S00000264469,2913498,"2026-01-03 03:31:20",14107,13197,910,0,13197,0,0,0,0
S00000264469,2913499,"2026-01-03 03:31:20",0,0,0,0,0,0,0,0,0
S00000264504,2913835,"2026-01-03 03:43:03",14850,13892,958,0,13892,0,0,0,0
S00000264504,2913836,"2026-01-03 03:43:03",0,0,0,0,0,0,0,0,0
S00000264514,2912619,"2026-01-02 08:39:15",14107,13652,455,0,13652,0,0,0,0
S00000264514,2912620,"2026-01-02 08:39:16",0,0,0,0,0,0,0,0,0
S00000264519,2911198,"2026-01-01 04:10:55",14107,14107,0,0,14107,0,0,0,0
S00000264519,2911199,"2026-01-01 04:10:55",0,0,0,0,0,0,0,0,0
S00000264531,2912592,"2026-01-02 08:38:20",14107,13652,455,0,13652,0,0,0,0
S00000264531,2912593,"2026-01-02 08:38:20",0,0,0,0,0,0,0,0,0
S00000264564,2912611,"2026-01-02 08:38:58",13365,12934,431,0,12934,0,0,0,0
S00000264564,2912612,"2026-01-02 08:38:58",0,0,0,0,0,0,0,0,0
S00000264577,2912599,"2026-01-02 08:38:36",14107,13652,455,0,13652,0,0,0,0
S00000264577,2912600,"2026-01-02 08:38:36",0,0,0,0,0,0,0,0,0
S00000264585,2914411,"2026-01-04 03:33:28",14107,12742,1365,0,12742,0,0,0,0
S00000264585,2914412,"2026-01-04 03:33:28",0,0,0,0,0,0,0,0,0
S00000264595,2915514,"2026-01-05 03:41:03",14107,12287,1820,0,12287,0,0,0,0
S00000264595,2915515,"2026-01-05 03:41:03",0,0,0,0,0,0,0,0,0
S00000264597,2916180,"2026-01-05 21:05:11",0,0,0,0,0,0,0,0,0
S00000264597,2916181,"2026-01-05 21:05:11",7425,6467,958,0,6467,0,0,0,0
S00000264598,2912594,"2026-01-02 08:38:23",14107,13652,455,0,13652,0,0,0,0
S00000264598,2912595,"2026-01-02 08:38:23",0,0,0,0,0,0,0,0,0
S00000264602,2912601,"2026-01-02 08:38:40",14107,13652,455,0,13652,0,0,0,0
S00000264602,2912602,"2026-01-02 08:38:40",0,0,0,0,0,0,0,0,0
S00000264603,2912609,"2026-01-02 08:38:54",14107,13652,455,0,13652,0,0,0,0
S00000264603,2912610,"2026-01-02 08:38:54",0,0,0,0,0,0,0,0,0
S00000264608,2914407,"2026-01-04 03:33:19",14107,12742,1365,0,12742,0,0,0,0
S00000264608,2914408,"2026-01-04 03:33:19",0,0,0,0,0,0,0,0,0
S00000264610,2913490,"2026-01-03 03:31:03",14107,13197,910,0,13197,0,0,0,0
S00000264610,2913491,"2026-01-03 03:31:03",0,0,0,0,0,0,0,0,0
S00000264618,2912605,"2026-01-02 08:38:46",14107,13652,455,0,13652,0,0,0,0
S00000264618,2912606,"2026-01-02 08:38:46",0,0,0,0,0,0,0,0,0
S00000264645,2914417,"2026-01-04 03:33:40",14107,12742,1365,0,12742,0,0,0,0
S00000264645,2914418,"2026-01-04 03:33:40",0,0,0,0,0,0,0,0,0
S00000264662,2915244,"2026-01-05 03:31:42",14107,12287,1820,0,12287,0,0,0,0
S00000264662,2915245,"2026-01-05 03:31:42",0,0,0,0,0,0,0,0,0
S00000264671,2916443,"2026-01-06 03:23:47",14107,11832,2275,0,11832,0,0,0,0
S00000264671,2916444,"2026-01-06 03:23:47",0,0,0,0,0,0,0,0,0
S00000264676,2916807,"2026-01-06 03:38:17",14850,12455,2395,0,12455,0,0,0,0
S00000264676,2916808,"2026-01-06 03:38:17",0,0,0,0,0,0,0,0,0
S00000264710,2916378,"2026-01-06 03:21:16",14107,11832,2275,0,11832,0,0,0,0
S00000264710,2916379,"2026-01-06 03:21:16",0,0,0,0,0,0,0,0,0
S00000264719,2914403,"2026-01-04 03:33:12",14107,12742,1365,0,12742,0,0,0,0
S00000264719,2914404,"2026-01-04 03:33:12",0,0,0,0,0,0,0,0,0
S00000264725,2914409,"2026-01-04 03:33:24",14107,12742,1365,0,12742,0,0,0,0
S00000264725,2914410,"2026-01-04 03:33:24",0,0,0,0,0,0,0,0,0
S00000264730,2914413,"2026-01-04 03:33:32",14107,12742,1365,0,12742,0,0,0,0
S00000264730,2914414,"2026-01-04 03:33:32",0,0,0,0,0,0,0,0,0
S00000264749,2901624,"2026-01-01 03:17:14",7425,7425,0,0,7425,0,0,0,0
S00000264749,2909911,"2026-01-01 03:17:14",0,0,0,0,0,0,0,0,0
S00000264762,2910037,"2026-01-01 03:21:34",13365,13365,0,0,13365,0,0,0,0
S00000264762,2910038,"2026-01-01 03:21:34",0,0,0,0,0,0,0,0,0
S00000264799,2914415,"2026-01-04 03:33:36",14107,12742,1365,0,12742,0,0,0,0
S00000264799,2914416,"2026-01-04 03:33:36",0,0,0,0,0,0,0,0,0
S00000264805,2914419,"2026-01-04 03:33:43",14107,12742,1365,0,12742,0,0,0,0
S00000264805,2914420,"2026-01-04 03:33:43",0,0,0,0,0,0,0,0,0
S00000264805,2916551,"2026-01-06 03:27:55",19800,16607,3193,0,16607,0,0,0,0
S00000264910,2916571,"2026-01-06 03:28:40",14107,11832,2275,0,11832,0,0,0,0
S00000264910,2916572,"2026-01-06 03:28:40",0,0,0,0,0,0,0,0,0
S00000264922,2916638,"2026-01-06 03:31:17",14107,11832,2275,0,11832,0,0,0,0
S00000264922,2916639,"2026-01-06 03:31:17",0,0,0,0,0,0,0,0,0
S00000264985,2910039,"2026-01-01 03:21:39",13365,13365,0,0,13365,0,0,0,0
S00000264985,2910040,"2026-01-01 03:21:39",0,0,0,0,0,0,0,0,0
S00000265039,2912725,"2026-01-02 08:42:30",14107,13652,455,0,13652,0,0,0,0
S00000265039,2912726,"2026-01-02 08:42:30",0,0,0,0,0,0,0,0,0
S00000265090,2911183,"2026-01-01 04:10:23",13365,13365,0,0,13365,0,0,0,0
S00000265090,2911184,"2026-01-01 04:10:23",0,0,0,0,0,0,0,0,0
S00000265305,2916359,"2026-01-06 03:20:36",19800,16607,3193,0,16607,0,0,0,0
S00000265332,2916170,"2026-01-05 20:13:54",0,0,0,0,0,0,0,0,0
S00000265332,2916171,"2026-01-05 20:13:54",14850,12934,1916,0,12934,0,0,0,0
S00000265359,2912785,"2026-01-02 08:44:26",14107,13652,455,0,13652,0,0,0,0
S00000265359,2912786,"2026-01-02 08:44:26",0,0,0,0,0,0,0,0,0
S00000265440,2915476,"2026-01-05 03:39:47",14850,12934,1916,0,12934,0,0,0,0
S00000265440,2915477,"2026-01-05 03:39:47",0,0,0,0,0,0,0,0,0
S00000265515,2915991,"2026-01-05 14:06:43",0,0,0,0,0,0,0,0,0
S00000265515,2915992,"2026-01-05 14:06:43",7425,6467,958,0,6467,0,0,0,0
S00000265597,2911219,"2026-01-01 04:11:40",14107,14107,0,0,14107,0,0,0,0
S00000265597,2911220,"2026-01-01 04:11:40",0,0,0,0,0,0,0,0,0
S00000265776,2912645,"2026-01-02 08:40:07",13365,12934,431,0,12934,0,0,0,0
S00000265776,2912646,"2026-01-02 08:40:07",0,0,0,0,0,0,0,0,0
S00000265892,2912625,"2026-01-02 08:39:26",14107,13652,455,0,13652,0,0,0,0
S00000265892,2912626,"2026-01-02 08:39:26",0,0,0,0,0,0,0,0,0
S00000265896,2911716,"2026-01-01 04:28:27",14850,14850,0,0,14850,0,0,0,0
S00000265896,2911717,"2026-01-01 04:28:27",0,0,0,0,0,0,0,0,0
S00000265914,2911225,"2026-01-01 04:11:51",14107,14107,0,0,14107,0,0,0,0
S00000265914,2911226,"2026-01-01 04:11:51",0,0,0,0,0,0,0,0,0
S00000266152,2911161,"2026-01-01 04:09:39",14107,14107,0,0,14107,0,0,0,0
S00000266152,2911162,"2026-01-01 04:09:39",0,0,0,0,0,0,0,0,0
S00000266224,2911205,"2026-01-01 04:11:12",14107,14107,0,0,14107,0,0,0,0
S00000266224,2911206,"2026-01-01 04:11:12",0,0,0,0,0,0,0,0,0
S00000266272,2911292,"2026-01-01 04:14:03",13365,13365,0,0,13365,0,0,0,0
S00000266272,2911293,"2026-01-01 04:14:03",0,0,0,0,0,0,0,0,0
S00000266335,2910159,"2026-01-01 03:25:32",13365,13365,0,0,13365,0,0,0,0
S00000266335,2910160,"2026-01-01 03:25:32",0,0,0,0,0,0,0,0,0
S00000266456,2911177,"2026-01-01 04:10:11",13365,13365,0,0,13365,0,0,0,0
S00000266456,2911178,"2026-01-01 04:10:11",0,0,0,0,0,0,0,0,0
S00000266467,2912873,"2026-01-02 08:47:22",14850,14371,479,0,14371,0,0,0,0
S00000266467,2912874,"2026-01-02 08:47:22",0,0,0,0,0,0,0,0,0
S00000266551,2911147,"2026-01-01 04:09:12",13365,13365,0,0,13365,0,0,0,0
S00000266551,2911148,"2026-01-01 04:09:12",0,0,0,0,0,0,0,0,0
S00000266571,2916629,"2026-01-06 03:30:53",14107,11832,2275,0,11832,0,0,0,0
S00000266571,2916630,"2026-01-06 03:30:53",0,0,0,0,0,0,0,0,0
S00000266671,2910091,"2026-01-01 03:23:19",14107,14107,0,0,14107,0,0,0,0
S00000266671,2910092,"2026-01-01 03:23:19",0,0,0,0,0,0,0,0,0
S00000266673,2911651,"2026-01-01 04:26:10",14850,14850,0,0,14850,0,0,0,0
S00000266673,2911652,"2026-01-01 04:26:10",0,0,0,0,0,0,0,0,0
S00000266674,2910093,"2026-01-01 03:23:23",14107,14107,0,0,14107,0,0,0,0
S00000266674,2910094,"2026-01-01 03:23:23",0,0,0,0,0,0,0,0,0
S00000266724,2912834,"2026-01-02 08:46:04",14107,13652,455,0,13652,0,0,0,0
S00000266724,2912835,"2026-01-02 08:46:04",0,0,0,0,0,0,0,0,0
S00000266775,2910143,"2026-01-01 03:24:58",13365,13365,0,0,13365,0,0,0,0
S00000266775,2910144,"2026-01-01 03:24:58",0,0,0,0,0,0,0,0,0
S00000266778,2916255,"2026-01-06 03:15:29",14850,12455,2395,0,12455,0,0,0,0
S00000266778,2916256,"2026-01-06 03:15:29",0,0,0,0,0,0,0,0,0
S00000266845,2915312,"2026-01-05 03:33:59",20377,17748,2629,0,17748,0,0,0,0
S00000266845,2915313,"2026-01-05 03:33:59",0,0,0,0,0,0,0,0,0
S00000266871,2911819,"2026-01-01 04:31:55",13365,13365,0,0,13365,0,0,0,0
S00000266871,2911820,"2026-01-01 04:31:55",0,0,0,0,0,0,0,0,0
S00000266924,2911173,"2026-01-01 04:10:02",14107,14107,0,0,14107,0,0,0,0
S00000266924,2911174,"2026-01-01 04:10:02",0,0,0,0,0,0,0,0,0
S00000266944,2911171,"2026-01-01 04:09:58",14107,14107,0,0,14107,0,0,0,0
S00000266944,2911172,"2026-01-01 04:09:58",0,0,0,0,0,0,0,0,0
S00000266949,2911185,"2026-01-01 04:10:27",20377,20377,0,0,20377,0,0,0,0
S00000266949,2911186,"2026-01-01 04:10:27",0,0,0,0,0,0,0,0,0
S00000266959,2911145,"2026-01-01 04:09:09",14107,14107,0,0,14107,0,0,0,0
S00000266959,2911146,"2026-01-01 04:09:09",0,0,0,0,0,0,0,0,0
S00000267016,2912185,"2026-01-02 08:19:08",14107,13652,455,0,13652,0,0,0,0
S00000267016,2912186,"2026-01-02 08:19:08",0,0,0,0,0,0,0,0,0
S00000267023,2912637,"2026-01-02 08:39:51",14107,13652,455,0,13652,0,0,0,0
S00000267023,2912638,"2026-01-02 08:39:51",0,0,0,0,0,0,0,0,0
S00000267024,2911155,"2026-01-01 04:09:27",14107,14107,0,0,14107,0,0,0,0
S00000267024,2911156,"2026-01-01 04:09:27",0,0,0,0,0,0,0,0,0
S00000267036,2911190,"2026-01-01 04:10:37",14107,14107,0,0,14107,0,0,0,0
S00000267036,2911191,"2026-01-01 04:10:37",0,0,0,0,0,0,0,0,0
S00000267043,2911349,"2026-01-01 04:15:59",14107,14107,0,0,14107,0,0,0,0
S00000267043,2911350,"2026-01-01 04:15:59",0,0,0,0,0,0,0,0,0
S00000267050,2912654,"2026-01-02 08:40:26",14107,13652,455,0,13652,0,0,0,0
S00000267050,2912655,"2026-01-02 08:40:26",0,0,0,0,0,0,0,0,0
S00000267069,2912635,"2026-01-02 08:39:47",14107,13652,455,0,13652,0,0,0,0
S00000267069,2912636,"2026-01-02 08:39:47",0,0,0,0,0,0,0,0,0
S00000267077,2911209,"2026-01-01 04:11:20",13365,13365,0,0,13365,0,0,0,0
S00000267077,2911210,"2026-01-01 04:11:20",0,0,0,0,0,0,0,0,0
S00000267080,2912629,"2026-01-02 08:39:33",13365,12934,431,0,12934,0,0,0,0
S00000267080,2912630,"2026-01-02 08:39:33",0,0,0,0,0,0,0,0,0
S00000267083,2910161,"2026-01-01 03:25:35",14107,14107,0,0,14107,0,0,0,0
S00000267083,2910162,"2026-01-01 03:25:35",0,0,0,0,0,0,0,0,0
S00000267083,2910163,"2026-01-01 03:25:38",19800,19800,0,0,19800,0,0,0,0
S00000267099,2913530,"2026-01-03 03:32:27",14107,13197,910,0,13197,0,0,0,0
S00000267099,2913531,"2026-01-03 03:32:27",0,0,0,0,0,0,0,0,0
S00000267102,2911181,"2026-01-01 04:10:19",13365,13365,0,0,13365,0,0,0,0
S00000267102,2911182,"2026-01-01 04:10:19",0,0,0,0,0,0,0,0,0
S00000267109,2913545,"2026-01-03 03:32:57",14107,13197,910,0,13197,0,0,0,0
S00000267109,2913546,"2026-01-03 03:32:57",0,0,0,0,0,0,0,0,0
S00000267117,2912647,"2026-01-02 08:40:10",14107,13652,455,0,13652,0,0,0,0
S00000267117,2912648,"2026-01-02 08:40:10",0,0,0,0,0,0,0,0,0
S00000267118,2913535,"2026-01-03 03:32:38",14107,13197,910,0,13197,0,0,0,0
S00000267118,2913536,"2026-01-03 03:32:38",0,0,0,0,0,0,0,0,0
S00000267122,2911196,"2026-01-01 04:10:52",14107,14107,0,0,14107,0,0,0,0
S00000267122,2911197,"2026-01-01 04:10:52",0,0,0,0,0,0,0,0,0
S00000267124,2911175,"2026-01-01 04:10:06",14107,14107,0,0,14107,0,0,0,0
S00000267124,2911176,"2026-01-01 04:10:06",0,0,0,0,0,0,0,0,0
S00000267134,2911157,"2026-01-01 04:09:31",13365,13365,0,0,13365,0,0,0,0
S00000267134,2911158,"2026-01-01 04:09:31",0,0,0,0,0,0,0,0,0
S00000267164,2912621,"2026-01-02 08:39:19",14107,13652,455,0,13652,0,0,0,0
S00000267164,2912622,"2026-01-02 08:39:19",0,0,0,0,0,0,0,0,0
S00000267166,2912627,"2026-01-02 08:39:29",14107,13652,455,0,13652,0,0,0,0
S00000267166,2912628,"2026-01-02 08:39:29",0,0,0,0,0,0,0,0,0
S00000267171,2912623,"2026-01-02 08:39:23",13365,12934,431,0,12934,0,0,0,0
S00000267171,2912624,"2026-01-02 08:39:23",0,0,0,0,0,0,0,0,0
S00000267178,2913522,"2026-01-03 03:32:13",14107,13197,910,0,13197,0,0,0,0
S00000267178,2913523,"2026-01-03 03:32:13",0,0,0,0,0,0,0,0,0
S00000267179,2911207,"2026-01-01 04:11:16",13365,13365,0,0,13365,0,0,0,0
S00000267179,2911208,"2026-01-01 04:11:16",0,0,0,0,0,0,0,0,0
S00000267189,2911179,"2026-01-01 04:10:15",14107,14107,0,0,14107,0,0,0,0
S00000267189,2911180,"2026-01-01 04:10:15",0,0,0,0,0,0,0,0,0
S00000267194,2916809,"2026-01-06 03:38:21",14107,11832,2275,0,11832,0,0,0,0
S00000267194,2916810,"2026-01-06 03:38:21",0,0,0,0,0,0,0,0,0
S00000267198,2911214,"2026-01-01 04:11:29",14107,14107,0,0,14107,0,0,0,0
S00000267198,2911215,"2026-01-01 04:11:29",0,0,0,0,0,0,0,0,0
S00000267198,2911216,"2026-01-01 04:11:33",19800,19800,0,0,19800,0,0,0,0
S00000267203,2911192,"2026-01-01 04:10:41",14107,14107,0,0,14107,0,0,0,0
S00000267203,2911193,"2026-01-01 04:10:41",0,0,0,0,0,0,0,0,0
S00000267206,2911200,"2026-01-01 04:10:59",14107,14107,0,0,14107,0,0,0,0
S00000267206,2911201,"2026-01-01 04:10:59",0,0,0,0,0,0,0,0,0
S00000267207,2916683,"2026-01-06 03:33:14",14107,11832,2275,0,11832,0,0,0,0
S00000267207,2916684,"2026-01-06 03:33:14",0,0,0,0,0,0,0,0,0
S00000267215,2916395,"2026-01-06 03:22:00",14107,11832,2275,0,11832,0,0,0,0
S00000267215,2916396,"2026-01-06 03:22:01",0,0,0,0,0,0,0,0,0
S00000267222,2911221,"2026-01-01 04:11:44",13365,13365,0,0,13365,0,0,0,0
S00000267222,2911222,"2026-01-01 04:11:44",0,0,0,0,0,0,0,0,0
S00000267228,2914020,"2026-01-04 03:15:26",20377,18406,1971,0,18406,0,0,0,0
S00000267228,2914021,"2026-01-04 03:15:26",0,0,0,0,0,0,0,0,0
S00000267230,2912643,"2026-01-02 08:40:02",14107,13652,455,0,13652,0,0,0,0
S00000267230,2912644,"2026-01-02 08:40:02",0,0,0,0,0,0,0,0,0
S00000267292,2913514,"2026-01-03 03:31:55",14107,13197,910,0,13197,0,0,0,0
S00000267292,2913515,"2026-01-03 03:31:55",0,0,0,0,0,0,0,0,0
S00000267333,2913160,"2026-01-03 03:15:51",20377,19063,1314,0,19063,0,0,0,0
S00000267333,2913161,"2026-01-03 03:15:51",0,0,0,0,0,0,0,0,0
S00000267338,2915285,"2026-01-05 03:33:09",14107,12287,1820,0,12287,0,0,0,0
S00000267338,2915286,"2026-01-05 03:33:09",0,0,0,0,0,0,0,0,0
S00000267358,2913516,"2026-01-03 03:31:59",14107,13197,910,0,13197,0,0,0,0
S00000267358,2913517,"2026-01-03 03:31:59",0,0,0,0,0,0,0,0,0
S00000267363,2912942,"2026-01-02 08:49:45",13365,12934,431,0,12934,0,0,0,0
S00000267363,2912943,"2026-01-02 08:49:46",0,0,0,0,0,0,0,0,0
S00000267378,2916811,"2026-01-06 03:38:24",13365,11210,2155,0,11210,0,0,0,0
S00000267378,2916812,"2026-01-06 03:38:24",0,0,0,0,0,0,0,0,0
S00000267414,2915439,"2026-01-05 03:38:28",14850,12934,1916,0,12934,0,0,0,0
S00000267414,2915440,"2026-01-05 03:38:28",0,0,0,0,0,0,0,0,0
S00000267421,2913539,"2026-01-03 03:32:45",13365,12503,862,0,12503,0,0,0,0
S00000267421,2913540,"2026-01-03 03:32:45",0,0,0,0,0,0,0,0,0
S00000267432,2914424,"2026-01-04 03:33:54",14107,12742,1365,0,12742,0,0,0,0
S00000267432,2914425,"2026-01-04 03:33:54",0,0,0,0,0,0,0,0,0
S00000267440,2915270,"2026-01-05 03:32:39",14107,12287,1820,0,12287,0,0,0,0
S00000267440,2915271,"2026-01-05 03:32:39",0,0,0,0,0,0,0,0,0
S00000267504,2915256,"2026-01-05 03:32:11",14107,12287,1820,0,12287,0,0,0,0
S00000267504,2915257,"2026-01-05 03:32:11",0,0,0,0,0,0,0,0,0
S00000267513,2910097,"2026-01-01 03:23:31",14850,14850,0,0,14850,0,0,0,0
S00000267513,2910098,"2026-01-01 03:23:31",0,0,0,0,0,0,0,0,0
S00000267515,2915266,"2026-01-05 03:32:31",14107,12287,1820,0,12287,0,0,0,0
S00000267515,2915267,"2026-01-05 03:32:31",0,0,0,0,0,0,0,0,0
S00000267518,2916484,"2026-01-06 03:25:12",14107,11832,2275,0,11832,0,0,0,0
S00000267518,2916485,"2026-01-06 03:25:12",0,0,0,0,0,0,0,0,0
S00000267521,2916556,"2026-01-06 03:28:09",14107,11832,2275,0,11832,0,0,0,0
S00000267521,2916557,"2026-01-06 03:28:09",0,0,0,0,0,0,0,0,0
S00000267529,2915277,"2026-01-05 03:32:54",14107,12287,1820,0,12287,0,0,0,0
S00000267529,2915278,"2026-01-05 03:32:54",0,0,0,0,0,0,0,0,0
S00000267534,2916530,"2026-01-06 03:27:05",14107,11832,2275,0,11832,0,0,0,0
S00000267534,2916531,"2026-01-06 03:27:05",0,0,0,0,0,0,0,0,0
S00000267534,2916542,"2026-01-06 03:27:31",19800,16607,3193,0,16607,0,0,0,0
S00000267535,2916593,"2026-01-06 03:29:28",13365,11210,2155,0,11210,0,0,0,0
S00000267535,2916594,"2026-01-06 03:29:28",0,0,0,0,0,0,0,0,0
S00000267550,2916633,"2026-01-06 03:31:05",14107,11832,2275,0,11832,0,0,0,0
S00000267550,2916634,"2026-01-06 03:31:05",0,0,0,0,0,0,0,0,0
S00000267553,2915283,"2026-01-05 03:33:04",14107,12287,1820,0,12287,0,0,0,0
S00000267553,2915284,"2026-01-05 03:33:04",0,0,0,0,0,0,0,0,0
S00000267562,2916360,"2026-01-06 03:20:40",14107,11832,2275,0,11832,0,0,0,0
S00000267562,2916361,"2026-01-06 03:20:40",0,0,0,0,0,0,0,0,0
S00000267567,2916781,"2026-01-06 03:37:21",14107,11832,2275,0,11832,0,0,0,0
S00000267567,2916782,"2026-01-06 03:37:21",0,0,0,0,0,0,0,0,0
S00000267576,2913058,"2026-01-02 11:33:24",0,0,0,0,0,0,0,0,0
S00000267576,2913059,"2026-01-02 11:33:24",14850,14371,479,0,14371,0,0,0,0
S00000267598,2916562,"2026-01-06 03:28:21",14107,11832,2275,0,11832,0,0,0,0
S00000267598,2916563,"2026-01-06 03:28:21",0,0,0,0,0,0,0,0,0
S00000267598,2916564,"2026-01-06 03:28:25",19800,16607,3193,0,16607,0,0,0,0
S00000267608,2916474,"2026-01-06 03:24:48",14107,11832,2275,0,11832,0,0,0,0
S00000267608,2916475,"2026-01-06 03:24:48",0,0,0,0,0,0,0,0,0
S00000267623,2916813,"2026-01-06 03:38:28",13365,11210,2155,0,11210,0,0,0,0
S00000267623,2916814,"2026-01-06 03:38:28",0,0,0,0,0,0,0,0,0
S00000267634,2916815,"2026-01-06 03:38:31",14107,11832,2275,0,11832,0,0,0,0
S00000267634,2916816,"2026-01-06 03:38:31",0,0,0,0,0,0,0,0,0
S00000267635,2916445,"2026-01-06 03:23:50",14107,11832,2275,0,11832,0,0,0,0
S00000267635,2916446,"2026-01-06 03:23:50",0,0,0,0,0,0,0,0,0
S00000267780,2911289,"2026-01-01 04:13:54",19800,19800,0,0,19800,0,0,0,0
S00000267809,2910067,"2026-01-01 03:22:33",14107,14107,0,0,14107,0,0,0,0
S00000267809,2910068,"2026-01-01 03:22:33",0,0,0,0,0,0,0,0,0
S00000267818,2914620,"2026-01-04 03:40:27",14107,12742,1365,0,12742,0,0,0,0
S00000267818,2914621,"2026-01-04 03:40:27",0,0,0,0,0,0,0,0,0
S00000267828,2910069,"2026-01-01 03:22:36",14107,14107,0,0,14107,0,0,0,0
S00000267828,2910070,"2026-01-01 03:22:36",0,0,0,0,0,0,0,0,0
S00000267968,2911258,"2026-01-01 04:12:52",14107,14107,0,0,14107,0,0,0,0
S00000267968,2911259,"2026-01-01 04:12:52",0,0,0,0,0,0,0,0,0
S00000267976,2911528,"2026-01-01 04:21:57",14850,14850,0,0,14850,0,0,0,0
S00000267976,2911529,"2026-01-01 04:21:57",0,0,0,0,0,0,0,0,0
S00000268027,2915532,"2026-01-05 03:41:35",14850,12934,1916,0,12934,0,0,0,0
S00000268027,2915533,"2026-01-05 03:41:36",0,0,0,0,0,0,0,0,0
S00000268086,2915978,"2026-01-05 12:56:46",0,0,0,0,0,0,0,0,0
S00000268086,2915979,"2026-01-05 12:56:46",14107,12287,1820,0,12287,0,0,0,0
S00000268233,2912769,"2026-01-02 08:43:56",14107,13652,455,0,13652,0,0,0,0
S00000268233,2912770,"2026-01-02 08:43:56",0,0,0,0,0,0,0,0,0
S00000268403,2911893,"2026-01-01 04:34:29",14850,14850,0,0,14850,0,0,0,0
S00000268403,2911894,"2026-01-01 04:34:29",0,0,0,0,0,0,0,0,0
S00000268446,2894574,"2026-01-01 03:15:22",14107,14107,0,0,14107,0,0,0,0
S00000268446,2909881,"2026-01-01 03:15:22",0,0,0,0,0,0,0,0,0
S00000268462,2915300,"2026-01-05 03:33:37",14107,12287,1820,0,12287,0,0,0,0
S00000268462,2915301,"2026-01-05 03:33:37",0,0,0,0,0,0,0,0,0
S00000268501,2911264,"2026-01-01 04:13:03",13365,13365,0,0,13365,0,0,0,0
S00000268501,2911265,"2026-01-01 04:13:03",0,0,0,0,0,0,0,0,0
S00000268586,2915291,"2026-01-05 03:33:21",14107,12287,1820,0,12287,0,0,0,0
S00000268586,2915292,"2026-01-05 03:33:21",0,0,0,0,0,0,0,0,0
S00000268594,2909969,"2026-01-01 03:19:21",14107,14107,0,0,14107,0,0,0,0
S00000268594,2909970,"2026-01-01 03:19:21",0,0,0,0,0,0,0,0,0
S00000268690,2911287,"2026-01-01 04:13:50",14107,14107,0,0,14107,0,0,0,0
S00000268690,2911288,"2026-01-01 04:13:50",0,0,0,0,0,0,0,0,0
S00000268751,2916817,"2026-01-06 03:38:34",14107,11832,2275,0,11832,0,0,0,0
S00000268751,2916818,"2026-01-06 03:38:34",0,0,0,0,0,0,0,0,0
S00000268773,2912674,"2026-01-02 08:41:06",13365,12934,431,0,12934,0,0,0,0
S00000268773,2912675,"2026-01-02 08:41:06",0,0,0,0,0,0,0,0,0
S00000268819,2915396,"2026-01-05 03:36:59",14107,12287,1820,0,12287,0,0,0,0
S00000268819,2915397,"2026-01-05 03:36:59",0,0,0,0,0,0,0,0,0
S00000268826,2913619,"2026-01-03 03:35:41",20377,19063,1314,0,19063,0,0,0,0
S00000268826,2913620,"2026-01-03 03:35:41",0,0,0,0,0,0,0,0,0
S00000268845,2913813,"2026-01-03 03:42:21",14850,13892,958,0,13892,0,0,0,0
S00000268845,2913814,"2026-01-03 03:42:21",0,0,0,0,0,0,0,0,0
S00000269045,2912663,"2026-01-02 08:40:43",14107,13652,455,0,13652,0,0,0,0
S00000269045,2912664,"2026-01-02 08:40:43",0,0,0,0,0,0,0,0,0
S00000269059,2916385,"2026-01-06 03:21:31",14107,11832,2275,0,11832,0,0,0,0
S00000269059,2916386,"2026-01-06 03:21:32",0,0,0,0,0,0,0,0,0
S00000269086,2911239,"2026-01-01 04:12:17",14107,14107,0,0,14107,0,0,0,0
S00000269086,2911240,"2026-01-01 04:12:17",0,0,0,0,0,0,0,0,0
S00000269089,2910061,"2026-01-01 03:22:19",14850,14850,0,0,14850,0,0,0,0
S00000269089,2910062,"2026-01-01 03:22:19",0,0,0,0,0,0,0,0,0
S00000269201,2910041,"2026-01-01 03:21:43",14107,14107,0,0,14107,0,0,0,0
S00000269201,2910042,"2026-01-01 03:21:43",0,0,0,0,0,0,0,0,0
S00000269204,2910045,"2026-01-01 03:21:50",14107,14107,0,0,14107,0,0,0,0
S00000269204,2910046,"2026-01-01 03:21:50",0,0,0,0,0,0,0,0,0
S00000269205,2910047,"2026-01-01 03:21:54",14107,14107,0,0,14107,0,0,0,0
S00000269205,2910048,"2026-01-01 03:21:54",0,0,0,0,0,0,0,0,0
S00000269207,2910049,"2026-01-01 03:21:57",14107,14107,0,0,14107,0,0,0,0
S00000269207,2910050,"2026-01-01 03:21:57",0,0,0,0,0,0,0,0,0
S00000269209,2910051,"2026-01-01 03:22:01",14107,14107,0,0,14107,0,0,0,0
S00000269209,2910052,"2026-01-01 03:22:01",0,0,0,0,0,0,0,0,0
S00000269212,2910053,"2026-01-01 03:22:04",14107,14107,0,0,14107,0,0,0,0
S00000269212,2910054,"2026-01-01 03:22:04",0,0,0,0,0,0,0,0,0
S00000269215,2910055,"2026-01-01 03:22:08",14107,14107,0,0,14107,0,0,0,0
S00000269215,2910056,"2026-01-01 03:22:08",0,0,0,0,0,0,0,0,0
S00000269225,2910057,"2026-01-01 03:22:11",14107,14107,0,0,14107,0,0,0,0
S00000269225,2910058,"2026-01-01 03:22:11",0,0,0,0,0,0,0,0,0
S00000269324,2909953,"2026-01-01 03:18:52",14107,14107,0,0,14107,0,0,0,0
S00000269324,2909954,"2026-01-01 03:18:52",0,0,0,0,0,0,0,0,0
S00000269399,2914433,"2026-01-04 03:34:12",13365,12072,1293,0,12072,0,0,0,0
S00000269399,2914434,"2026-01-04 03:34:12",0,0,0,0,0,0,0,0,0
S00000269486,2916627,"2026-01-06 03:30:49",14107,11832,2275,0,11832,0,0,0,0
S00000269486,2916628,"2026-01-06 03:30:49",0,0,0,0,0,0,0,0,0
S00000269625,2911885,"2026-01-01 04:34:11",13365,13365,0,0,13365,0,0,0,0
S00000269625,2911886,"2026-01-01 04:34:11",0,0,0,0,0,0,0,0,0
S00000269643,2911235,"2026-01-01 04:12:11",14107,14107,0,0,14107,0,0,0,0
S00000269643,2911236,"2026-01-01 04:12:11",0,0,0,0,0,0,0,0,0
S00000269667,2911243,"2026-01-01 04:12:26",14107,14107,0,0,14107,0,0,0,0
S00000269667,2911244,"2026-01-01 04:12:26",0,0,0,0,0,0,0,0,0
S00000269676,2911249,"2026-01-01 04:12:34",14107,14107,0,0,14107,0,0,0,0
S00000269676,2911250,"2026-01-01 04:12:34",0,0,0,0,0,0,0,0,0
S00000269711,2911233,"2026-01-01 04:12:07",13365,13365,0,0,13365,0,0,0,0
S00000269711,2911234,"2026-01-01 04:12:07",0,0,0,0,0,0,0,0,0
S00000269723,2911455,"2026-01-01 04:19:27",14107,14107,0,0,14107,0,0,0,0
S00000269723,2911456,"2026-01-01 04:19:27",0,0,0,0,0,0,0,0,0
S00000269747,2912665,"2026-01-02 08:40:47",14107,13652,455,0,13652,0,0,0,0
S00000269747,2912666,"2026-01-02 08:40:47",0,0,0,0,0,0,0,0,0
S00000269773,2912672,"2026-01-02 08:41:03",14107,13652,455,0,13652,0,0,0,0
S00000269773,2912673,"2026-01-02 08:41:03",0,0,0,0,0,0,0,0,0
S00000269774,2911262,"2026-01-01 04:13:00",13365,13365,0,0,13365,0,0,0,0
S00000269774,2911263,"2026-01-01 04:13:00",0,0,0,0,0,0,0,0,0
S00000269776,2912660,"2026-01-02 08:40:37",14107,13652,455,0,13652,0,0,0,0
S00000269776,2912661,"2026-01-02 08:40:37",0,0,0,0,0,0,0,0,0
S00000269776,2912662,"2026-01-02 08:40:39",19800,19162,638,0,19162,0,0,0,0
S00000269778,2911268,"2026-01-01 04:13:10",14107,14107,0,0,14107,0,0,0,0
S00000269778,2911269,"2026-01-01 04:13:10",0,0,0,0,0,0,0,0,0
S00000269778,2911270,"2026-01-01 04:13:14",19800,19800,0,0,19800,0,0,0,0
S00000269791,2911363,"2026-01-01 04:16:24",14107,14107,0,0,14107,0,0,0,0
S00000269791,2911364,"2026-01-01 04:16:24",0,0,0,0,0,0,0,0,0
S00000269799,2911266,"2026-01-01 04:13:07",14107,14107,0,0,14107,0,0,0,0
S00000269799,2911267,"2026-01-01 04:13:07",0,0,0,0,0,0,0,0,0
S00000269800,2911260,"2026-01-01 04:12:56",14107,14107,0,0,14107,0,0,0,0
S00000269800,2911261,"2026-01-01 04:12:56",0,0,0,0,0,0,0,0,0
S00000269809,2914444,"2026-01-04 03:34:33",14107,12742,1365,0,12742,0,0,0,0
S00000269809,2914445,"2026-01-04 03:34:33",0,0,0,0,0,0,0,0,0
S00000269818,2914442,"2026-01-04 03:34:28",14107,12742,1365,0,12742,0,0,0,0
S00000269818,2914443,"2026-01-04 03:34:28",0,0,0,0,0,0,0,0,0
S00000269822,2911251,"2026-01-01 04:12:38",14107,14107,0,0,14107,0,0,0,0
S00000269822,2911252,"2026-01-01 04:12:38",0,0,0,0,0,0,0,0,0
S00000269835,2911357,"2026-01-01 04:16:13",14107,14107,0,0,14107,0,0,0,0
S00000269835,2911358,"2026-01-01 04:16:13",0,0,0,0,0,0,0,0,0
S00000269886,2912791,"2026-01-02 08:44:36",13365,12934,431,0,12934,0,0,0,0
S00000269886,2912792,"2026-01-02 08:44:37",0,0,0,0,0,0,0,0,0
S00000269887,2914577,"2026-01-04 03:38:54",14107,12742,1365,0,12742,0,0,0,0
S00000269887,2914578,"2026-01-04 03:38:54",0,0,0,0,0,0,0,0,0
S00000269891,2913553,"2026-01-03 03:33:12",14107,13197,910,0,13197,0,0,0,0
S00000269891,2913554,"2026-01-03 03:33:12",0,0,0,0,0,0,0,0,0
S00000269898,2913541,"2026-01-03 03:32:49",14107,13197,910,0,13197,0,0,0,0
S00000269898,2913542,"2026-01-03 03:32:49",0,0,0,0,0,0,0,0,0
S00000269909,2914018,"2026-01-04 03:15:22",13365,12072,1293,0,12072,0,0,0,0
S00000269909,2914019,"2026-01-04 03:15:22",0,0,0,0,0,0,0,0,0
S00000269994,2912669,"2026-01-02 08:40:55",13365,12934,431,0,12934,0,0,0,0
S00000269994,2912670,"2026-01-02 08:40:55",0,0,0,0,0,0,0,0,0
S00000269995,2913549,"2026-01-03 03:33:05",14107,13197,910,0,13197,0,0,0,0
S00000269995,2913550,"2026-01-03 03:33:05",0,0,0,0,0,0,0,0,0
S00000270005,2913543,"2026-01-03 03:32:52",14107,13197,910,0,13197,0,0,0,0
S00000270005,2913544,"2026-01-03 03:32:52",0,0,0,0,0,0,0,0,0
S00000270010,2916819,"2026-01-06 03:38:38",14107,11832,2275,0,11832,0,0,0,0
S00000270010,2916820,"2026-01-06 03:38:38",0,0,0,0,0,0,0,0,0
S00000270026,2913547,"2026-01-03 03:33:01",14107,13197,910,0,13197,0,0,0,0
S00000270026,2913548,"2026-01-03 03:33:01",0,0,0,0,0,0,0,0,0
S00000270027,2913551,"2026-01-03 03:33:09",14107,13197,910,0,13197,0,0,0,0
S00000270027,2913552,"2026-01-03 03:33:09",0,0,0,0,0,0,0,0,0
S00000270034,2913557,"2026-01-03 03:33:21",14107,13197,910,0,13197,0,0,0,0
S00000270034,2913558,"2026-01-03 03:33:21",0,0,0,0,0,0,0,0,0
S00000270051,2912918,"2026-01-02 08:48:58",14850,14371,479,0,14371,0,0,0,0
S00000270051,2912919,"2026-01-02 08:48:58",0,0,0,0,0,0,0,0,0
S00000270059,2914439,"2026-01-04 03:34:22",14107,12742,1365,0,12742,0,0,0,0
S00000270059,2914440,"2026-01-04 03:34:22",0,0,0,0,0,0,0,0,0
S00000270059,2914441,"2026-01-04 03:34:25",19800,17884,1916,0,17884,0,0,0,0
S00000270060,2915295,"2026-01-05 03:33:28",14107,12287,1820,0,12287,0,0,0,0
S00000270060,2915296,"2026-01-05 03:33:28",0,0,0,0,0,0,0,0,0
S00000270074,2914435,"2026-01-04 03:34:16",14107,12742,1365,0,12742,0,0,0,0
S00000270074,2914436,"2026-01-04 03:34:16",0,0,0,0,0,0,0,0,0
S00000270078,2916463,"2026-01-06 03:24:25",14107,11832,2275,0,11832,0,0,0,0
S00000270078,2916464,"2026-01-06 03:24:25",0,0,0,0,0,0,0,0,0
S00000270083,2916616,"2026-01-06 03:30:18",14107,11832,2275,0,11832,0,0,0,0
S00000270083,2916617,"2026-01-06 03:30:18",0,0,0,0,0,0,0,0,0
S00000270087,2915293,"2026-01-05 03:33:25",14107,12287,1820,0,12287,0,0,0,0
S00000270087,2915294,"2026-01-05 03:33:25",0,0,0,0,0,0,0,0,0
S00000270092,2914448,"2026-01-04 03:34:41",14107,12742,1365,0,12742,0,0,0,0
S00000270092,2914449,"2026-01-04 03:34:41",0,0,0,0,0,0,0,0,0
S00000270100,2916412,"2026-01-06 03:22:38",14107,11832,2275,0,11832,0,0,0,0
S00000270100,2916413,"2026-01-06 03:22:38",0,0,0,0,0,0,0,0,0
S00000270101,2915302,"2026-01-05 03:33:40",13365,11641,1724,0,11641,0,0,0,0
S00000270101,2915303,"2026-01-05 03:33:40",0,0,0,0,0,0,0,0,0
S00000270107,2915516,"2026-01-05 03:41:07",13365,11641,1724,0,11641,0,0,0,0
S00000270107,2915517,"2026-01-05 03:41:07",0,0,0,0,0,0,0,0,0
S00000270127,2916545,"2026-01-06 03:27:43",14107,11832,2275,0,11832,0,0,0,0
S00000270127,2916546,"2026-01-06 03:27:43",0,0,0,0,0,0,0,0,0
S00000270132,2913073,"2026-01-02 13:49:04",0,0,0,0,0,0,0,0,0
S00000270132,2913074,"2026-01-02 13:49:04",14850,14371,479,0,14371,0,0,0,0
S00000270132,2913075,"2026-01-02 13:54:21",19800,19162,638,0,19162,0,0,0,0
S00000270163,2915339,"2026-01-05 03:35:00",20377,17748,2629,0,17748,0,0,0,0
S00000270163,2915340,"2026-01-05 03:35:01",0,0,0,0,0,0,0,0,0
S00000270169,2916821,"2026-01-06 03:38:42",14107,11832,2275,0,11832,0,0,0,0
S00000270169,2916822,"2026-01-06 03:38:42",0,0,0,0,0,0,0,0,0
S00000270470,2912995,"2026-01-02 08:51:36",14107,13652,455,0,13652,0,0,0,0
S00000270470,2912996,"2026-01-02 08:51:36",0,0,0,0,0,0,0,0,0
S00000270477,2916251,"2026-01-06 03:15:21",14107,11832,2275,0,11832,0,0,0,0
S00000270477,2916252,"2026-01-06 03:15:21",0,0,0,0,0,0,0,0,0
S00000270648,2910117,"2026-01-01 03:24:08",14107,14107,0,0,14107,0,0,0,0
S00000270648,2910118,"2026-01-01 03:24:08",0,0,0,0,0,0,0,0,0
S00000270724,2911278,"2026-01-01 04:13:32",14107,14107,0,0,14107,0,0,0,0
S00000270724,2911279,"2026-01-01 04:13:32",0,0,0,0,0,0,0,0,0
S00000270724,2911280,"2026-01-01 04:13:36",19800,19800,0,0,19800,0,0,0,0
S00000271019,2914844,"2026-01-04 19:49:27",0,0,0,0,0,0,0,0,0
S00000271019,2914845,"2026-01-04 19:49:27",14107,12742,1365,0,12742,0,0,0,0
S00000271050,2911294,"2026-01-01 04:14:10",13365,13365,0,0,13365,0,0,0,0
S00000271050,2911295,"2026-01-01 04:14:10",0,0,0,0,0,0,0,0,0
S00000271065,2914502,"2026-01-04 03:36:25",20377,18406,1971,0,18406,0,0,0,0
S00000271065,2914503,"2026-01-04 03:36:26",0,0,0,0,0,0,0,0,0
S00000271150,2916186,"2026-01-05 21:20:57",0,0,0,0,0,0,0,0,0
S00000271150,2916187,"2026-01-05 21:20:57",7425,495,6930,0,495,0,0,0,0
S00000271182,2910121,"2026-01-01 03:24:17",14107,14107,0,0,14107,0,0,0,0
S00000271182,2910122,"2026-01-01 03:24:17",0,0,0,0,0,0,0,0,0
S00000271241,2911801,"2026-01-01 04:31:15",14850,14850,0,0,14850,0,0,0,0
S00000271241,2911802,"2026-01-01 04:31:15",0,0,0,0,0,0,0,0,0
S00000271261,2911697,"2026-01-01 04:27:45",14107,14107,0,0,14107,0,0,0,0
S00000271261,2911698,"2026-01-01 04:27:45",0,0,0,0,0,0,0,0,0
S00000271343,2912684,"2026-01-02 08:41:25",14107,13652,455,0,13652,0,0,0,0
S00000271343,2912685,"2026-01-02 08:41:25",0,0,0,0,0,0,0,0,0
S00000271359,2911551,"2026-01-01 04:22:44",14850,14850,0,0,14850,0,0,0,0
S00000271359,2911552,"2026-01-01 04:22:44",0,0,0,0,0,0,0,0,0
S00000271375,2912181,"2026-01-02 08:18:59",14107,13652,455,0,13652,0,0,0,0
S00000271375,2912182,"2026-01-02 08:18:59",0,0,0,0,0,0,0,0,0
S00000271394,2911465,"2026-01-01 04:19:45",14107,14107,0,0,14107,0,0,0,0
S00000271394,2911466,"2026-01-01 04:19:45",0,0,0,0,0,0,0,0,0
S00000271407,2910743,"2026-01-01 03:55:29",14107,14107,0,0,14107,0,0,0,0
S00000271407,2910744,"2026-01-01 03:55:29",0,0,0,0,0,0,0,0,0
S00000271446,2911339,"2026-01-01 04:15:39",14107,14107,0,0,14107,0,0,0,0
S00000271446,2911340,"2026-01-01 04:15:39",0,0,0,0,0,0,0,0,0
S00000271468,2912688,"2026-01-02 08:41:33",13365,12934,431,0,12934,0,0,0,0
S00000271468,2912689,"2026-01-02 08:41:33",0,0,0,0,0,0,0,0,0
S00000271518,2910123,"2026-01-01 03:24:21",14107,14107,0,0,14107,0,0,0,0
S00000271518,2910124,"2026-01-01 03:24:21",0,0,0,0,0,0,0,0,0
S00000271521,2909965,"2026-01-01 03:19:15",14850,14850,0,0,14850,0,0,0,0
S00000271521,2909966,"2026-01-01 03:19:15",0,0,0,0,0,0,0,0,0
S00000271564,2911429,"2026-01-01 04:18:38",13365,13365,0,0,13365,0,0,0,0
S00000271564,2911430,"2026-01-01 04:18:38",0,0,0,0,0,0,0,0,0
S00000271671,2911285,"2026-01-01 04:13:47",13365,13365,0,0,13365,0,0,0,0
S00000271671,2911286,"2026-01-01 04:13:47",0,0,0,0,0,0,0,0,0
S00000271690,2910095,"2026-01-01 03:23:27",14107,14107,0,0,14107,0,0,0,0
S00000271690,2910096,"2026-01-01 03:23:28",0,0,0,0,0,0,0,0,0
S00000271723,2911536,"2026-01-01 04:22:13",14850,14850,0,0,14850,0,0,0,0
S00000271723,2911537,"2026-01-01 04:22:13",0,0,0,0,0,0,0,0,0
S00000271746,2912712,"2026-01-02 08:42:06",13365,12934,431,0,12934,0,0,0,0
S00000271746,2912713,"2026-01-02 08:42:06",0,0,0,0,0,0,0,0,0
S00000271806,2911308,"2026-01-01 04:14:37",13365,13365,0,0,13365,0,0,0,0
S00000271806,2911309,"2026-01-01 04:14:37",0,0,0,0,0,0,0,0,0
S00000271809,2909931,"2026-01-01 03:18:12",14850,14850,0,0,14850,0,0,0,0
S00000271809,2909932,"2026-01-01 03:18:12",0,0,0,0,0,0,0,0,0
S00000271810,2909933,"2026-01-01 03:18:16",14850,14850,0,0,14850,0,0,0,0
S00000271810,2909934,"2026-01-01 03:18:16",0,0,0,0,0,0,0,0,0
S00000271847,2911861,"2026-01-01 04:33:19",13365,13365,0,0,13365,0,0,0,0
S00000271847,2911862,"2026-01-01 04:33:19",0,0,0,0,0,0,0,0,0
S00000271852,2911300,"2026-01-01 04:14:21",14107,14107,0,0,14107,0,0,0,0
S00000271852,2911301,"2026-01-01 04:14:21",0,0,0,0,0,0,0,0,0
S00000271890,2912680,"2026-01-02 08:41:17",13365,12934,431,0,12934,0,0,0,0
S00000271890,2912681,"2026-01-02 08:41:17",0,0,0,0,0,0,0,0,0
S00000271901,2911310,"2026-01-01 04:14:41",13365,13365,0,0,13365,0,0,0,0
S00000271901,2911311,"2026-01-01 04:14:41",0,0,0,0,0,0,0,0,0
S00000271911,2912696,"2026-01-02 08:41:46",13365,12934,431,0,12934,0,0,0,0
S00000271911,2912697,"2026-01-02 08:41:46",0,0,0,0,0,0,0,0,0
S00000271917,2911296,"2026-01-01 04:14:13",13365,13365,0,0,13365,0,0,0,0
S00000271917,2911297,"2026-01-01 04:14:13",0,0,0,0,0,0,0,0,0
S00000271919,2911317,"2026-01-01 04:14:56",13365,13365,0,0,13365,0,0,0,0
S00000271919,2911318,"2026-01-01 04:14:56",0,0,0,0,0,0,0,0,0
S00000271921,2912678,"2026-01-02 08:41:14",14107,13652,455,0,13652,0,0,0,0
S00000271921,2912679,"2026-01-02 08:41:14",0,0,0,0,0,0,0,0,0
S00000271927,2912706,"2026-01-02 08:41:53",14107,13652,455,0,13652,0,0,0,0
S00000271927,2912707,"2026-01-02 08:41:53",0,0,0,0,0,0,0,0,0
S00000271934,2912733,"2026-01-02 08:42:50",14107,13652,455,0,13652,0,0,0,0
S00000271934,2912734,"2026-01-02 08:42:50",0,0,0,0,0,0,0,0,0
S00000271964,2912737,"2026-01-02 08:42:57",14107,13652,455,0,13652,0,0,0,0
S00000271964,2912738,"2026-01-02 08:42:57",0,0,0,0,0,0,0,0,0
S00000271974,2911290,"2026-01-01 04:13:59",14107,14107,0,0,14107,0,0,0,0
S00000271974,2911291,"2026-01-01 04:13:59",0,0,0,0,0,0,0,0,0
S00000271976,2911598,"2026-01-01 04:24:16",14107,14107,0,0,14107,0,0,0,0
S00000271976,2911599,"2026-01-01 04:24:16",0,0,0,0,0,0,0,0,0
S00000271984,2910145,"2026-01-01 03:25:02",13365,13365,0,0,13365,0,0,0,0
S00000271984,2910146,"2026-01-01 03:25:02",0,0,0,0,0,0,0,0,0
S00000271985,2911306,"2026-01-01 04:14:33",14107,14107,0,0,14107,0,0,0,0
S00000271985,2911307,"2026-01-01 04:14:33",0,0,0,0,0,0,0,0,0
S00000271991,2913617,"2026-01-03 03:35:37",14107,13197,910,0,13197,0,0,0,0
S00000271991,2913618,"2026-01-03 03:35:37",0,0,0,0,0,0,0,0,0
S00000271994,2913593,"2026-01-03 03:34:33",14107,13197,910,0,13197,0,0,0,0
S00000271994,2913594,"2026-01-03 03:34:33",0,0,0,0,0,0,0,0,0
S00000271997,2911343,"2026-01-01 04:15:47",13365,13365,0,0,13365,0,0,0,0
S00000271997,2911344,"2026-01-01 04:15:47",0,0,0,0,0,0,0,0,0
S00000272004,2915308,"2026-01-05 03:33:50",13365,11641,1724,0,11641,0,0,0,0
S00000272004,2915309,"2026-01-05 03:33:50",0,0,0,0,0,0,0,0,0
S00000272013,2911319,"2026-01-01 04:14:59",13365,13365,0,0,13365,0,0,0,0
S00000272013,2911320,"2026-01-01 04:15:00",0,0,0,0,0,0,0,0,0
S00000272016,2911325,"2026-01-01 04:15:11",14107,14107,0,0,14107,0,0,0,0
S00000272016,2911326,"2026-01-01 04:15:11",0,0,0,0,0,0,0,0,0
S00000272017,2913588,"2026-01-03 03:34:22",14107,13197,910,0,13197,0,0,0,0
S00000272017,2913589,"2026-01-03 03:34:22",0,0,0,0,0,0,0,0,0
S00000272026,2911327,"2026-01-01 04:15:15",13365,13365,0,0,13365,0,0,0,0
S00000272026,2911328,"2026-01-01 04:15:15",0,0,0,0,0,0,0,0,0
S00000272035,2911353,"2026-01-01 04:16:06",14107,14107,0,0,14107,0,0,0,0
S00000272035,2911354,"2026-01-01 04:16:06",0,0,0,0,0,0,0,0,0
S00000272038,2914452,"2026-01-04 03:34:49",14107,12742,1365,0,12742,0,0,0,0
S00000272038,2914453,"2026-01-04 03:34:49",0,0,0,0,0,0,0,0,0
S00000272059,2911313,"2026-01-01 04:14:49",14107,14107,0,0,14107,0,0,0,0
S00000272059,2911314,"2026-01-01 04:14:49",0,0,0,0,0,0,0,0,0
S00000272060,2911351,"2026-01-01 04:16:02",14107,14107,0,0,14107,0,0,0,0
S00000272060,2911352,"2026-01-01 04:16:02",0,0,0,0,0,0,0,0,0
S00000272068,2911329,"2026-01-01 04:15:19",14107,14107,0,0,14107,0,0,0,0
S00000272068,2911330,"2026-01-01 04:15:19",0,0,0,0,0,0,0,0,0
S00000272074,2912797,"2026-01-02 08:44:47",14850,14371,479,0,14371,0,0,0,0
S00000272074,2912798,"2026-01-02 08:44:47",0,0,0,0,0,0,0,0,0
S00000272076,2911321,"2026-01-01 04:15:04",14107,14107,0,0,14107,0,0,0,0
S00000272076,2911322,"2026-01-01 04:15:04",0,0,0,0,0,0,0,0,0
S00000272091,2912729,"2026-01-02 08:42:42",14107,13652,455,0,13652,0,0,0,0
S00000272091,2912730,"2026-01-02 08:42:42",0,0,0,0,0,0,0,0,0
S00000272092,2911345,"2026-01-01 04:15:52",14107,14107,0,0,14107,0,0,0,0
S00000272092,2911346,"2026-01-01 04:15:52",0,0,0,0,0,0,0,0,0
S00000272104,2912857,"2026-01-02 08:46:49",14107,13652,455,0,13652,0,0,0,0
S00000272104,2912858,"2026-01-02 08:46:49",0,0,0,0,0,0,0,0,0
S00000272107,2912698,"2026-01-02 08:41:50",14107,13652,455,0,13652,0,0,0,0
S00000272107,2912705,"2026-01-02 08:41:50",0,0,0,0,0,0,0,0,0
S00000272108,2912686,"2026-01-02 08:41:29",14107,13652,455,0,13652,0,0,0,0
S00000272108,2912687,"2026-01-02 08:41:29",0,0,0,0,0,0,0,0,0
S00000272109,2912747,"2026-01-02 08:43:16",14107,13652,455,0,13652,0,0,0,0
S00000272109,2912748,"2026-01-02 08:43:16",0,0,0,0,0,0,0,0,0
S00000272112,2912714,"2026-01-02 08:42:09",14107,13652,455,0,13652,0,0,0,0
S00000272112,2912715,"2026-01-02 08:42:09",0,0,0,0,0,0,0,0,0
S00000272112,2912716,"2026-01-02 08:42:12",19800,19162,638,0,19162,0,0,0,0
S00000272113,2913577,"2026-01-03 03:33:59",14107,13197,910,0,13197,0,0,0,0
S00000272113,2913578,"2026-01-03 03:33:59",0,0,0,0,0,0,0,0,0
S00000272114,2912721,"2026-01-02 08:42:23",14107,13652,455,0,13652,0,0,0,0
S00000272114,2912722,"2026-01-02 08:42:23",0,0,0,0,0,0,0,0,0
S00000272118,2911373,"2026-01-01 04:16:43",14107,14107,0,0,14107,0,0,0,0
S00000272118,2911374,"2026-01-01 04:16:43",0,0,0,0,0,0,0,0,0
S00000272122,2912708,"2026-01-02 08:41:58",14107,13652,455,0,13652,0,0,0,0
S00000272122,2912709,"2026-01-02 08:41:58",0,0,0,0,0,0,0,0,0
S00000272124,2912745,"2026-01-02 08:43:12",13365,12934,431,0,12934,0,0,0,0
S00000272124,2912746,"2026-01-02 08:43:12",0,0,0,0,0,0,0,0,0
S00000272157,2912731,"2026-01-02 08:42:46",14107,13652,455,0,13652,0,0,0,0
S00000272157,2912732,"2026-01-02 08:42:46",0,0,0,0,0,0,0,0,0
S00000272164,2914465,"2026-01-04 03:35:13",14107,12742,1365,0,12742,0,0,0,0
S00000272164,2914466,"2026-01-04 03:35:13",0,0,0,0,0,0,0,0,0
S00000272166,2915316,"2026-01-05 03:34:07",14107,12287,1820,0,12287,0,0,0,0
S00000272166,2915317,"2026-01-05 03:34:07",0,0,0,0,0,0,0,0,0
S00000272167,2913583,"2026-01-03 03:34:11",14107,13197,910,0,13197,0,0,0,0
S00000272167,2913584,"2026-01-03 03:34:11",0,0,0,0,0,0,0,0,0
S00000272167,2913585,"2026-01-03 03:34:14",19800,18523,1277,0,18523,0,0,0,0
S00000272168,2912743,"2026-01-02 08:43:09",13365,12934,431,0,12934,0,0,0,0
S00000272168,2912744,"2026-01-02 08:43:09",0,0,0,0,0,0,0,0,0
S00000272169,2914456,"2026-01-04 03:34:56",14107,12742,1365,0,12742,0,0,0,0
S00000272169,2914457,"2026-01-04 03:34:56",0,0,0,0,0,0,0,0,0
S00000272170,2912741,"2026-01-02 08:43:05",14107,13652,455,0,13652,0,0,0,0
S00000272170,2912742,"2026-01-02 08:43:05",0,0,0,0,0,0,0,0,0
S00000272172,2913849,"2026-01-03 03:43:30",14107,0,14107,0,0,0,0,0,0
S00000272172,2913850,"2026-01-03 03:43:30",0,0,0,0,0,0,0,0,0
S00000272174,2915318,"2026-01-05 03:34:10",14107,12287,1820,0,12287,0,0,0,0
S00000272174,2915319,"2026-01-05 03:34:10",0,0,0,0,0,0,0,0,0
S00000272191,2913623,"2026-01-03 03:35:49",14107,13197,910,0,13197,0,0,0,0
S00000272191,2913624,"2026-01-03 03:35:49",0,0,0,0,0,0,0,0,0
S00000272204,2916504,"2026-01-06 03:26:04",14107,11832,2275,0,11832,0,0,0,0
S00000272204,2916505,"2026-01-06 03:26:04",0,0,0,0,0,0,0,0,0
S00000272208,2915304,"2026-01-05 03:33:44",14107,12287,1820,0,12287,0,0,0,0
S00000272208,2915305,"2026-01-05 03:33:44",0,0,0,0,0,0,0,0,0
S00000272221,2914458,"2026-01-04 03:34:59",13365,12072,1293,0,12072,0,0,0,0
S00000272221,2914459,"2026-01-04 03:34:59",0,0,0,0,0,0,0,0,0
S00000272248,2914460,"2026-01-04 03:35:02",14107,12742,1365,0,12742,0,0,0,0
S00000272248,2914461,"2026-01-04 03:35:02",0,0,0,0,0,0,0,0,0
S00000272257,2913625,"2026-01-03 03:35:52",14107,13197,910,0,13197,0,0,0,0
S00000272257,2913626,"2026-01-03 03:35:52",0,0,0,0,0,0,0,0,0
S00000272304,2916867,"2026-01-06 03:40:37",14107,11832,2275,0,11832,0,0,0,0
S00000272304,2916868,"2026-01-06 03:40:37",0,0,0,0,0,0,0,0,0
S00000272307,2916526,"2026-01-06 03:26:54",14107,11832,2275,0,11832,0,0,0,0
S00000272307,2916527,"2026-01-06 03:26:54",0,0,0,0,0,0,0,0,0
S00000272318,2916429,"2026-01-06 03:23:15",14107,11832,2275,0,11832,0,0,0,0
S00000272318,2916430,"2026-01-06 03:23:15",0,0,0,0,0,0,0,0,0
S00000272332,2914462,"2026-01-04 03:35:06",14107,12742,1365,0,12742,0,0,0,0
S00000272332,2914463,"2026-01-04 03:35:06",0,0,0,0,0,0,0,0,0
S00000272332,2914464,"2026-01-04 03:35:09",19800,17884,1916,0,17884,0,0,0,0
S00000272363,2915306,"2026-01-05 03:33:47",14107,12287,1820,0,12287,0,0,0,0
S00000272363,2915307,"2026-01-05 03:33:47",0,0,0,0,0,0,0,0,0
S00000272364,2915310,"2026-01-05 03:33:54",14107,12287,1820,0,12287,0,0,0,0
S00000272364,2915311,"2026-01-05 03:33:54",0,0,0,0,0,0,0,0,0
S00000272403,2916694,"2026-01-06 03:33:42",14107,11832,2275,0,11832,0,0,0,0
S00000272403,2916695,"2026-01-06 03:33:42",0,0,0,0,0,0,0,0,0
S00000272413,2916269,"2026-01-06 03:15:55",14107,11832,2275,0,11832,0,0,0,0
S00000272413,2916270,"2026-01-06 03:15:55",0,0,0,0,0,0,0,0,0
S00000272413,2916271,"2026-01-06 03:15:58",19800,16607,3193,0,16607,0,0,0,0
S00000272415,2916400,"2026-01-06 03:22:11",14107,11832,2275,0,11832,0,0,0,0
S00000272415,2916401,"2026-01-06 03:22:11",0,0,0,0,0,0,0,0,0
S00000272419,2913129,"2026-01-02 23:01:03",0,0,0,0,0,0,0,0,0
S00000272419,2913130,"2026-01-02 23:01:03",7425,7186,239,0,7186,0,0,0,0
S00000272457,2916823,"2026-01-06 03:38:46",14107,11832,2275,0,11832,0,0,0,0
S00000272457,2916824,"2026-01-06 03:38:46",0,0,0,0,0,0,0,0,0
S00000272479,2909506,"2026-01-01 04:18:23",19305,19305,0,0,19305,0,0,0,0
S00000272479,2911423,"2026-01-01 04:18:23",0,0,0,0,0,0,0,0,0
S00000272682,2912763,"2026-01-02 08:43:46",13365,12934,431,0,12934,0,0,0,0
S00000272682,2912764,"2026-01-02 08:43:46",0,0,0,0,0,0,0,0,0
S00000272735,2911964,"2026-01-01 04:36:58",14107,14107,0,0,14107,0,0,0,0
S00000272735,2911965,"2026-01-01 04:36:58",0,0,0,0,0,0,0,0,0
S00000272754,2916613,"2026-01-06 03:30:11",14850,12455,2395,0,12455,0,0,0,0
S00000272754,2916614,"2026-01-06 03:30:11",0,0,0,0,0,0,0,0,0
S00000272754,2916615,"2026-01-06 03:30:14",19800,16607,3193,0,16607,0,0,0,0
S00000272781,2915590,"2026-01-05 10:29:19",0,0,0,0,0,0,0,0,0
S00000272781,2915591,"2026-01-05 10:29:19",7425,6467,958,0,6467,0,0,0,0
S00000272782,2897148,"2026-01-01 03:15:14",7425,7425,0,0,7425,0,0,0,0
S00000272782,2909879,"2026-01-01 03:15:14",0,0,0,0,0,0,0,0,0
S00000272783,2915570,"2026-01-05 08:59:34",0,0,0,0,0,0,0,0,0
S00000272783,2915571,"2026-01-05 08:59:34",7425,495,6930,0,495,0,0,0,0
S00000272785,2900065,"2026-01-01 03:15:17",7425,7425,0,0,7425,0,0,0,0
S00000272785,2909880,"2026-01-01 03:15:17",0,0,0,0,0,0,0,0,0
S00000273069,2911610,"2026-01-01 04:24:47",14107,14107,0,0,14107,0,0,0,0
S00000273069,2911611,"2026-01-01 04:24:47",0,0,0,0,0,0,0,0,0
S00000273077,2905981,"2026-01-01 03:17:12",7425,7425,0,0,7425,0,0,0,0
S00000273077,2909910,"2026-01-01 03:17:12",0,0,0,0,0,0,0,0,0
S00000273133,2913125,"2026-01-02 22:39:59",0,0,0,0,0,0,0,0,0
S00000273133,2913126,"2026-01-02 22:39:59",14850,14371,479,0,14371,0,0,0,0
S00000273216,2911385,"2026-01-01 04:17:09",14107,14107,0,0,14107,0,0,0,0
S00000273216,2911386,"2026-01-01 04:17:09",0,0,0,0,0,0,0,0,0
S00000273307,2887529,"2026-01-06 03:28:52",14107,0,14107,0,0,0,0,0,0
S00000273307,2916577,"2026-01-06 03:28:52",0,0,0,0,0,0,0,0,0
S00000273419,2912773,"2026-01-02 08:44:04",13365,12934,431,0,12934,0,0,0,0
S00000273419,2912774,"2026-01-02 08:44:04",0,0,0,0,0,0,0,0,0
S00000273499,2907641,"2026-01-01 03:17:29",7425,7425,0,0,7425,0,0,0,0
S00000273499,2909914,"2026-01-01 03:17:29",0,0,0,0,0,0,0,0,0
S00000273517,2910101,"2026-01-01 03:23:39",14107,14107,0,0,14107,0,0,0,0
S00000273517,2910102,"2026-01-01 03:23:39",0,0,0,0,0,0,0,0,0
S00000273518,2910103,"2026-01-01 03:23:42",14107,14107,0,0,14107,0,0,0,0
S00000273518,2910104,"2026-01-01 03:23:42",0,0,0,0,0,0,0,0,0
S00000273521,2910105,"2026-01-01 03:23:45",14107,14107,0,0,14107,0,0,0,0
S00000273521,2910106,"2026-01-01 03:23:45",0,0,0,0,0,0,0,0,0
S00000273532,2910107,"2026-01-01 03:23:49",14107,14107,0,0,14107,0,0,0,0
S00000273532,2910108,"2026-01-01 03:23:49",0,0,0,0,0,0,0,0,0
S00000273534,2915451,"2026-01-05 03:38:50",14107,12287,1820,0,12287,0,0,0,0
S00000273534,2915452,"2026-01-05 03:38:50",0,0,0,0,0,0,0,0,0
S00000273540,2910109,"2026-01-01 03:23:52",14107,14107,0,0,14107,0,0,0,0
S00000273540,2910110,"2026-01-01 03:23:52",0,0,0,0,0,0,0,0,0
S00000273550,2908846,"2026-01-01 03:15:50",7425,7425,0,0,7425,0,0,0,0
S00000273550,2909888,"2026-01-01 03:15:50",0,0,0,0,0,0,0,0,0
S00000273552,2909455,"2026-01-01 03:15:53",7425,7425,0,0,7425,0,0,0,0
S00000273552,2909889,"2026-01-01 03:15:53",0,0,0,0,0,0,0,0,0
S00000273553,2898686,"2026-01-01 03:15:56",7425,7425,0,0,7425,0,0,0,0
S00000273553,2909890,"2026-01-01 03:15:56",0,0,0,0,0,0,0,0,0
S00000273565,2909868,"2026-01-01 03:16:00",7425,7425,0,0,7425,0,0,0,0
S00000273565,2909891,"2026-01-01 03:16:00",0,0,0,0,0,0,0,0,0
S00000273580,2916825,"2026-01-06 03:38:50",14107,11832,2275,0,11832,0,0,0,0
S00000273580,2916826,"2026-01-06 03:38:50",0,0,0,0,0,0,0,0,0
S00000273621,2911381,"2026-01-01 04:17:01",14107,14107,0,0,14107,0,0,0,0
S00000273621,2911382,"2026-01-01 04:17:01",0,0,0,0,0,0,0,0,0
S00000273757,2897614,"2026-01-01 03:16:49",7425,7425,0,0,7425,0,0,0,0
S00000273757,2909904,"2026-01-01 03:16:50",0,0,0,0,0,0,0,0,0
S00000273949,2911433,"2026-01-01 04:18:46",14107,14107,0,0,14107,0,0,0,0
S00000273949,2911434,"2026-01-01 04:18:47",0,0,0,0,0,0,0,0,0
S00000273992,2911445,"2026-01-01 04:19:09",14107,14107,0,0,14107,0,0,0,0
S00000273992,2911446,"2026-01-01 04:19:09",0,0,0,0,0,0,0,0,0
S00000273994,2912765,"2026-01-02 08:43:50",14107,13652,455,0,13652,0,0,0,0
S00000273994,2912766,"2026-01-02 08:43:50",0,0,0,0,0,0,0,0,0
S00000274033,2912753,"2026-01-02 08:43:26",13365,12934,431,0,12934,0,0,0,0
S00000274033,2912754,"2026-01-02 08:43:26",0,0,0,0,0,0,0,0,0
S00000274036,2914789,"2026-01-04 13:21:39",0,0,0,0,0,0,0,0,0
S00000274036,2914790,"2026-01-04 13:21:39",14107,12742,1365,0,12742,0,0,0,0
S00000274105,2911377,"2026-01-01 04:16:51",14107,14107,0,0,14107,0,0,0,0
S00000274105,2911378,"2026-01-01 04:16:51",0,0,0,0,0,0,0,0,0
S00000274108,2914477,"2026-01-04 03:35:38",13365,12072,1293,0,12072,0,0,0,0
S00000274108,2914478,"2026-01-04 03:35:38",0,0,0,0,0,0,0,0,0
S00000274159,2911375,"2026-01-01 04:16:47",13365,13365,0,0,13365,0,0,0,0
S00000274159,2911376,"2026-01-01 04:16:47",0,0,0,0,0,0,0,0,0
S00000274181,2909939,"2026-01-01 03:18:27",14107,14107,0,0,14107,0,0,0,0
S00000274181,2909940,"2026-01-01 03:18:27",0,0,0,0,0,0,0,0,0
S00000274190,2912013,"2026-01-01 04:38:43",14107,14107,0,0,14107,0,0,0,0
S00000274190,2912014,"2026-01-01 04:38:43",0,0,0,0,0,0,0,0,0
S00000274281,2910125,"2026-01-01 03:24:24",14850,14850,0,0,14850,0,0,0,0
S00000274281,2910126,"2026-01-01 03:24:24",0,0,0,0,0,0,0,0,0
S00000274288,2909848,"2026-01-01 03:17:01",7425,7425,0,0,7425,0,0,0,0
S00000274288,2909907,"2026-01-01 03:17:01",0,0,0,0,0,0,0,0,0
S00000274307,2916414,"2026-01-06 03:22:42",13365,11210,2155,0,11210,0,0,0,0
S00000274307,2916415,"2026-01-06 03:22:42",0,0,0,0,0,0,0,0,0
S00000274451,2911474,"2026-01-01 04:20:08",14850,14850,0,0,14850,0,0,0,0
S00000274451,2911475,"2026-01-01 04:20:08",0,0,0,0,0,0,0,0,0
S00000274451,2911476,"2026-01-01 04:20:11",19800,19800,0,0,19800,0,0,0,0
S00000274459,2911398,"2026-01-01 04:17:33",14107,14107,0,0,14107,0,0,0,0
S00000274459,2911399,"2026-01-01 04:17:34",0,0,0,0,0,0,0,0,0
S00000274470,2912490,"2026-01-02 08:34:47",14107,13652,455,0,13652,0,0,0,0
S00000274470,2912491,"2026-01-02 08:34:47",0,0,0,0,0,0,0,0,0
S00000274480,2911387,"2026-01-01 04:17:13",14107,14107,0,0,14107,0,0,0,0
S00000274480,2911388,"2026-01-01 04:17:13",0,0,0,0,0,0,0,0,0
S00000274480,2911389,"2026-01-01 04:17:16",19800,19800,0,0,19800,0,0,0,0
S00000274494,2912777,"2026-01-02 08:44:11",14107,13652,455,0,13652,0,0,0,0
S00000274494,2912778,"2026-01-02 08:44:11",0,0,0,0,0,0,0,0,0
S00000274511,2912779,"2026-01-02 08:44:15",14107,13652,455,0,13652,0,0,0,0
S00000274511,2912780,"2026-01-02 08:44:15",0,0,0,0,0,0,0,0,0
S00000274514,2914475,"2026-01-04 03:35:34",14107,12742,1365,0,12742,0,0,0,0
S00000274514,2914476,"2026-01-04 03:35:34",0,0,0,0,0,0,0,0,0
S00000274522,2911424,"2026-01-01 04:18:26",19800,19800,0,0,19800,0,0,0,0
S00000274534,2911425,"2026-01-01 04:18:30",14107,14107,0,0,14107,0,0,0,0
S00000274534,2911426,"2026-01-01 04:18:30",0,0,0,0,0,0,0,0,0
S00000274537,2911443,"2026-01-01 04:19:06",14107,14107,0,0,14107,0,0,0,0
S00000274537,2911444,"2026-01-01 04:19:06",0,0,0,0,0,0,0,0,0
S00000274539,2912771,"2026-01-02 08:44:00",14107,13652,455,0,13652,0,0,0,0
S00000274539,2912772,"2026-01-02 08:44:00",0,0,0,0,0,0,0,0,0
S00000274543,2912783,"2026-01-02 08:44:22",14107,13652,455,0,13652,0,0,0,0
S00000274543,2912784,"2026-01-02 08:44:22",0,0,0,0,0,0,0,0,0
S00000274551,2911392,"2026-01-01 04:17:23",14107,14107,0,0,14107,0,0,0,0
S00000274551,2911393,"2026-01-01 04:17:23",0,0,0,0,0,0,0,0,0
S00000274552,2911367,"2026-01-01 04:16:32",14107,14107,0,0,14107,0,0,0,0
S00000274552,2911368,"2026-01-01 04:16:32",0,0,0,0,0,0,0,0,0
S00000274555,2911402,"2026-01-01 04:17:41",14107,14107,0,0,14107,0,0,0,0
S00000274555,2911403,"2026-01-01 04:17:41",0,0,0,0,0,0,0,0,0
S00000274555,2916827,"2026-01-06 03:38:54",19800,16607,3193,0,16607,0,0,0,0
S00000274639,2911394,"2026-01-01 04:17:27",13365,13365,0,0,13365,0,0,0,0
S00000274639,2911395,"2026-01-01 04:17:27",0,0,0,0,0,0,0,0,0
S00000274660,2909937,"2026-01-01 03:18:22",14107,14107,0,0,14107,0,0,0,0
S00000274660,2909938,"2026-01-01 03:18:22",0,0,0,0,0,0,0,0,0
S00000274690,2911435,"2026-01-01 04:18:50",14107,14107,0,0,14107,0,0,0,0
S00000274690,2911436,"2026-01-01 04:18:51",0,0,0,0,0,0,0,0,0
S00000274695,2912781,"2026-01-02 08:44:19",14107,13652,455,0,13652,0,0,0,0
S00000274695,2912782,"2026-01-02 08:44:19",0,0,0,0,0,0,0,0,0
S00000274696,2911383,"2026-01-01 04:17:05",14107,14107,0,0,14107,0,0,0,0
S00000274696,2911384,"2026-01-01 04:17:05",0,0,0,0,0,0,0,0,0
S00000274697,2911427,"2026-01-01 04:18:34",13365,13365,0,0,13365,0,0,0,0
S00000274697,2911428,"2026-01-01 04:18:34",0,0,0,0,0,0,0,0,0
S00000274699,2888683,"2026-01-02 08:18:28",14107,13652,455,0,13652,0,0,0,0
S00000274699,2912166,"2026-01-02 08:18:28",0,0,0,0,0,0,0,0,0
S00000274706,2912757,"2026-01-02 08:43:35",14107,13652,455,0,13652,0,0,0,0
S00000274706,2912758,"2026-01-02 08:43:35",0,0,0,0,0,0,0,0,0
S00000274712,2913633,"2026-01-03 03:36:09",14107,13197,910,0,13197,0,0,0,0
S00000274712,2913634,"2026-01-03 03:36:09",0,0,0,0,0,0,0,0,0
S00000274714,2914479,"2026-01-04 03:35:41",14107,12742,1365,0,12742,0,0,0,0
S00000274714,2914480,"2026-01-04 03:35:41",0,0,0,0,0,0,0,0,0
S00000274719,2911396,"2026-01-01 04:17:30",14107,14107,0,0,14107,0,0,0,0
S00000274719,2911397,"2026-01-01 04:17:30",0,0,0,0,0,0,0,0,0
S00000274722,2911409,"2026-01-01 04:17:54",13365,13365,0,0,13365,0,0,0,0
S00000274722,2911410,"2026-01-01 04:17:54",0,0,0,0,0,0,0,0,0
S00000274724,2912767,"2026-01-02 08:43:53",13365,12934,431,0,12934,0,0,0,0
S00000274724,2912768,"2026-01-02 08:43:53",0,0,0,0,0,0,0,0,0
S00000274725,2911406,"2026-01-01 04:17:48",14107,14107,0,0,14107,0,0,0,0
S00000274725,2911407,"2026-01-01 04:17:48",0,0,0,0,0,0,0,0,0
S00000274725,2911408,"2026-01-01 04:17:51",19800,19800,0,0,19800,0,0,0,0
S00000274732,2913639,"2026-01-03 03:36:18",13365,12503,862,0,12503,0,0,0,0
S00000274732,2913640,"2026-01-03 03:36:18",0,0,0,0,0,0,0,0,0
S00000274734,2911437,"2026-01-01 04:18:55",14107,14107,0,0,14107,0,0,0,0
S00000274734,2911438,"2026-01-01 04:18:55",0,0,0,0,0,0,0,0,0
S00000274738,2910035,"2026-01-01 03:21:31",13365,13365,0,0,13365,0,0,0,0
S00000274738,2910036,"2026-01-01 03:21:31",0,0,0,0,0,0,0,0,0
S00000274742,2912755,"2026-01-02 08:43:30",14107,13652,455,0,13652,0,0,0,0
S00000274742,2912756,"2026-01-02 08:43:30",0,0,0,0,0,0,0,0,0
S00000274747,2912963,"2026-01-02 08:50:26",14107,13652,455,0,13652,0,0,0,0
S00000274747,2912964,"2026-01-02 08:50:26",0,0,0,0,0,0,0,0,0
S00000274750,2914483,"2026-01-04 03:35:49",14107,12742,1365,0,12742,0,0,0,0
S00000274750,2914484,"2026-01-04 03:35:49",0,0,0,0,0,0,0,0,0
S00000274756,2913631,"2026-01-03 03:36:05",14107,13197,910,0,13197,0,0,0,0
S00000274756,2913632,"2026-01-03 03:36:05",0,0,0,0,0,0,0,0,0
S00000274761,2913654,"2026-01-03 03:36:48",14107,13197,910,0,13197,0,0,0,0
S00000274761,2913655,"2026-01-03 03:36:48",0,0,0,0,0,0,0,0,0
S00000274765,2913635,"2026-01-03 03:36:12",13365,12503,862,0,12503,0,0,0,0
S00000274765,2913636,"2026-01-03 03:36:12",0,0,0,0,0,0,0,0,0
S00000274790,2915337,"2026-01-05 03:34:53",14107,12287,1820,0,12287,0,0,0,0
S00000274790,2915338,"2026-01-05 03:34:53",0,0,0,0,0,0,0,0,0
S00000274793,2915327,"2026-01-05 03:34:33",14107,12287,1820,0,12287,0,0,0,0
S00000274793,2915328,"2026-01-05 03:34:33",0,0,0,0,0,0,0,0,0
S00000274828,2913645,"2026-01-03 03:36:30",14107,13197,910,0,13197,0,0,0,0
S00000274828,2913646,"2026-01-03 03:36:30",0,0,0,0,0,0,0,0,0
S00000274828,2913647,"2026-01-03 03:36:34",19800,18523,1277,0,18523,0,0,0,0
S00000274841,2913022,"2026-01-02 08:57:29",0,0,0,0,0,0,0,0,0
S00000274841,2913023,"2026-01-02 08:57:29",14107,13652,455,0,13652,0,0,0,0
S00000274842,2913637,"2026-01-03 03:36:15",14107,13197,910,0,13197,0,0,0,0
S00000274842,2913638,"2026-01-03 03:36:15",0,0,0,0,0,0,0,0,0
S00000274863,2916267,"2026-01-06 03:15:52",14107,11832,2275,0,11832,0,0,0,0
S00000274863,2916268,"2026-01-06 03:15:52",0,0,0,0,0,0,0,0,0
S00000274867,2914471,"2026-01-04 03:35:24",14107,12742,1365,0,12742,0,0,0,0
S00000274867,2914472,"2026-01-04 03:35:24",0,0,0,0,0,0,0,0,0
S00000274868,2916569,"2026-01-06 03:28:36",14107,11832,2275,0,11832,0,0,0,0
S00000274868,2916570,"2026-01-06 03:28:36",0,0,0,0,0,0,0,0,0
S00000274874,2913629,"2026-01-03 03:36:02",14107,13197,910,0,13197,0,0,0,0
S00000274874,2913630,"2026-01-03 03:36:02",0,0,0,0,0,0,0,0,0
S00000274883,2916157,"2026-01-05 19:22:55",0,0,0,0,0,0,0,0,0
S00000274883,2916158,"2026-01-05 19:22:55",14107,12287,1820,0,12287,0,0,0,0
S00000274884,2913652,"2026-01-03 03:36:44",14107,13197,910,0,13197,0,0,0,0
S00000274884,2913653,"2026-01-03 03:36:44",0,0,0,0,0,0,0,0,0
S00000274891,2916265,"2026-01-06 03:15:48",14107,11832,2275,0,11832,0,0,0,0
S00000274891,2916266,"2026-01-06 03:15:48",0,0,0,0,0,0,0,0,0
S00000274895,2915320,"2026-01-05 03:34:14",14107,12287,1820,0,12287,0,0,0,0
S00000274895,2915321,"2026-01-05 03:34:14",0,0,0,0,0,0,0,0,0
S00000274907,2914469,"2026-01-04 03:35:21",13365,12072,1293,0,12072,0,0,0,0
S00000274907,2914470,"2026-01-04 03:35:21",0,0,0,0,0,0,0,0,0
S00000274926,2913650,"2026-01-03 03:36:41",14107,13197,910,0,13197,0,0,0,0
S00000274926,2913651,"2026-01-03 03:36:41",0,0,0,0,0,0,0,0,0
S00000274933,2915333,"2026-01-05 03:34:45",14107,12287,1820,0,12287,0,0,0,0
S00000274933,2915334,"2026-01-05 03:34:45",0,0,0,0,0,0,0,0,0
S00000274938,2913656,"2026-01-03 03:36:52",14107,13197,910,0,13197,0,0,0,0
S00000274938,2913657,"2026-01-03 03:36:52",0,0,0,0,0,0,0,0,0
S00000274939,2914481,"2026-01-04 03:35:46",14107,12742,1365,0,12742,0,0,0,0
S00000274939,2914482,"2026-01-04 03:35:46",0,0,0,0,0,0,0,0,0
S00000274948,2911483,"2026-01-01 04:20:26",14850,14850,0,0,14850,0,0,0,0
S00000274948,2911484,"2026-01-01 04:20:26",0,0,0,0,0,0,0,0,0
S00000274983,2912877,"2026-01-02 08:47:29",14850,14371,479,0,14371,0,0,0,0
S00000274983,2912878,"2026-01-02 08:47:29",0,0,0,0,0,0,0,0,0
S00000274989,2915322,"2026-01-05 03:34:19",20377,17748,2629,0,17748,0,0,0,0
S00000274989,2915323,"2026-01-05 03:34:19",0,0,0,0,0,0,0,0,0
S00000275005,2915325,"2026-01-05 03:34:30",14107,12287,1820,0,12287,0,0,0,0
S00000275005,2915326,"2026-01-05 03:34:30",0,0,0,0,0,0,0,0,0
S00000275006,2915331,"2026-01-05 03:34:40",14107,12287,1820,0,12287,0,0,0,0
S00000275006,2915332,"2026-01-05 03:34:40",0,0,0,0,0,0,0,0,0
S00000275008,2916828,"2026-01-06 03:38:58",14107,11832,2275,0,11832,0,0,0,0
S00000275008,2916829,"2026-01-06 03:38:58",0,0,0,0,0,0,0,0,0
S00000275021,2915329,"2026-01-05 03:34:37",14107,12287,1820,0,12287,0,0,0,0
S00000275021,2915330,"2026-01-05 03:34:37",0,0,0,0,0,0,0,0,0
S00000275076,2916420,"2026-01-06 03:22:56",14107,11832,2275,0,11832,0,0,0,0
S00000275076,2916421,"2026-01-06 03:22:57",0,0,0,0,0,0,0,0,0
S00000275077,2916547,"2026-01-06 03:27:47",14107,11832,2275,0,11832,0,0,0,0
S00000275077,2916548,"2026-01-06 03:27:47",0,0,0,0,0,0,0,0,0
S00000275078,2916830,"2026-01-06 03:39:02",14107,11832,2275,0,11832,0,0,0,0
S00000275078,2916831,"2026-01-06 03:39:02",0,0,0,0,0,0,0,0,0
S00000275081,2916427,"2026-01-06 03:23:12",14107,11832,2275,0,11832,0,0,0,0
S00000275081,2916428,"2026-01-06 03:23:12",0,0,0,0,0,0,0,0,0
S00000275150,2916500,"2026-01-06 03:25:57",14107,11832,2275,0,11832,0,0,0,0
S00000275150,2916501,"2026-01-06 03:25:57",0,0,0,0,0,0,0,0,0
S00000275165,2916034,"2026-01-05 16:40:46",0,0,0,0,0,0,0,0,0
S00000275165,2916035,"2026-01-05 16:40:46",7425,6467,958,0,6467,0,0,0,0
S00000275268,2911763,"2026-01-01 04:30:00",14850,14850,0,0,14850,0,0,0,0
S00000275268,2911764,"2026-01-01 04:30:01",0,0,0,0,0,0,0,0,0
S00000275517,2912034,"2026-01-01 04:39:24",14107,14107,0,0,14107,0,0,0,0
S00000275517,2912035,"2026-01-01 04:39:24",0,0,0,0,0,0,0,0,0
S00000275529,2913985,"2026-01-03 19:56:28",0,0,0,0,0,0,0,0,0
S00000275529,2913986,"2026-01-03 19:56:28",14850,13892,958,0,13892,0,0,0,0
S00000275588,2911451,"2026-01-01 04:19:20",14107,14107,0,0,14107,0,0,0,0
S00000275588,2911452,"2026-01-01 04:19:20",0,0,0,0,0,0,0,0,0
S00000275939,2913674,"2026-01-03 03:37:33",14107,13197,910,0,13197,0,0,0,0
S00000275939,2913675,"2026-01-03 03:37:33",0,0,0,0,0,0,0,0,0
S00000276048,2913026,"2026-01-02 08:58:31",0,0,0,0,0,0,0,0,0
S00000276048,2913027,"2026-01-02 08:58:31",14850,14371,479,0,14371,0,0,0,0
S00000276238,2911335,"2026-01-01 04:15:32",14850,14850,0,0,14850,0,0,0,0
S00000276238,2911336,"2026-01-01 04:15:32",0,0,0,0,0,0,0,0,0
S00000276257,2914523,"2026-01-04 03:37:04",14850,13413,1437,0,13413,0,0,0,0
S00000276257,2914524,"2026-01-04 03:37:04",0,0,0,0,0,0,0,0,0
S00000276421,2912816,"2026-01-02 08:45:29",14850,14371,479,0,14371,0,0,0,0
S00000276421,2912817,"2026-01-02 08:45:29",0,0,0,0,0,0,0,0,0
S00000276450,2914495,"2026-01-04 03:36:10",14850,13413,1437,0,13413,0,0,0,0
S00000276450,2914496,"2026-01-04 03:36:10",0,0,0,0,0,0,0,0,0
S00000276503,2911467,"2026-01-01 04:19:52",14850,14850,0,0,14850,0,0,0,0
S00000276503,2911468,"2026-01-01 04:19:52",0,0,0,0,0,0,0,0,0
S00000276538,2911542,"2026-01-01 04:22:25",14850,14850,0,0,14850,0,0,0,0
S00000276538,2911543,"2026-01-01 04:22:25",0,0,0,0,0,0,0,0,0
S00000276547,2911457,"2026-01-01 04:19:30",14850,14850,0,0,14850,0,0,0,0
S00000276547,2911458,"2026-01-01 04:19:30",0,0,0,0,0,0,0,0,0
S00000276547,2911459,"2026-01-01 04:19:33",19800,19800,0,0,19800,0,0,0,0
S00000276599,2913701,"2026-01-03 03:38:26",14850,13892,958,0,13892,0,0,0,0
S00000276599,2913702,"2026-01-03 03:38:26",0,0,0,0,0,0,0,0,0
S00000276601,2914896,"2026-01-05 03:15:30",14850,12934,1916,0,12934,0,0,0,0
S00000276601,2914897,"2026-01-05 03:15:30",0,0,0,0,0,0,0,0,0
S00000276629,2912793,"2026-01-02 08:44:39",14850,14371,479,0,14371,0,0,0,0
S00000276629,2912794,"2026-01-02 08:44:39",0,0,0,0,0,0,0,0,0
S00000276634,2912807,"2026-01-02 08:45:07",14107,13652,455,0,13652,0,0,0,0
S00000276634,2912808,"2026-01-02 08:45:07",0,0,0,0,0,0,0,0,0
S00000276657,2912789,"2026-01-02 08:44:33",14850,14371,479,0,14371,0,0,0,0
S00000276657,2912790,"2026-01-02 08:44:33",0,0,0,0,0,0,0,0,0
S00000276659,2911825,"2026-01-01 04:32:07",14850,14850,0,0,14850,0,0,0,0
S00000276659,2911826,"2026-01-01 04:32:07",0,0,0,0,0,0,0,0,0
S00000276663,2911491,"2026-01-01 04:20:42",14850,14850,0,0,14850,0,0,0,0
S00000276663,2911492,"2026-01-01 04:20:42",0,0,0,0,0,0,0,0,0
S00000276727,2911481,"2026-01-01 04:20:23",14850,14850,0,0,14850,0,0,0,0
S00000276727,2911482,"2026-01-01 04:20:23",0,0,0,0,0,0,0,0,0
S00000276734,2915355,"2026-01-05 03:35:34",14850,12934,1916,0,12934,0,0,0,0
S00000276734,2915356,"2026-01-05 03:35:34",0,0,0,0,0,0,0,0,0
S00000276749,2914525,"2026-01-04 03:37:08",14850,13413,1437,0,13413,0,0,0,0
S00000276749,2914526,"2026-01-04 03:37:08",0,0,0,0,0,0,0,0,0
S00000276750,2913665,"2026-01-03 03:37:13",14850,13892,958,0,13892,0,0,0,0
S00000276750,2913666,"2026-01-03 03:37:13",0,0,0,0,0,0,0,0,0
S00000276754,2913680,"2026-01-03 03:37:44",14850,13892,958,0,13892,0,0,0,0
S00000276754,2913681,"2026-01-03 03:37:44",0,0,0,0,0,0,0,0,0
S00000276758,2912915,"2026-01-02 08:48:51",21450,20759,691,0,20759,0,0,0,0
S00000276758,2912916,"2026-01-02 08:48:51",0,0,0,0,0,0,0,0,0
S00000276758,2912917,"2026-01-02 08:48:54",19800,19162,638,0,19162,0,0,0,0
S00000276759,2910127,"2026-01-01 03:24:29",14850,14850,0,0,14850,0,0,0,0
S00000276759,2910128,"2026-01-01 03:24:29",0,0,0,0,0,0,0,0,0
S00000276769,2911449,"2026-01-01 04:19:16",14850,14850,0,0,14850,0,0,0,0
S00000276769,2911450,"2026-01-01 04:19:16",0,0,0,0,0,0,0,0,0
S00000276772,2913668,"2026-01-03 03:37:21",14850,13892,958,0,13892,0,0,0,0
S00000276772,2913669,"2026-01-03 03:37:21",0,0,0,0,0,0,0,0,0
S00000276787,2911477,"2026-01-01 04:20:15",14850,14850,0,0,14850,0,0,0,0
S00000276787,2911478,"2026-01-01 04:20:15",0,0,0,0,0,0,0,0,0
S00000276788,2913661,"2026-01-03 03:37:04",14850,13892,958,0,13892,0,0,0,0
S00000276788,2913662,"2026-01-03 03:37:04",0,0,0,0,0,0,0,0,0
S00000276800,2914487,"2026-01-04 03:35:56",14850,13413,1437,0,13413,0,0,0,0
S00000276800,2914488,"2026-01-04 03:35:57",0,0,0,0,0,0,0,0,0
S00000276808,2914506,"2026-01-04 03:36:34",14850,13413,1437,0,13413,0,0,0,0
S00000276808,2914507,"2026-01-04 03:36:34",0,0,0,0,0,0,0,0,0
S00000276809,2911487,"2026-01-01 04:20:34",14850,14850,0,0,14850,0,0,0,0
S00000276809,2911488,"2026-01-01 04:20:34",0,0,0,0,0,0,0,0,0
S00000276820,2913670,"2026-01-03 03:37:25",14107,13197,910,0,13197,0,0,0,0
S00000276820,2913671,"2026-01-03 03:37:25",0,0,0,0,0,0,0,0,0
S00000276823,2914509,"2026-01-04 03:36:41",14850,0,14850,0,0,0,0,0,0
S00000276823,2914510,"2026-01-04 03:36:41",0,0,0,0,0,0,0,0,0
S00000276839,2915363,"2026-01-05 03:35:49",21450,18683,2767,0,18683,0,0,0,0
S00000276839,2915364,"2026-01-05 03:35:49",0,0,0,0,0,0,0,0,0
S00000276840,2912803,"2026-01-02 08:44:59",14850,14371,479,0,14371,0,0,0,0
S00000276840,2912804,"2026-01-02 08:44:59",0,0,0,0,0,0,0,0,0
S00000276844,2913678,"2026-01-03 03:37:41",14850,13892,958,0,13892,0,0,0,0
S00000276844,2913679,"2026-01-03 03:37:41",0,0,0,0,0,0,0,0,0
S00000276851,2912799,"2026-01-02 08:44:50",21450,20759,691,0,20759,0,0,0,0
S00000276851,2912800,"2026-01-02 08:44:51",0,0,0,0,0,0,0,0,0
S00000276852,2913682,"2026-01-03 03:37:47",14850,13892,958,0,13892,0,0,0,0
S00000276852,2913683,"2026-01-03 03:37:47",0,0,0,0,0,0,0,0,0
S00000276856,2914489,"2026-01-04 03:36:01",14850,13413,1437,0,13413,0,0,0,0
S00000276856,2914490,"2026-01-04 03:36:01",0,0,0,0,0,0,0,0,0
S00000276870,2915343,"2026-01-05 03:35:09",14850,12934,1916,0,12934,0,0,0,0
S00000276870,2915344,"2026-01-05 03:35:09",0,0,0,0,0,0,0,0,0
S00000276875,2915341,"2026-01-05 03:35:05",21450,18683,2767,0,18683,0,0,0,0
S00000276875,2915342,"2026-01-05 03:35:05",0,0,0,0,0,0,0,0,0
S00000276876,2914517,"2026-01-04 03:36:55",14850,13413,1437,0,13413,0,0,0,0
S00000276876,2914518,"2026-01-04 03:36:55",0,0,0,0,0,0,0,0,0
S00000276891,2914521,"2026-01-04 03:37:01",14850,13413,1437,0,13413,0,0,0,0
S00000276891,2914522,"2026-01-04 03:37:01",0,0,0,0,0,0,0,0,0
S00000276900,2913686,"2026-01-03 03:37:55",14850,13892,958,0,13892,0,0,0,0
S00000276900,2913687,"2026-01-03 03:37:55",0,0,0,0,0,0,0,0,0
S00000276902,2913697,"2026-01-03 03:38:16",14850,13892,958,0,13892,0,0,0,0
S00000276902,2913698,"2026-01-03 03:38:16",0,0,0,0,0,0,0,0,0
S00000276906,2915359,"2026-01-05 03:35:41",14850,12934,1916,0,12934,0,0,0,0
S00000276906,2915360,"2026-01-05 03:35:41",0,0,0,0,0,0,0,0,0
S00000276909,2913699,"2026-01-03 03:38:20",14850,13892,958,0,13892,0,0,0,0
S00000276909,2913700,"2026-01-03 03:38:20",0,0,0,0,0,0,0,0,0
S00000276911,2913688,"2026-01-03 03:37:59",14107,13197,910,0,13197,0,0,0,0
S00000276911,2913689,"2026-01-03 03:37:59",0,0,0,0,0,0,0,0,0
S00000276915,2913694,"2026-01-03 03:38:09",14850,13892,958,0,13892,0,0,0,0
S00000276915,2913695,"2026-01-03 03:38:10",0,0,0,0,0,0,0,0,0
S00000276915,2913696,"2026-01-03 03:38:12",19800,18523,1277,0,18523,0,0,0,0
S00000276921,2890077,"2026-01-06 03:39:06",14850,12455,2395,0,12455,0,0,0,0
S00000276921,2916832,"2026-01-06 03:39:06",0,0,0,0,0,0,0,0,0
S00000276932,2914726,"2026-01-04 03:44:01",21450,19375,2075,0,19375,0,0,0,0
S00000276932,2914727,"2026-01-04 03:44:01",0,0,0,0,0,0,0,0,0
S00000276949,2914511,"2026-01-04 03:36:44",14850,13413,1437,0,13413,0,0,0,0
S00000276949,2914512,"2026-01-04 03:36:44",0,0,0,0,0,0,0,0,0
S00000276956,2914504,"2026-01-04 03:36:30",14107,12742,1365,0,12742,0,0,0,0
S00000276956,2914505,"2026-01-04 03:36:30",0,0,0,0,0,0,0,0,0
S00000276958,2914519,"2026-01-04 03:36:58",14850,13413,1437,0,13413,0,0,0,0
S00000276958,2914520,"2026-01-04 03:36:58",0,0,0,0,0,0,0,0,0
S00000276961,2914515,"2026-01-04 03:36:51",14850,13413,1437,0,13413,0,0,0,0
S00000276961,2914516,"2026-01-04 03:36:51",0,0,0,0,0,0,0,0,0
S00000276962,2915350,"2026-01-05 03:35:23",14850,12934,1916,0,12934,0,0,0,0
S00000276962,2915351,"2026-01-05 03:35:23",0,0,0,0,0,0,0,0,0
S00000276962,2915352,"2026-01-05 03:35:27",19800,17246,2554,0,17246,0,0,0,0
S00000276963,2915348,"2026-01-05 03:35:19",14850,12934,1916,0,12934,0,0,0,0
S00000276963,2915349,"2026-01-05 03:35:19",0,0,0,0,0,0,0,0,0
S00000276965,2915345,"2026-01-05 03:35:13",14850,12934,1916,0,12934,0,0,0,0
S00000276965,2915346,"2026-01-05 03:35:13",0,0,0,0,0,0,0,0,0
S00000276969,2916257,"2026-01-06 03:15:33",14850,12455,2395,0,12455,0,0,0,0
S00000276969,2916258,"2026-01-06 03:15:33",0,0,0,0,0,0,0,0,0
S00000276991,2915357,"2026-01-05 03:35:37",14850,12934,1916,0,12934,0,0,0,0
S00000276991,2915358,"2026-01-05 03:35:37",0,0,0,0,0,0,0,0,0
S00000276996,2913787,"2026-01-03 03:41:26",14850,13892,958,0,13892,0,0,0,0
S00000276996,2913788,"2026-01-03 03:41:26",0,0,0,0,0,0,0,0,0
S00000277097,2915361,"2026-01-05 03:35:45",14850,12934,1916,0,12934,0,0,0,0
S00000277097,2915362,"2026-01-05 03:35:45",0,0,0,0,0,0,0,0,0
S00000277187,2916833,"2026-01-06 03:39:10",14850,12455,2395,0,12455,0,0,0,0
S00000277187,2916834,"2026-01-06 03:39:10",0,0,0,0,0,0,0,0,0
S00000277297,2915458,"2026-01-05 03:39:04",14850,12934,1916,0,12934,0,0,0,0
S00000277297,2915459,"2026-01-05 03:39:04",0,0,0,0,0,0,0,0,0
S00000277304,2914545,"2026-01-04 03:37:49",14107,12742,1365,0,12742,0,0,0,0
S00000277304,2914546,"2026-01-04 03:37:49",0,0,0,0,0,0,0,0,0
S00000277410,2911530,"2026-01-01 04:22:02",14107,14107,0,0,14107,0,0,0,0
S00000277410,2911531,"2026-01-01 04:22:02",0,0,0,0,0,0,0,0,0
S00000277558,2911667,"2026-01-01 04:26:47",14850,14850,0,0,14850,0,0,0,0
S00000277558,2911668,"2026-01-01 04:26:47",0,0,0,0,0,0,0,0,0
S00000277567,2914698,"2026-01-04 03:43:02",14107,12742,1365,0,12742,0,0,0,0
S00000277567,2914699,"2026-01-04 03:43:02",0,0,0,0,0,0,0,0,0
S00000277678,2911571,"2026-01-01 04:23:25",21450,21450,0,0,21450,0,0,0,0
S00000277678,2911572,"2026-01-01 04:23:25",0,0,0,0,0,0,0,0,0
S00000277742,2911559,"2026-01-01 04:23:03",14107,14107,0,0,14107,0,0,0,0
S00000277742,2911560,"2026-01-01 04:23:03",0,0,0,0,0,0,0,0,0
S00000277802,2909943,"2026-01-01 03:18:33",14107,14107,0,0,14107,0,0,0,0
S00000277802,2909944,"2026-01-01 03:18:34",0,0,0,0,0,0,0,0,0
S00000277832,2914760,"2026-01-04 10:44:22",0,0,0,0,0,0,0,0,0
S00000277832,2914761,"2026-01-04 10:44:22",14850,13413,1437,0,13413,0,0,0,0
S00000277840,2911549,"2026-01-01 04:22:39",14107,14107,0,0,14107,0,0,0,0
S00000277840,2911550,"2026-01-01 04:22:39",0,0,0,0,0,0,0,0,0
S00000277894,2909955,"2026-01-01 03:18:56",14850,14850,0,0,14850,0,0,0,0
S00000277894,2909956,"2026-01-01 03:18:56",0,0,0,0,0,0,0,0,0
S00000277939,2915518,"2026-01-05 03:41:11",14107,12287,1820,0,12287,0,0,0,0
S00000277939,2915519,"2026-01-05 03:41:11",0,0,0,0,0,0,0,0,0
S00000277985,2908467,"2026-01-01 03:17:41",7425,7425,0,0,7425,0,0,0,0
S00000277985,2909917,"2026-01-01 03:17:41",0,0,0,0,0,0,0,0,0
S00000277991,2915370,"2026-01-05 03:36:03",14850,12934,1916,0,12934,0,0,0,0
S00000277991,2915371,"2026-01-05 03:36:03",0,0,0,0,0,0,0,0,0
S00000277998,2916352,"2026-01-06 03:20:21",14850,12455,2395,0,12455,0,0,0,0
S00000277998,2916353,"2026-01-06 03:20:21",0,0,0,0,0,0,0,0,0
S00000278007,2916205,"2026-01-05 21:50:41",0,0,0,0,0,0,0,0,0
S00000278007,2916206,"2026-01-05 21:50:41",7425,6467,958,0,6467,0,0,0,0
S00000278070,2916837,"2026-01-06 03:39:18",14850,12455,2395,0,12455,0,0,0,0
S00000278070,2916838,"2026-01-06 03:39:18",0,0,0,0,0,0,0,0,0
S00000278077,2911517,"2026-01-01 04:21:37",14107,14107,0,0,14107,0,0,0,0
S00000278077,2911518,"2026-01-01 04:21:37",0,0,0,0,0,0,0,0,0
S00000278146,2915392,"2026-01-05 03:36:51",14107,12287,1820,0,12287,0,0,0,0
S00000278146,2915393,"2026-01-05 03:36:51",0,0,0,0,0,0,0,0,0
S00000278379,2912991,"2026-01-02 08:51:27",14850,14371,479,0,14371,0,0,0,0
S00000278379,2912992,"2026-01-02 08:51:27",0,0,0,0,0,0,0,0,0
S00000278386,2911577,"2026-01-01 04:23:36",14107,14107,0,0,14107,0,0,0,0
S00000278386,2911578,"2026-01-01 04:23:36",0,0,0,0,0,0,0,0,0
S00000278387,2911513,"2026-01-01 04:21:29",14850,14850,0,0,14850,0,0,0,0
S00000278387,2911514,"2026-01-01 04:21:29",0,0,0,0,0,0,0,0,0
S00000278442,2911547,"2026-01-01 04:22:36",14107,14107,0,0,14107,0,0,0,0
S00000278442,2911548,"2026-01-01 04:22:36",0,0,0,0,0,0,0,0,0
S00000278457,2911515,"2026-01-01 04:21:33",14107,14107,0,0,14107,0,0,0,0
S00000278457,2911516,"2026-01-01 04:21:33",0,0,0,0,0,0,0,0,0
S00000278500,2912826,"2026-01-02 08:45:49",14107,13652,455,0,13652,0,0,0,0
S00000278500,2912827,"2026-01-02 08:45:49",0,0,0,0,0,0,0,0,0
S00000278501,2911673,"2026-01-01 04:26:58",14850,14850,0,0,14850,0,0,0,0
S00000278501,2911674,"2026-01-01 04:26:58",0,0,0,0,0,0,0,0,0
S00000278515,2912832,"2026-01-02 08:46:00",14107,13652,455,0,13652,0,0,0,0
S00000278515,2912833,"2026-01-02 08:46:00",0,0,0,0,0,0,0,0,0
S00000278559,2911563,"2026-01-01 04:23:10",14850,14850,0,0,14850,0,0,0,0
S00000278559,2911564,"2026-01-01 04:23:10",0,0,0,0,0,0,0,0,0
S00000278567,2910113,"2026-01-01 03:24:00",14850,14850,0,0,14850,0,0,0,0
S00000278567,2910114,"2026-01-01 03:24:00",0,0,0,0,0,0,0,0,0
S00000278573,2911523,"2026-01-01 04:21:47",14850,14850,0,0,14850,0,0,0,0
S00000278573,2911524,"2026-01-01 04:21:47",0,0,0,0,0,0,0,0,0
S00000278575,2911545,"2026-01-01 04:22:32",14850,14850,0,0,14850,0,0,0,0
S00000278575,2911546,"2026-01-01 04:22:32",0,0,0,0,0,0,0,0,0
S00000278613,2911534,"2026-01-01 04:22:10",14850,14850,0,0,14850,0,0,0,0
S00000278613,2911535,"2026-01-01 04:22:10",0,0,0,0,0,0,0,0,0
S00000278616,2915381,"2026-01-05 03:36:27",14850,12934,1916,0,12934,0,0,0,0
S00000278616,2915382,"2026-01-05 03:36:27",0,0,0,0,0,0,0,0,0
S00000278621,2911573,"2026-01-01 04:23:28",14850,14850,0,0,14850,0,0,0,0
S00000278621,2911574,"2026-01-01 04:23:28",0,0,0,0,0,0,0,0,0
S00000278622,2912840,"2026-01-02 08:46:14",14850,14371,479,0,14371,0,0,0,0
S00000278622,2912841,"2026-01-02 08:46:14",0,0,0,0,0,0,0,0,0
S00000278632,2912828,"2026-01-02 08:45:53",14850,14371,479,0,14371,0,0,0,0
S00000278632,2912829,"2026-01-02 08:45:53",0,0,0,0,0,0,0,0,0
S00000278635,2910115,"2026-01-01 03:24:04",14850,14850,0,0,14850,0,0,0,0
S00000278635,2910116,"2026-01-01 03:24:04",0,0,0,0,0,0,0,0,0
S00000278644,2913756,"2026-01-03 03:40:21",14107,13197,910,0,13197,0,0,0,0
S00000278644,2913757,"2026-01-03 03:40:21",0,0,0,0,0,0,0,0,0
S00000278653,2913734,"2026-01-03 03:39:35",14850,13892,958,0,13892,0,0,0,0
S00000278653,2913735,"2026-01-03 03:39:36",0,0,0,0,0,0,0,0,0
S00000278655,2913156,"2026-01-03 03:15:43",14850,13892,958,0,13892,0,0,0,0
S00000278655,2913157,"2026-01-03 03:15:43",0,0,0,0,0,0,0,0,0
S00000278657,2911538,"2026-01-01 04:22:16",14850,14850,0,0,14850,0,0,0,0
S00000278657,2911539,"2026-01-01 04:22:16",0,0,0,0,0,0,0,0,0
S00000278661,2913703,"2026-01-03 03:38:30",14850,13892,958,0,13892,0,0,0,0
S00000278661,2913704,"2026-01-03 03:38:30",0,0,0,0,0,0,0,0,0
S00000278665,2911544,"2026-01-01 04:22:28",19800,19800,0,0,19800,0,0,0,0
S00000278666,2911561,"2026-01-01 04:23:07",14850,14850,0,0,14850,0,0,0,0
S00000278666,2911562,"2026-01-01 04:23:07",0,0,0,0,0,0,0,0,0
S00000278673,2913727,"2026-01-03 03:39:21",14850,13892,958,0,13892,0,0,0,0
S00000278673,2913728,"2026-01-03 03:39:21",0,0,0,0,0,0,0,0,0
S00000278674,2911565,"2026-01-01 04:23:13",14107,14107,0,0,14107,0,0,0,0
S00000278674,2911566,"2026-01-01 04:23:13",0,0,0,0,0,0,0,0,0
S00000278678,2912809,"2026-01-02 08:45:11",14850,14371,479,0,14371,0,0,0,0
S00000278678,2912810,"2026-01-02 08:45:11",0,0,0,0,0,0,0,0,0
S00000278683,2911525,"2026-01-01 04:21:51",14107,14107,0,0,14107,0,0,0,0
S00000278683,2911526,"2026-01-01 04:21:51",0,0,0,0,0,0,0,0,0
S00000278688,2913824,"2026-01-03 03:42:42",14107,13197,910,0,13197,0,0,0,0
S00000278688,2913825,"2026-01-03 03:42:42",0,0,0,0,0,0,0,0,0
S00000278691,2916357,"2026-01-06 03:20:33",14850,12455,2395,0,12455,0,0,0,0
S00000278691,2916358,"2026-01-06 03:20:33",0,0,0,0,0,0,0,0,0
S00000278715,2909945,"2026-01-01 03:18:37",14107,14107,0,0,14107,0,0,0,0
S00000278715,2909946,"2026-01-01 03:18:37",0,0,0,0,0,0,0,0,0
S00000278720,2914539,"2026-01-04 03:37:38",14107,12742,1365,0,12742,0,0,0,0
S00000278720,2914540,"2026-01-04 03:37:38",0,0,0,0,0,0,0,0,0
S00000278722,2911569,"2026-01-01 04:23:21",14850,14850,0,0,14850,0,0,0,0
S00000278722,2911570,"2026-01-01 04:23:21",0,0,0,0,0,0,0,0,0
S00000278726,2912818,"2026-01-02 08:45:33",14107,13652,455,0,13652,0,0,0,0
S00000278726,2912819,"2026-01-02 08:45:33",0,0,0,0,0,0,0,0,0
S00000278728,2913722,"2026-01-03 03:39:10",14107,13197,910,0,13197,0,0,0,0
S00000278728,2913723,"2026-01-03 03:39:10",0,0,0,0,0,0,0,0,0
S00000278735,2912812,"2026-01-02 08:45:21",14107,13652,455,0,13652,0,0,0,0
S00000278735,2912813,"2026-01-02 08:45:21",0,0,0,0,0,0,0,0,0
S00000278738,2912849,"2026-01-02 08:46:33",14850,14371,479,0,14371,0,0,0,0
S00000278738,2912850,"2026-01-02 08:46:33",0,0,0,0,0,0,0,0,0
S00000278739,2912814,"2026-01-02 08:45:25",14850,14371,479,0,14371,0,0,0,0
S00000278739,2912815,"2026-01-02 08:45:25",0,0,0,0,0,0,0,0,0
S00000278742,2914536,"2026-01-04 03:37:30",14850,13413,1437,0,13413,0,0,0,0
S00000278742,2914537,"2026-01-04 03:37:30",0,0,0,0,0,0,0,0,0
S00000278743,2911587,"2026-01-01 04:23:54",14850,14850,0,0,14850,0,0,0,0
S00000278743,2911588,"2026-01-01 04:23:54",0,0,0,0,0,0,0,0,0
S00000278744,2911594,"2026-01-01 04:24:09",21450,21450,0,0,21450,0,0,0,0
S00000278744,2911595,"2026-01-01 04:24:09",0,0,0,0,0,0,0,0,0
S00000278754,2913732,"2026-01-03 03:39:32",14850,13892,958,0,13892,0,0,0,0
S00000278754,2913733,"2026-01-03 03:39:33",0,0,0,0,0,0,0,0,0
S00000278758,2915390,"2026-01-05 03:36:47",14850,12934,1916,0,12934,0,0,0,0
S00000278758,2915391,"2026-01-05 03:36:47",0,0,0,0,0,0,0,0,0
S00000278760,2913154,"2026-01-03 03:15:39",14850,13892,958,0,13892,0,0,0,0
S00000278760,2913155,"2026-01-03 03:15:39",0,0,0,0,0,0,0,0,0
S00000278763,2914527,"2026-01-04 03:37:12",14850,13413,1437,0,13413,0,0,0,0
S00000278763,2914528,"2026-01-04 03:37:12",0,0,0,0,0,0,0,0,0
S00000278767,2912820,"2026-01-02 08:45:37",14850,14371,479,0,14371,0,0,0,0
S00000278767,2912821,"2026-01-02 08:45:37",0,0,0,0,0,0,0,0,0
S00000278768,2913709,"2026-01-03 03:38:42",21450,20067,1383,0,20067,0,0,0,0
S00000278768,2913710,"2026-01-03 03:38:42",0,0,0,0,0,0,0,0,0
S00000278782,2912822,"2026-01-02 08:45:41",14850,14371,479,0,14371,0,0,0,0
S00000278782,2912823,"2026-01-02 08:45:41",0,0,0,0,0,0,0,0,0
S00000278785,2912824,"2026-01-02 08:45:45",14850,14371,479,0,14371,0,0,0,0
S00000278785,2912825,"2026-01-02 08:45:45",0,0,0,0,0,0,0,0,0
S00000278786,2912836,"2026-01-02 08:46:07",14850,14371,479,0,14371,0,0,0,0
S00000278786,2912837,"2026-01-02 08:46:07",0,0,0,0,0,0,0,0,0
S00000278794,2874361,"2026-01-02 08:46:25",14850,14371,479,0,14371,0,0,0,0
S00000278794,2912846,"2026-01-02 08:46:25",0,0,0,0,0,0,0,0,0
S00000278800,2912842,"2026-01-02 08:46:18",14850,14371,479,0,14371,0,0,0,0
S00000278800,2912843,"2026-01-02 08:46:18",0,0,0,0,0,0,0,0,0
S00000278801,2914553,"2026-01-04 03:38:04",14107,12742,1365,0,12742,0,0,0,0
S00000278801,2914554,"2026-01-04 03:38:04",0,0,0,0,0,0,0,0,0
S00000278803,2912844,"2026-01-02 08:46:21",14850,14371,479,0,14371,0,0,0,0
S00000278803,2912845,"2026-01-02 08:46:21",0,0,0,0,0,0,0,0,0
S00000278813,2915374,"2026-01-05 03:36:12",14850,12934,1916,0,12934,0,0,0,0
S00000278813,2915375,"2026-01-05 03:36:12",0,0,0,0,0,0,0,0,0
S00000278814,2916366,"2026-01-06 03:20:52",14850,12455,2395,0,12455,0,0,0,0
S00000278814,2916367,"2026-01-06 03:20:52",0,0,0,0,0,0,0,0,0
S00000278815,2913718,"2026-01-03 03:39:03",14850,13892,958,0,13892,0,0,0,0
S00000278815,2913719,"2026-01-03 03:39:03",0,0,0,0,0,0,0,0,0
S00000278816,2914541,"2026-01-04 03:37:41",14850,13413,1437,0,13413,0,0,0,0
S00000278816,2914542,"2026-01-04 03:37:41",0,0,0,0,0,0,0,0,0
S00000278820,2913736,"2026-01-03 03:39:39",14850,13892,958,0,13892,0,0,0,0
S00000278820,2913737,"2026-01-03 03:39:39",0,0,0,0,0,0,0,0,0
S00000278824,2876799,"2026-01-06 03:27:12",21450,17991,3459,0,17991,0,0,0,0
S00000278824,2916534,"2026-01-06 03:27:12",0,0,0,0,0,0,0,0,0
S00000278828,2913705,"2026-01-03 03:38:33",14107,13197,910,0,13197,0,0,0,0
S00000278828,2913706,"2026-01-03 03:38:33",0,0,0,0,0,0,0,0,0
S00000278829,2916878,"2026-01-06 03:41:02",14850,12455,2395,0,12455,0,0,0,0
S00000278829,2916879,"2026-01-06 03:41:02",0,0,0,0,0,0,0,0,0
S00000278831,2914531,"2026-01-04 03:37:20",14850,13413,1437,0,13413,0,0,0,0
S00000278831,2914532,"2026-01-04 03:37:20",0,0,0,0,0,0,0,0,0
S00000278832,2913707,"2026-01-03 03:38:38",14850,13892,958,0,13892,0,0,0,0
S00000278832,2913708,"2026-01-03 03:38:38",0,0,0,0,0,0,0,0,0
S00000278841,2911626,"2026-01-01 04:25:17",14107,14107,0,0,14107,0,0,0,0
S00000278841,2911627,"2026-01-01 04:25:17",0,0,0,0,0,0,0,0,0
S00000278843,2909439,"2026-01-01 03:17:37",7425,7425,0,0,7425,0,0,0,0
S00000278843,2909916,"2026-01-01 03:17:37",0,0,0,0,0,0,0,0,0
S00000278852,2913730,"2026-01-03 03:39:28",14107,13197,910,0,13197,0,0,0,0
S00000278852,2913731,"2026-01-03 03:39:28",0,0,0,0,0,0,0,0,0
S00000278861,2914898,"2026-01-05 03:15:34",14850,12934,1916,0,12934,0,0,0,0
S00000278861,2914899,"2026-01-05 03:15:34",0,0,0,0,0,0,0,0,0
S00000278868,2914014,"2026-01-04 03:15:15",14850,13413,1437,0,13413,0,0,0,0
S00000278868,2914015,"2026-01-04 03:15:15",0,0,0,0,0,0,0,0,0
S00000278869,2914547,"2026-01-04 03:37:53",21450,19375,2075,0,19375,0,0,0,0
S00000278869,2914548,"2026-01-04 03:37:53",0,0,0,0,0,0,0,0,0
S00000278870,2914016,"2026-01-04 03:15:18",14850,13413,1437,0,13413,0,0,0,0
S00000278870,2914017,"2026-01-04 03:15:18",0,0,0,0,0,0,0,0,0
S00000278872,2915365,"2026-01-05 03:35:52",14850,12934,1916,0,12934,0,0,0,0
S00000278872,2915366,"2026-01-05 03:35:52",0,0,0,0,0,0,0,0,0
S00000278878,2916261,"2026-01-06 03:15:40",14107,11832,2275,0,11832,0,0,0,0
S00000278878,2916262,"2026-01-06 03:15:40",0,0,0,0,0,0,0,0,0
S00000278880,2914551,"2026-01-04 03:38:00",14850,13413,1437,0,13413,0,0,0,0
S00000278880,2914552,"2026-01-04 03:38:00",0,0,0,0,0,0,0,0,0
S00000278901,2914533,"2026-01-04 03:37:24",21450,19375,2075,0,19375,0,0,0,0
S00000278901,2914534,"2026-01-04 03:37:24",0,0,0,0,0,0,0,0,0
S00000278901,2914535,"2026-01-04 03:37:28",19800,17884,1916,0,17884,0,0,0,0
S00000278909,2916362,"2026-01-06 03:20:44",14107,11832,2275,0,11832,0,0,0,0
S00000278909,2916363,"2026-01-06 03:20:44",0,0,0,0,0,0,0,0,0
S00000278928,2914555,"2026-01-04 03:38:07",14850,13413,1437,0,13413,0,0,0,0
S00000278928,2914556,"2026-01-04 03:38:07",0,0,0,0,0,0,0,0,0
S00000278930,2914862,"2026-01-04 21:23:21",0,0,0,0,0,0,0,0,0
S00000278930,2914863,"2026-01-04 21:23:21",14850,13413,1437,0,13413,0,0,0,0
S00000278968,2915386,"2026-01-05 03:36:39",14850,12934,1916,0,12934,0,0,0,0
S00000278968,2915387,"2026-01-05 03:36:39",0,0,0,0,0,0,0,0,0
S00000278976,2915379,"2026-01-05 03:36:24",14850,12934,1916,0,12934,0,0,0,0
S00000278976,2915380,"2026-01-05 03:36:24",0,0,0,0,0,0,0,0,0
S00000278982,2915388,"2026-01-05 03:36:43",14850,12934,1916,0,12934,0,0,0,0
S00000278982,2915389,"2026-01-05 03:36:43",0,0,0,0,0,0,0,0,0
S00000278989,2915383,"2026-01-05 03:36:31",14850,12934,1916,0,12934,0,0,0,0
S00000278989,2915384,"2026-01-05 03:36:31",0,0,0,0,0,0,0,0,0
S00000278989,2915385,"2026-01-05 03:36:35",19800,17246,2554,0,17246,0,0,0,0
S00000278993,2915394,"2026-01-05 03:36:55",14107,12287,1820,0,12287,0,0,0,0
S00000278993,2915395,"2026-01-05 03:36:55",0,0,0,0,0,0,0,0,0
S00000278998,2916364,"2026-01-06 03:20:47",14850,12455,2395,0,12455,0,0,0,0
S00000278998,2916365,"2026-01-06 03:20:47",0,0,0,0,0,0,0,0,0
S00000279045,2916370,"2026-01-06 03:21:01",14850,12455,2395,0,12455,0,0,0,0
S00000279045,2916371,"2026-01-06 03:21:01",0,0,0,0,0,0,0,0,0
S00000279076,2911728,"2026-01-01 04:28:54",14850,14850,0,0,14850,0,0,0,0
S00000279076,2911729,"2026-01-01 04:28:54",0,0,0,0,0,0,0,0,0
S00000279089,2912048,"2026-01-01 04:39:57",14850,14850,0,0,14850,0,0,0,0
S00000279089,2912049,"2026-01-01 04:39:57",0,0,0,0,0,0,0,0,0
S00000279127,2911641,"2026-01-01 04:25:50",14850,14850,0,0,14850,0,0,0,0
S00000279127,2911642,"2026-01-01 04:25:50",0,0,0,0,0,0,0,0,0
S00000279352,2914628,"2026-01-04 03:40:41",14850,13413,1437,0,13413,0,0,0,0
S00000279352,2914629,"2026-01-04 03:40:41",0,0,0,0,0,0,0,0,0
S00000279404,2913752,"2026-01-03 03:40:12",14850,13892,958,0,13892,0,0,0,0
S00000279404,2913753,"2026-01-03 03:40:12",0,0,0,0,0,0,0,0,0
S00000279597,2916580,"2026-01-06 03:29:01",14107,11832,2275,0,11832,0,0,0,0
S00000279597,2916581,"2026-01-06 03:29:01",0,0,0,0,0,0,0,0,0
S00000279635,2916453,"2026-01-06 03:24:08",14107,11832,2275,0,11832,0,0,0,0
S00000279635,2916454,"2026-01-06 03:24:08",0,0,0,0,0,0,0,0,0
S00000279647,2904174,"2026-01-01 03:17:20",7425,7425,0,0,7425,0,0,0,0
S00000279647,2909913,"2026-01-01 03:17:21",0,0,0,0,0,0,0,0,0
S00000279701,2915997,"2026-01-05 14:33:16",0,0,0,0,0,0,0,0,0
S00000279701,2915998,"2026-01-05 14:33:16",14850,12934,1916,0,12934,0,0,0,0
S00000279741,2912862,"2026-01-02 08:46:59",21450,20759,691,0,20759,0,0,0,0
S00000279741,2912863,"2026-01-02 08:46:59",0,0,0,0,0,0,0,0,0
S00000279745,2916605,"2026-01-06 03:29:57",21450,17991,3459,0,17991,0,0,0,0
S00000279745,2916606,"2026-01-06 03:29:57",0,0,0,0,0,0,0,0,0
S00000279769,2912072,"2026-01-01 09:08:42",0,0,0,0,0,0,0,0,0
S00000279769,2912073,"2026-01-01 09:08:42",7425,7425,0,0,7425,0,0,0,0
S00000279789,2912867,"2026-01-02 08:47:10",14107,13652,455,0,13652,0,0,0,0
S00000279789,2912868,"2026-01-02 08:47:10",0,0,0,0,0,0,0,0,0
S00000279821,2913961,"2026-01-03 13:28:15",0,0,0,0,0,0,0,0,0
S00000279821,2913962,"2026-01-03 13:28:15",14850,13892,958,0,13892,0,0,0,0
S00000279831,2911660,"2026-01-01 04:26:29",14107,14107,0,0,14107,0,0,0,0
S00000279831,2911661,"2026-01-01 04:26:29",0,0,0,0,0,0,0,0,0
S00000279838,2911722,"2026-01-01 04:28:43",14850,14850,0,0,14850,0,0,0,0
S00000279838,2911723,"2026-01-01 04:28:43",0,0,0,0,0,0,0,0,0
S00000279866,2911726,"2026-01-01 04:28:50",14850,14850,0,0,14850,0,0,0,0
S00000279866,2911727,"2026-01-01 04:28:50",0,0,0,0,0,0,0,0,0
S00000279917,2911624,"2026-01-01 04:25:13",14850,14850,0,0,14850,0,0,0,0
S00000279917,2911625,"2026-01-01 04:25:13",0,0,0,0,0,0,0,0,0
S00000279919,2915441,"2026-01-05 03:38:32",14107,12287,1820,0,12287,0,0,0,0
S00000279919,2915442,"2026-01-05 03:38:32",0,0,0,0,0,0,0,0,0
S00000280107,2911776,"2026-01-01 04:30:25",14850,14850,0,0,14850,0,0,0,0
S00000280107,2911777,"2026-01-01 04:30:25",0,0,0,0,0,0,0,0,0
S00000280178,2914793,"2026-01-04 13:34:36",0,0,0,0,0,0,0,0,0
S00000280178,2914794,"2026-01-04 13:34:36",14850,13413,1437,0,13413,0,0,0,0
S00000280178,2914795,"2026-01-04 13:35:28",39600,35768,3832,0,35768,0,0,0,0
S00000280265,2911618,"2026-01-01 04:25:02",14107,14107,0,0,14107,0,0,0,0
S00000280265,2911619,"2026-01-01 04:25:02",0,0,0,0,0,0,0,0,0
S00000280328,2909839,"2026-01-01 03:17:33",7425,7425,0,0,7425,0,0,0,0
S00000280328,2909915,"2026-01-01 03:17:33",0,0,0,0,0,0,0,0,0
S00000280456,2911675,"2026-01-01 04:27:02",14107,14107,0,0,14107,0,0,0,0
S00000280456,2911676,"2026-01-01 04:27:02",0,0,0,0,0,0,0,0,0
S00000280489,2914579,"2026-01-04 03:38:59",14107,12742,1365,0,12742,0,0,0,0
S00000280489,2914580,"2026-01-04 03:38:59",0,0,0,0,0,0,0,0,0
S00000280521,2916943,"2026-01-06 03:43:15",14850,12455,2395,0,12455,0,0,0,0
S00000280521,2916944,"2026-01-06 03:43:15",0,0,0,0,0,0,0,0,0
S00000280537,2915417,"2026-01-05 03:37:40",14107,12287,1820,0,12287,0,0,0,0
S00000280537,2915418,"2026-01-05 03:37:40",0,0,0,0,0,0,0,0,0
S00000280543,2911688,"2026-01-01 04:27:29",14850,14850,0,0,14850,0,0,0,0
S00000280543,2911689,"2026-01-01 04:27:29",0,0,0,0,0,0,0,0,0
S00000280549,2911649,"2026-01-01 04:26:06",14850,14850,0,0,14850,0,0,0,0
S00000280549,2911650,"2026-01-01 04:26:06",0,0,0,0,0,0,0,0,0
S00000280550,2916479,"2026-01-06 03:25:00",14850,12455,2395,0,12455,0,0,0,0
S00000280550,2916480,"2026-01-06 03:25:00",0,0,0,0,0,0,0,0,0
S00000280557,2913056,"2026-01-02 10:14:08",0,0,0,0,0,0,0,0,0
S00000280557,2913057,"2026-01-02 10:14:08",20377,19720,657,0,19720,0,0,0,0
S00000280569,2911622,"2026-01-01 04:25:09",21450,21450,0,0,21450,0,0,0,0
S00000280569,2911623,"2026-01-01 04:25:09",0,0,0,0,0,0,0,0,0
S00000280570,2914566,"2026-01-04 03:38:33",14850,13413,1437,0,13413,0,0,0,0
S00000280570,2914567,"2026-01-04 03:38:33",0,0,0,0,0,0,0,0,0
S00000280573,2911732,"2026-01-01 04:29:02",14850,14850,0,0,14850,0,0,0,0
S00000280573,2911733,"2026-01-01 04:29:02",0,0,0,0,0,0,0,0,0
S00000280574,2911718,"2026-01-01 04:28:32",14107,14107,0,0,14107,0,0,0,0
S00000280574,2911719,"2026-01-01 04:28:32",0,0,0,0,0,0,0,0,0
S00000280575,2912104,"2026-01-01 16:43:11",0,0,0,0,0,0,0,0,0
S00000280575,2912105,"2026-01-01 16:43:11",14850,14850,0,0,14850,0,0,0,0
S00000280581,2914575,"2026-01-04 03:38:50",14850,13413,1437,0,13413,0,0,0,0
S00000280581,2914576,"2026-01-04 03:38:50",0,0,0,0,0,0,0,0,0
S00000280586,2911734,"2026-01-01 04:29:06",14850,14850,0,0,14850,0,0,0,0
S00000280586,2911735,"2026-01-01 04:29:06",0,0,0,0,0,0,0,0,0
S00000280591,2912875,"2026-01-02 08:47:25",14850,14371,479,0,14371,0,0,0,0
S00000280591,2912876,"2026-01-02 08:47:25",0,0,0,0,0,0,0,0,0
S00000280596,2912883,"2026-01-02 08:47:41",14107,13652,455,0,13652,0,0,0,0
S00000280596,2912884,"2026-01-02 08:47:41",0,0,0,0,0,0,0,0,0
S00000280623,2911704,"2026-01-01 04:28:00",20377,20377,0,0,20377,0,0,0,0
S00000280623,2911705,"2026-01-01 04:28:00",0,0,0,0,0,0,0,0,0
S00000280625,2912892,"2026-01-02 08:48:00",14107,13652,455,0,13652,0,0,0,0
S00000280625,2912893,"2026-01-02 08:48:00",0,0,0,0,0,0,0,0,0
S00000280626,2912859,"2026-01-02 08:46:53",14850,14371,479,0,14371,0,0,0,0
S00000280626,2912860,"2026-01-02 08:46:53",0,0,0,0,0,0,0,0,0
S00000280641,2911607,"2026-01-01 04:24:38",14107,14107,0,0,14107,0,0,0,0
S00000280641,2911608,"2026-01-01 04:24:38",0,0,0,0,0,0,0,0,0
S00000280644,2915496,"2026-01-05 03:40:25",14107,12287,1820,0,12287,0,0,0,0
S00000280644,2915497,"2026-01-05 03:40:25",0,0,0,0,0,0,0,0,0
S00000280645,2911702,"2026-01-01 04:27:57",14850,14850,0,0,14850,0,0,0,0
S00000280645,2911703,"2026-01-01 04:27:57",0,0,0,0,0,0,0,0,0
S00000280647,2911880,"2026-01-01 04:33:57",14850,14850,0,0,14850,0,0,0,0
S00000280647,2911881,"2026-01-01 04:33:57",0,0,0,0,0,0,0,0,0
S00000280647,2911882,"2026-01-01 04:34:00",19800,19800,0,0,19800,0,0,0,0
S00000280669,2874354,"2026-01-01 04:27:22",14850,14850,0,0,14850,0,0,0,0
S00000280669,2911685,"2026-01-01 04:27:22",0,0,0,0,0,0,0,0,0
S00000280676,2911628,"2026-01-01 04:25:20",14850,14850,0,0,14850,0,0,0,0
S00000280676,2911629,"2026-01-01 04:25:20",0,0,0,0,0,0,0,0,0
S00000280678,2911632,"2026-01-01 04:25:28",14850,14850,0,0,14850,0,0,0,0
S00000280678,2911633,"2026-01-01 04:25:28",0,0,0,0,0,0,0,0,0
S00000280687,2911639,"2026-01-01 04:25:46",14850,14850,0,0,14850,0,0,0,0
S00000280687,2911640,"2026-01-01 04:25:46",0,0,0,0,0,0,0,0,0
S00000280687,2912866,"2026-01-02 08:47:07",19800,19162,638,0,19162,0,0,0,0
S00000280691,2912864,"2026-01-02 08:47:03",14850,14371,479,0,14371,0,0,0,0
S00000280691,2912865,"2026-01-02 08:47:03",0,0,0,0,0,0,0,0,0
S00000280693,2911774,"2026-01-01 04:30:21",14850,14850,0,0,14850,0,0,0,0
S00000280693,2911775,"2026-01-01 04:30:21",0,0,0,0,0,0,0,0,0
S00000280699,2911643,"2026-01-01 04:25:55",14850,14850,0,0,14850,0,0,0,0
S00000280699,2911644,"2026-01-01 04:25:55",0,0,0,0,0,0,0,0,0
S00000280701,2911653,"2026-01-01 04:26:13",14850,14850,0,0,14850,0,0,0,0
S00000280701,2911654,"2026-01-01 04:26:13",0,0,0,0,0,0,0,0,0
S00000280708,2913758,"2026-01-03 03:40:24",14850,13892,958,0,13892,0,0,0,0
S00000280708,2913759,"2026-01-03 03:40:24",0,0,0,0,0,0,0,0,0
S00000280719,2913767,"2026-01-03 03:40:41",14850,13892,958,0,13892,0,0,0,0
S00000280719,2913768,"2026-01-03 03:40:41",0,0,0,0,0,0,0,0,0
S00000280720,2912908,"2026-01-02 08:48:34",14850,14371,479,0,14371,0,0,0,0
S00000280720,2912909,"2026-01-02 08:48:34",0,0,0,0,0,0,0,0,0
S00000280729,2911612,"2026-01-01 04:24:50",14850,14850,0,0,14850,0,0,0,0
S00000280729,2911613,"2026-01-01 04:24:50",0,0,0,0,0,0,0,0,0
S00000280731,2911616,"2026-01-01 04:24:58",14850,14850,0,0,14850,0,0,0,0
S00000280731,2911617,"2026-01-01 04:24:58",0,0,0,0,0,0,0,0,0
S00000280748,2914561,"2026-01-04 03:38:21",14850,13413,1437,0,13413,0,0,0,0
S00000280748,2914562,"2026-01-04 03:38:21",0,0,0,0,0,0,0,0,0
S00000280759,2914602,"2026-01-04 03:39:45",14850,13413,1437,0,13413,0,0,0,0
S00000280759,2914603,"2026-01-04 03:39:45",0,0,0,0,0,0,0,0,0
S00000280762,2912896,"2026-01-02 08:48:11",14850,14371,479,0,14371,0,0,0,0
S00000280762,2912897,"2026-01-02 08:48:11",0,0,0,0,0,0,0,0,0
S00000280763,2911645,"2026-01-01 04:25:58",14107,14107,0,0,14107,0,0,0,0
S00000280763,2911646,"2026-01-01 04:25:58",0,0,0,0,0,0,0,0,0
S00000280764,2911706,"2026-01-01 04:28:05",14850,14850,0,0,14850,0,0,0,0
S00000280764,2911707,"2026-01-01 04:28:05",0,0,0,0,0,0,0,0,0
S00000280766,2911647,"2026-01-01 04:26:02",14850,14850,0,0,14850,0,0,0,0
S00000280766,2911648,"2026-01-01 04:26:02",0,0,0,0,0,0,0,0,0
S00000280767,2914630,"2026-01-04 03:40:46",14850,13413,1437,0,13413,0,0,0,0
S00000280767,2914631,"2026-01-04 03:40:46",0,0,0,0,0,0,0,0,0
S00000280768,2913748,"2026-01-03 03:40:05",21450,20067,1383,0,20067,0,0,0,0
S00000280768,2913749,"2026-01-03 03:40:05",0,0,0,0,0,0,0,0,0
S00000280772,2912094,"2026-01-01 14:49:34",0,0,0,0,0,0,0,0,0
S00000280772,2912095,"2026-01-01 14:49:34",7425,7425,0,0,7425,0,0,0,0
S00000280776,2912894,"2026-01-02 08:48:07",14850,14371,479,0,14371,0,0,0,0
S00000280776,2912895,"2026-01-02 08:48:07",0,0,0,0,0,0,0,0,0
S00000280778,2912906,"2026-01-02 08:48:31",14850,14371,479,0,14371,0,0,0,0
S00000280778,2912907,"2026-01-02 08:48:31",0,0,0,0,0,0,0,0,0
S00000280780,2916567,"2026-01-06 03:28:32",14107,11832,2275,0,11832,0,0,0,0
S00000280780,2916568,"2026-01-06 03:28:32",0,0,0,0,0,0,0,0,0
S00000280804,2911683,"2026-01-01 04:27:18",14850,14850,0,0,14850,0,0,0,0
S00000280804,2911684,"2026-01-01 04:27:18",0,0,0,0,0,0,0,0,0
S00000280808,2912881,"2026-01-02 08:47:37",14850,14371,479,0,14371,0,0,0,0
S00000280808,2912882,"2026-01-02 08:47:37",0,0,0,0,0,0,0,0,0
S00000280810,2911692,"2026-01-01 04:27:36",14850,14850,0,0,14850,0,0,0,0
S00000280810,2911693,"2026-01-01 04:27:36",0,0,0,0,0,0,0,0,0
S00000280810,2911694,"2026-01-01 04:27:38",19800,19800,0,0,19800,0,0,0,0
S00000280812,2911710,"2026-01-01 04:28:14",14850,14850,0,0,14850,0,0,0,0
S00000280812,2911711,"2026-01-01 04:28:14",0,0,0,0,0,0,0,0,0
S00000280813,2911712,"2026-01-01 04:28:18",14850,14850,0,0,14850,0,0,0,0
S00000280813,2911713,"2026-01-01 04:28:18",0,0,0,0,0,0,0,0,0
S00000280816,2911720,"2026-01-01 04:28:39",14850,14850,0,0,14850,0,0,0,0
S00000280816,2911721,"2026-01-01 04:28:39",0,0,0,0,0,0,0,0,0
S00000280824,2914596,"2026-01-04 03:39:34",14850,13413,1437,0,13413,0,0,0,0
S00000280824,2914597,"2026-01-04 03:39:34",0,0,0,0,0,0,0,0,0
S00000280829,2912904,"2026-01-02 08:48:27",14850,14371,479,0,14371,0,0,0,0
S00000280829,2912905,"2026-01-02 08:48:27",0,0,0,0,0,0,0,0,0
S00000280830,2914588,"2026-01-04 03:39:19",14850,13413,1437,0,13413,0,0,0,0
S00000280830,2914589,"2026-01-04 03:39:19",0,0,0,0,0,0,0,0,0
S00000280831,2914570,"2026-01-04 03:38:40",14850,13413,1437,0,13413,0,0,0,0
S00000280831,2914571,"2026-01-04 03:38:40",0,0,0,0,0,0,0,0,0
S00000280831,2914572,"2026-01-04 03:38:42",39600,35768,3832,0,35768,0,0,0,0
S00000280833,2915411,"2026-01-05 03:37:30",14850,12934,1916,0,12934,0,0,0,0
S00000280833,2915412,"2026-01-05 03:37:30",0,0,0,0,0,0,0,0,0
S00000280837,2913741,"2026-01-03 03:39:50",14850,13892,958,0,13892,0,0,0,0
S00000280837,2913742,"2026-01-03 03:39:50",0,0,0,0,0,0,0,0,0
S00000280843,2912869,"2026-01-02 08:47:14",14850,14371,479,0,14371,0,0,0,0
S00000280843,2912870,"2026-01-02 08:47:14",0,0,0,0,0,0,0,0,0
S00000280847,2916469,"2026-01-06 03:24:37",14850,12455,2395,0,12455,0,0,0,0
S00000280847,2916470,"2026-01-06 03:24:37",0,0,0,0,0,0,0,0,0
S00000280897,2912885,"2026-01-02 08:47:45",14850,14371,479,0,14371,0,0,0,0
S00000280897,2912886,"2026-01-02 08:47:45",0,0,0,0,0,0,0,0,0
S00000280897,2912887,"2026-01-02 08:47:48",19800,19162,638,0,19162,0,0,0,0
S00000280898,2915409,"2026-01-05 03:37:26",14850,12934,1916,0,12934,0,0,0,0
S00000280898,2915410,"2026-01-05 03:37:26",0,0,0,0,0,0,0,0,0
S00000280904,2916498,"2026-01-06 03:25:54",14850,12455,2395,0,12455,0,0,0,0
S00000280904,2916499,"2026-01-06 03:25:54",0,0,0,0,0,0,0,0,0
S00000280914,2912900,"2026-01-02 08:48:19",14850,14371,479,0,14371,0,0,0,0
S00000280914,2912901,"2026-01-02 08:48:19",0,0,0,0,0,0,0,0,0
S00000280915,2913743,"2026-01-03 03:39:53",14107,13197,910,0,13197,0,0,0,0
S00000280915,2913744,"2026-01-03 03:39:53",0,0,0,0,0,0,0,0,0
S00000280917,2912898,"2026-01-02 08:48:15",14850,14371,479,0,14371,0,0,0,0
S00000280917,2912899,"2026-01-02 08:48:15",0,0,0,0,0,0,0,0,0
S00000280928,2915443,"2026-01-05 03:38:36",14850,12934,1916,0,12934,0,0,0,0
S00000280928,2915444,"2026-01-05 03:38:36",0,0,0,0,0,0,0,0,0
S00000280934,2913760,"2026-01-03 03:40:28",14850,13892,958,0,13892,0,0,0,0
S00000280934,2913761,"2026-01-03 03:40:28",0,0,0,0,0,0,0,0,0
S00000280934,2913762,"2026-01-03 03:40:31",39600,37046,2554,0,37046,0,0,0,0
S00000280937,2913765,"2026-01-03 03:40:37",14850,13892,958,0,13892,0,0,0,0
S00000280937,2913766,"2026-01-03 03:40:38",0,0,0,0,0,0,0,0,0
S00000280939,2915431,"2026-01-05 03:38:12",14850,12934,1916,0,12934,0,0,0,0
S00000280939,2915432,"2026-01-05 03:38:12",0,0,0,0,0,0,0,0,0
S00000280949,2914568,"2026-01-04 03:38:36",14850,13413,1437,0,13413,0,0,0,0
S00000280949,2914569,"2026-01-04 03:38:36",0,0,0,0,0,0,0,0,0
S00000280951,2914582,"2026-01-04 03:39:07",14850,0,14850,0,0,0,0,0,0
S00000280951,2914583,"2026-01-04 03:39:07",0,0,0,0,0,0,0,0,0
S00000280972,2916607,"2026-01-06 03:30:00",14850,12455,2395,0,12455,0,0,0,0
S00000280972,2916608,"2026-01-06 03:30:00",0,0,0,0,0,0,0,0,0
S00000280988,2916538,"2026-01-06 03:27:24",14107,11832,2275,0,11832,0,0,0,0
S00000280988,2916539,"2026-01-06 03:27:24",0,0,0,0,0,0,0,0,0
S00000280999,2916558,"2026-01-06 03:28:13",14850,12455,2395,0,12455,0,0,0,0
S00000280999,2916559,"2026-01-06 03:28:13",0,0,0,0,0,0,0,0,0
S00000281012,2915405,"2026-01-05 03:37:18",14850,12934,1916,0,12934,0,0,0,0
S00000281012,2915406,"2026-01-05 03:37:18",0,0,0,0,0,0,0,0,0
S00000281017,2916578,"2026-01-06 03:28:57",14850,12455,2395,0,12455,0,0,0,0
S00000281017,2916579,"2026-01-06 03:28:57",0,0,0,0,0,0,0,0,0
S00000281018,2916845,"2026-01-06 03:39:34",14107,11832,2275,0,11832,0,0,0,0
S00000281018,2916846,"2026-01-06 03:39:34",0,0,0,0,0,0,0,0,0
S00000281020,2914584,"2026-01-04 03:39:11",14850,13413,1437,0,13413,0,0,0,0
S00000281020,2914585,"2026-01-04 03:39:11",0,0,0,0,0,0,0,0,0
S00000281021,2913763,"2026-01-03 03:40:34",14850,13892,958,0,13892,0,0,0,0
S00000281021,2913764,"2026-01-03 03:40:34",0,0,0,0,0,0,0,0,0
S00000281032,2914590,"2026-01-04 03:39:22",14850,13413,1437,0,13413,0,0,0,0
S00000281032,2914591,"2026-01-04 03:39:22",0,0,0,0,0,0,0,0,0
S00000281045,2915423,"2026-01-05 03:37:52",14850,12934,1916,0,12934,0,0,0,0
S00000281045,2915424,"2026-01-05 03:37:52",0,0,0,0,0,0,0,0,0
S00000281061,2915413,"2026-01-05 03:37:33",14850,12934,1916,0,12934,0,0,0,0
S00000281061,2915414,"2026-01-05 03:37:33",0,0,0,0,0,0,0,0,0
S00000281064,2916670,"2026-01-06 03:32:43",14850,12455,2395,0,12455,0,0,0,0
S00000281064,2916671,"2026-01-06 03:32:43",0,0,0,0,0,0,0,0,0
S00000281077,2915449,"2026-01-05 03:38:45",14850,12934,1916,0,12934,0,0,0,0
S00000281077,2915450,"2026-01-05 03:38:45",0,0,0,0,0,0,0,0,0
S00000281079,2915421,"2026-01-05 03:37:49",14850,12934,1916,0,12934,0,0,0,0
S00000281079,2915422,"2026-01-05 03:37:49",0,0,0,0,0,0,0,0,0
S00000281084,2915453,"2026-01-05 03:38:54",14850,12934,1916,0,12934,0,0,0,0
S00000281084,2915454,"2026-01-05 03:38:54",0,0,0,0,0,0,0,0,0
S00000281084,2915455,"2026-01-05 03:38:58",19800,17246,2554,0,17246,0,0,0,0
S00000281091,2916597,"2026-01-06 03:29:37",14850,12455,2395,0,12455,0,0,0,0
S00000281091,2916598,"2026-01-06 03:29:37",0,0,0,0,0,0,0,0,0
S00000281092,2915435,"2026-01-05 03:38:20",14850,12934,1916,0,12934,0,0,0,0
S00000281092,2915436,"2026-01-05 03:38:20",0,0,0,0,0,0,0,0,0
S00000281094,2915429,"2026-01-05 03:38:08",14850,12934,1916,0,12934,0,0,0,0
S00000281094,2915430,"2026-01-05 03:38:08",0,0,0,0,0,0,0,0,0
S00000281099,2916620,"2026-01-06 03:30:29",21450,17991,3459,0,17991,0,0,0,0
S00000281099,2916621,"2026-01-06 03:30:29",0,0,0,0,0,0,0,0,0
S00000281116,2915425,"2026-01-05 03:37:57",14850,12934,1916,0,12934,0,0,0,0
S00000281116,2915426,"2026-01-05 03:37:57",0,0,0,0,0,0,0,0,0
S00000281118,2915433,"2026-01-05 03:38:16",14850,12934,1916,0,12934,0,0,0,0
S00000281118,2915434,"2026-01-05 03:38:16",0,0,0,0,0,0,0,0,0
S00000281133,2915456,"2026-01-05 03:39:01",14850,12934,1916,0,12934,0,0,0,0
S00000281133,2915457,"2026-01-05 03:39:01",0,0,0,0,0,0,0,0,0
S00000281134,2914881,"2026-01-05 00:14:57",0,0,0,0,0,0,0,0,0
S00000281134,2914882,"2026-01-05 00:14:58",10725,9342,1383,0,9342,0,0,0,0
S00000281136,2916259,"2026-01-06 03:15:37",14850,12455,2395,0,12455,0,0,0,0
S00000281136,2916260,"2026-01-06 03:15:37",0,0,0,0,0,0,0,0,0
S00000281140,2916839,"2026-01-06 03:39:22",14850,12455,2395,0,12455,0,0,0,0
S00000281140,2916840,"2026-01-06 03:39:22",0,0,0,0,0,0,0,0,0
S00000281183,2916841,"2026-01-06 03:39:26",14107,11832,2275,0,11832,0,0,0,0
S00000281183,2916842,"2026-01-06 03:39:26",0,0,0,0,0,0,0,0,0
S00000281184,2916522,"2026-01-06 03:26:43",14850,12455,2395,0,12455,0,0,0,0
S00000281184,2916523,"2026-01-06 03:26:43",0,0,0,0,0,0,0,0,0
S00000281188,2916511,"2026-01-06 03:26:21",14850,12455,2395,0,12455,0,0,0,0
S00000281188,2916512,"2026-01-06 03:26:21",0,0,0,0,0,0,0,0,0
S00000281222,2916611,"2026-01-06 03:30:07",14850,12455,2395,0,12455,0,0,0,0
S00000281222,2916612,"2026-01-06 03:30:07",0,0,0,0,0,0,0,0,0
S00000281228,2915494,"2026-01-05 03:40:21",14850,12934,1916,0,12934,0,0,0,0
S00000281228,2915495,"2026-01-05 03:40:21",0,0,0,0,0,0,0,0,0
S00000281306,2914643,"2026-01-04 03:41:11",14107,12742,1365,0,12742,0,0,0,0
S00000281306,2914644,"2026-01-04 03:41:11",0,0,0,0,0,0,0,0,0
S00000281319,2911913,"2026-01-01 04:35:16",14107,14107,0,0,14107,0,0,0,0
S00000281319,2911914,"2026-01-01 04:35:16",0,0,0,0,0,0,0,0,0
S00000281320,2911956,"2026-01-01 04:36:42",14850,14850,0,0,14850,0,0,0,0
S00000281320,2911957,"2026-01-01 04:36:42",0,0,0,0,0,0,0,0,0
S00000281676,2911863,"2026-01-01 04:33:23",14850,14850,0,0,14850,0,0,0,0
S00000281676,2911864,"2026-01-01 04:33:23",0,0,0,0,0,0,0,0,0
S00000281683,2914858,"2026-01-04 21:05:13",0,0,0,0,0,0,0,0,0
S00000281683,2914859,"2026-01-04 21:05:13",14850,13413,1437,0,13413,0,0,0,0
S00000281708,2911840,"2026-01-01 04:32:39",14107,14107,0,0,14107,0,0,0,0
S00000281708,2911841,"2026-01-01 04:32:39",0,0,0,0,0,0,0,0,0
S00000281762,2912100,"2026-01-01 16:22:43",0,0,0,0,0,0,0,0,0
S00000281762,2912101,"2026-01-01 16:22:43",14107,14107,0,0,14107,0,0,0,0
S00000281835,2912920,"2026-01-02 08:49:02",14850,14371,479,0,14371,0,0,0,0
S00000281835,2912921,"2026-01-02 08:49:02",0,0,0,0,0,0,0,0,0
S00000281858,2911755,"2026-01-01 04:29:47",14107,14107,0,0,14107,0,0,0,0
S00000281858,2911756,"2026-01-01 04:29:47",0,0,0,0,0,0,0,0,0
S00000281861,2911759,"2026-01-01 04:29:54",14107,14107,0,0,14107,0,0,0,0
S00000281861,2911760,"2026-01-01 04:29:54",0,0,0,0,0,0,0,0,0
S00000281863,2911821,"2026-01-01 04:31:59",14107,14107,0,0,14107,0,0,0,0
S00000281863,2911822,"2026-01-01 04:31:59",0,0,0,0,0,0,0,0,0
S00000281864,2911741,"2026-01-01 04:29:20",14107,14107,0,0,14107,0,0,0,0
S00000281864,2911742,"2026-01-01 04:29:20",0,0,0,0,0,0,0,0,0
S00000281875,2914613,"2026-01-04 03:40:13",14107,12742,1365,0,12742,0,0,0,0
S00000281875,2914614,"2026-01-04 03:40:13",0,0,0,0,0,0,0,0,0
S00000281896,2911789,"2026-01-01 04:30:51",14107,14107,0,0,14107,0,0,0,0
S00000281896,2911790,"2026-01-01 04:30:52",0,0,0,0,0,0,0,0,0
S00000281932,2911823,"2026-01-01 04:32:03",14107,14107,0,0,14107,0,0,0,0
S00000281932,2911824,"2026-01-01 04:32:03",0,0,0,0,0,0,0,0,0
S00000282009,2911747,"2026-01-01 04:29:32",14107,14107,0,0,14107,0,0,0,0
S00000282009,2911748,"2026-01-01 04:29:32",0,0,0,0,0,0,0,0,0
S00000282012,2911751,"2026-01-01 04:29:40",14107,14107,0,0,14107,0,0,0,0
S00000282012,2911752,"2026-01-01 04:29:40",0,0,0,0,0,0,0,0,0
S00000282014,2911766,"2026-01-01 04:30:07",14107,14107,0,0,14107,0,0,0,0
S00000282014,2911767,"2026-01-01 04:30:07",0,0,0,0,0,0,0,0,0
S00000282015,2911772,"2026-01-01 04:30:18",14107,14107,0,0,14107,0,0,0,0
S00000282015,2911773,"2026-01-01 04:30:18",0,0,0,0,0,0,0,0,0
S00000282040,2911842,"2026-01-01 04:32:43",14107,14107,0,0,14107,0,0,0,0
S00000282040,2911843,"2026-01-01 04:32:43",0,0,0,0,0,0,0,0,0
S00000282111,2913144,"2026-01-03 03:15:20",14850,13892,958,0,13892,0,0,0,0
S00000282111,2913145,"2026-01-03 03:15:20",0,0,0,0,0,0,0,0,0
S00000282209,2911813,"2026-01-01 04:31:44",14850,14850,0,0,14850,0,0,0,0
S00000282209,2911814,"2026-01-01 04:31:44",0,0,0,0,0,0,0,0,0
S00000282211,2913775,"2026-01-03 03:41:01",14850,13892,958,0,13892,0,0,0,0
S00000282211,2913776,"2026-01-03 03:41:01",0,0,0,0,0,0,0,0,0
S00000282212,2911761,"2026-01-01 04:29:57",14107,14107,0,0,14107,0,0,0,0
S00000282212,2911762,"2026-01-01 04:29:57",0,0,0,0,0,0,0,0,0
S00000282213,2911977,"2026-01-01 04:37:30",14850,14850,0,0,14850,0,0,0,0
S00000282213,2911978,"2026-01-01 04:37:30",0,0,0,0,0,0,0,0,0
S00000282232,2911831,"2026-01-01 04:32:19",14107,14107,0,0,14107,0,0,0,0
S00000282232,2911832,"2026-01-01 04:32:19",0,0,0,0,0,0,0,0,0
S00000282279,2913789,"2026-01-03 03:41:30",14107,13197,910,0,13197,0,0,0,0
S00000282279,2913790,"2026-01-03 03:41:30",0,0,0,0,0,0,0,0,0
S00000282292,2911780,"2026-01-01 04:30:33",14107,14107,0,0,14107,0,0,0,0
S00000282292,2911781,"2026-01-01 04:30:33",0,0,0,0,0,0,0,0,0
S00000282317,2911770,"2026-01-01 04:30:14",14107,14107,0,0,14107,0,0,0,0
S00000282317,2911771,"2026-01-01 04:30:14",0,0,0,0,0,0,0,0,0
S00000282362,2913795,"2026-01-03 03:41:42",14850,13892,958,0,13892,0,0,0,0
S00000282362,2913796,"2026-01-03 03:41:42",0,0,0,0,0,0,0,0,0
S00000282362,2913797,"2026-01-03 03:41:45",19800,18523,1277,0,18523,0,0,0,0
S00000282383,2912936,"2026-01-02 08:49:32",14850,14371,479,0,14371,0,0,0,0
S00000282383,2912937,"2026-01-02 08:49:32",0,0,0,0,0,0,0,0,0
S00000282383,2912938,"2026-01-02 08:49:35",19800,19162,638,0,19162,0,0,0,0
S00000282483,2913930,"2026-01-03 10:49:12",0,0,0,0,0,0,0,0,0
S00000282483,2913931,"2026-01-03 10:49:13",14850,13892,958,0,13892,0,0,0,0
S00000282534,2911768,"2026-01-01 04:30:11",14107,14107,0,0,14107,0,0,0,0
S00000282534,2911769,"2026-01-01 04:30:11",0,0,0,0,0,0,0,0,0
S00000282546,2913785,"2026-01-03 03:41:23",14107,13197,910,0,13197,0,0,0,0
S00000282546,2913786,"2026-01-03 03:41:23",0,0,0,0,0,0,0,0,0
S00000282547,2911817,"2026-01-01 04:31:50",14850,14850,0,0,14850,0,0,0,0
S00000282547,2911818,"2026-01-01 04:31:50",0,0,0,0,0,0,0,0,0
S00000282558,2911807,"2026-01-01 04:31:28",14850,14850,0,0,14850,0,0,0,0
S00000282558,2911808,"2026-01-01 04:31:28",0,0,0,0,0,0,0,0,0
S00000282571,2909971,"2026-01-01 03:19:25",14107,14107,0,0,14107,0,0,0,0
S00000282571,2909972,"2026-01-01 03:19:25",0,0,0,0,0,0,0,0,0
S00000282632,2887632,"2026-01-01 04:32:51",14850,14850,0,0,14850,0,0,0,0
S00000282632,2911846,"2026-01-01 04:32:51",0,0,0,0,0,0,0,0,0
S00000282635,2911809,"2026-01-01 04:31:35",14850,14850,0,0,14850,0,0,0,0
S00000282635,2911810,"2026-01-01 04:31:35",0,0,0,0,0,0,0,0,0
S00000282642,2911757,"2026-01-01 04:29:50",14850,14850,0,0,14850,0,0,0,0
S00000282642,2911758,"2026-01-01 04:29:50",0,0,0,0,0,0,0,0,0
S00000282642,2914674,"2026-01-04 03:42:12",19800,17884,1916,0,17884,0,0,0,0
S00000282643,2911835,"2026-01-01 04:32:27",14850,14850,0,0,14850,0,0,0,0
S00000282643,2911836,"2026-01-01 04:32:28",0,0,0,0,0,0,0,0,0
S00000282647,2911787,"2026-01-01 04:30:47",14850,14850,0,0,14850,0,0,0,0
S00000282647,2911788,"2026-01-01 04:30:47",0,0,0,0,0,0,0,0,0
S00000282650,2911749,"2026-01-01 04:29:36",14850,14850,0,0,14850,0,0,0,0
S00000282650,2911750,"2026-01-01 04:29:36",0,0,0,0,0,0,0,0,0
S00000282651,2916911,"2026-01-06 03:42:09",14107,11832,2275,0,11832,0,0,0,0
S00000282651,2916912,"2026-01-06 03:42:09",0,0,0,0,0,0,0,0,0
S00000282655,2912939,"2026-01-02 08:49:39",14850,14371,479,0,14371,0,0,0,0
S00000282655,2912940,"2026-01-02 08:49:39",0,0,0,0,0,0,0,0,0
S00000282697,2912961,"2026-01-02 08:50:22",14850,14371,479,0,14371,0,0,0,0
S00000282697,2912962,"2026-01-02 08:50:22",0,0,0,0,0,0,0,0,0
S00000282704,2912913,"2026-01-02 08:48:47",14850,14371,479,0,14371,0,0,0,0
S00000282704,2912914,"2026-01-02 08:48:47",0,0,0,0,0,0,0,0,0
S00000282705,2913819,"2026-01-03 03:42:32",14850,13892,958,0,13892,0,0,0,0
S00000282705,2913820,"2026-01-03 03:42:32",0,0,0,0,0,0,0,0,0
S00000282705,2913821,"2026-01-03 03:42:35",39600,37046,2554,0,37046,0,0,0,0
S00000282737,2914607,"2026-01-04 03:39:57",21450,19375,2075,0,19375,0,0,0,0
S00000282737,2914608,"2026-01-04 03:39:57",0,0,0,0,0,0,0,0,0
S00000282737,2914609,"2026-01-04 03:40:01",19800,17884,1916,0,17884,0,0,0,0
S00000282748,2912932,"2026-01-02 08:49:24",14850,14371,479,0,14371,0,0,0,0
S00000282748,2912933,"2026-01-02 08:49:24",0,0,0,0,0,0,0,0,0
S00000282752,2913841,"2026-01-03 03:43:14",14850,13892,958,0,13892,0,0,0,0
S00000282752,2913842,"2026-01-03 03:43:14",0,0,0,0,0,0,0,0,0
S00000282755,2915817,"2026-01-05 11:49:55",0,0,0,0,0,0,0,0,0
S00000282755,2915818,"2026-01-05 11:49:56",14850,12934,1916,0,12934,0,0,0,0
S00000282756,2915490,"2026-01-05 03:40:15",14107,12287,1820,0,12287,0,0,0,0
S00000282756,2915491,"2026-01-05 03:40:15",0,0,0,0,0,0,0,0,0
S00000282767,2913150,"2026-01-03 03:15:31",21450,20067,1383,0,20067,0,0,0,0
S00000282767,2913151,"2026-01-03 03:15:31",0,0,0,0,0,0,0,0,0
S00000282769,2911793,"2026-01-01 04:31:00",14850,14850,0,0,14850,0,0,0,0
S00000282769,2911794,"2026-01-01 04:31:00",0,0,0,0,0,0,0,0,0
S00000282771,2914675,"2026-01-04 03:42:15",14850,13413,1437,0,13413,0,0,0,0
S00000282771,2914676,"2026-01-04 03:42:15",0,0,0,0,0,0,0,0,0
S00000282772,2911837,"2026-01-01 04:32:31",14850,14850,0,0,14850,0,0,0,0
S00000282772,2911838,"2026-01-01 04:32:32",0,0,0,0,0,0,0,0,0
S00000282772,2911839,"2026-01-01 04:32:35",19800,19800,0,0,19800,0,0,0,0
S00000282777,2911827,"2026-01-01 04:32:11",14850,14850,0,0,14850,0,0,0,0
S00000282777,2911828,"2026-01-01 04:32:11",0,0,0,0,0,0,0,0,0
S00000282778,2911784,"2026-01-01 04:30:40",14850,14850,0,0,14850,0,0,0,0
S00000282778,2911785,"2026-01-01 04:30:40",0,0,0,0,0,0,0,0,0
S00000282778,2911786,"2026-01-01 04:30:43",19800,19800,0,0,19800,0,0,0,0
S00000282782,2912956,"2026-01-02 08:50:13",14850,14371,479,0,14371,0,0,0,0
S00000282782,2912957,"2026-01-02 08:50:13",0,0,0,0,0,0,0,0,0
S00000282782,2912958,"2026-01-02 08:50:15",19800,19162,638,0,19162,0,0,0,0
S00000282785,2911849,"2026-01-01 04:32:58",14850,14850,0,0,14850,0,0,0,0
S00000282785,2911850,"2026-01-01 04:32:58",0,0,0,0,0,0,0,0,0
S00000282786,2914615,"2026-01-04 03:40:17",14850,13413,1437,0,13413,0,0,0,0
S00000282786,2914616,"2026-01-04 03:40:17",0,0,0,0,0,0,0,0,0
S00000282786,2914617,"2026-01-04 03:40:20",19800,17884,1916,0,17884,0,0,0,0
S00000282788,2912922,"2026-01-02 08:49:06",14850,14371,479,0,14371,0,0,0,0
S00000282788,2912923,"2026-01-02 08:49:06",0,0,0,0,0,0,0,0,0
S00000282789,2911791,"2026-01-01 04:30:56",14107,14107,0,0,14107,0,0,0,0
S00000282789,2911792,"2026-01-01 04:30:56",0,0,0,0,0,0,0,0,0
S00000282790,2911805,"2026-01-01 04:31:24",14107,14107,0,0,14107,0,0,0,0
S00000282790,2911806,"2026-01-01 04:31:24",0,0,0,0,0,0,0,0,0
S00000282791,2914653,"2026-01-04 03:41:31",14850,13413,1437,0,13413,0,0,0,0
S00000282791,2914654,"2026-01-04 03:41:31",0,0,0,0,0,0,0,0,0
S00000282792,2914618,"2026-01-04 03:40:23",14850,13413,1437,0,13413,0,0,0,0
S00000282792,2914619,"2026-01-04 03:40:23",0,0,0,0,0,0,0,0,0
S00000282794,2911799,"2026-01-01 04:31:11",14107,14107,0,0,14107,0,0,0,0
S00000282794,2911800,"2026-01-01 04:31:11",0,0,0,0,0,0,0,0,0
S00000282803,2912948,"2026-01-02 08:49:57",14850,14371,479,0,14371,0,0,0,0
S00000282803,2912949,"2026-01-02 08:49:57",0,0,0,0,0,0,0,0,0
S00000282804,2911847,"2026-01-01 04:32:54",14850,14850,0,0,14850,0,0,0,0
S00000282804,2911848,"2026-01-01 04:32:54",0,0,0,0,0,0,0,0,0
S00000282808,2914645,"2026-01-04 03:41:14",14850,13413,1437,0,13413,0,0,0,0
S00000282808,2914646,"2026-01-04 03:41:14",0,0,0,0,0,0,0,0,0
S00000282810,2914655,"2026-01-04 03:41:34",14850,13413,1437,0,13413,0,0,0,0
S00000282810,2914656,"2026-01-04 03:41:34",0,0,0,0,0,0,0,0,0
S00000282811,2914649,"2026-01-04 03:41:21",14850,13413,1437,0,13413,0,0,0,0
S00000282811,2914650,"2026-01-04 03:41:21",0,0,0,0,0,0,0,0,0
S00000282813,2911853,"2026-01-01 04:33:04",14107,14107,0,0,14107,0,0,0,0
S00000282813,2911854,"2026-01-01 04:33:05",0,0,0,0,0,0,0,0,0
S00000282815,2912007,"2026-01-01 04:38:31",14850,14850,0,0,14850,0,0,0,0
S00000282815,2912008,"2026-01-01 04:38:31",0,0,0,0,0,0,0,0,0
S00000282825,2915510,"2026-01-05 03:40:52",14850,12934,1916,0,12934,0,0,0,0
S00000282825,2915511,"2026-01-05 03:40:52",0,0,0,0,0,0,0,0,0
S00000282826,2915472,"2026-01-05 03:39:39",14850,12934,1916,0,12934,0,0,0,0
S00000282826,2915473,"2026-01-05 03:39:39",0,0,0,0,0,0,0,0,0
S00000282829,2914641,"2026-01-04 03:41:07",14850,13413,1437,0,13413,0,0,0,0
S00000282829,2914642,"2026-01-04 03:41:07",0,0,0,0,0,0,0,0,0
S00000282830,2913817,"2026-01-03 03:42:29",14850,13892,958,0,13892,0,0,0,0
S00000282830,2913818,"2026-01-03 03:42:29",0,0,0,0,0,0,0,0,0
S00000282836,2914894,"2026-01-05 03:15:26",14850,12934,1916,0,12934,0,0,0,0
S00000282836,2914895,"2026-01-05 03:15:26",0,0,0,0,0,0,0,0,0
S00000282837,2912946,"2026-01-02 08:49:53",14850,14371,479,0,14371,0,0,0,0
S00000282837,2912947,"2026-01-02 08:49:53",0,0,0,0,0,0,0,0,0
S00000282840,2914667,"2026-01-04 03:41:58",14850,13413,1437,0,13413,0,0,0,0
S00000282840,2914668,"2026-01-04 03:41:58",0,0,0,0,0,0,0,0,0
S00000282840,2914669,"2026-01-04 03:42:01",19800,17884,1916,0,17884,0,0,0,0
S00000282844,2912959,"2026-01-02 08:50:18",14850,14371,479,0,14371,0,0,0,0
S00000282844,2912960,"2026-01-02 08:50:18",0,0,0,0,0,0,0,0,0
S00000282848,2913864,"2026-01-03 03:44:02",14107,13197,910,0,13197,0,0,0,0
S00000282848,2913865,"2026-01-03 03:44:02",0,0,0,0,0,0,0,0,0
S00000282861,2909833,"2026-01-03 03:40:53",14850,990,13860,0,990,0,0,0,0
S00000282861,2913773,"2026-01-03 03:40:53",0,0,0,0,0,0,0,0,0
S00000282861,2913774,"2026-01-03 03:40:57",19800,18523,1277,0,18523,0,0,0,0
S00000282867,2913802,"2026-01-03 03:41:57",14850,13892,958,0,13892,0,0,0,0
S00000282867,2913803,"2026-01-03 03:41:57",0,0,0,0,0,0,0,0,0
S00000282868,2913833,"2026-01-03 03:42:59",14850,13892,958,0,13892,0,0,0,0
S00000282868,2913834,"2026-01-03 03:42:59",0,0,0,0,0,0,0,0,0
S00000282869,2913800,"2026-01-03 03:41:53",21450,20067,1383,0,20067,0,0,0,0
S00000282869,2913801,"2026-01-03 03:41:53",0,0,0,0,0,0,0,0,0
S00000282891,2914670,"2026-01-04 03:42:04",14850,13413,1437,0,13413,0,0,0,0
S00000282891,2914671,"2026-01-04 03:42:04",0,0,0,0,0,0,0,0,0
S00000282903,2916880,"2026-01-06 03:41:07",14850,12455,2395,0,12455,0,0,0,0
S00000282903,2916881,"2026-01-06 03:41:07",0,0,0,0,0,0,0,0,0
S00000282904,2916905,"2026-01-06 03:41:57",14850,12455,2395,0,12455,0,0,0,0
S00000282904,2916906,"2026-01-06 03:41:57",0,0,0,0,0,0,0,0,0
S00000282906,2914659,"2026-01-04 03:41:42",14850,13413,1437,0,13413,0,0,0,0
S00000282906,2914660,"2026-01-04 03:41:42",0,0,0,0,0,0,0,0,0
S00000282908,2914892,"2026-01-05 03:15:22",14850,12934,1916,0,12934,0,0,0,0
S00000282908,2914893,"2026-01-05 03:15:22",0,0,0,0,0,0,0,0,0
S00000282911,2914657,"2026-01-04 03:41:38",14850,13413,1437,0,13413,0,0,0,0
S00000282911,2914658,"2026-01-04 03:41:38",0,0,0,0,0,0,0,0,0
S00000282913,2914672,"2026-01-04 03:42:08",14107,12742,1365,0,12742,0,0,0,0
S00000282913,2914673,"2026-01-04 03:42:08",0,0,0,0,0,0,0,0,0
S00000282915,2915463,"2026-01-05 03:39:20",14107,12287,1820,0,12287,0,0,0,0
S00000282915,2915464,"2026-01-05 03:39:20",0,0,0,0,0,0,0,0,0
S00000282918,2914632,"2026-01-04 03:40:49",14850,13413,1437,0,13413,0,0,0,0
S00000282918,2914633,"2026-01-04 03:40:49",0,0,0,0,0,0,0,0,0
S00000282926,2914626,"2026-01-04 03:40:38",14850,13413,1437,0,13413,0,0,0,0
S00000282926,2914627,"2026-01-04 03:40:38",0,0,0,0,0,0,0,0,0
S00000282928,2916915,"2026-01-06 03:42:17",14850,12455,2395,0,12455,0,0,0,0
S00000282928,2916916,"2026-01-06 03:42:17",0,0,0,0,0,0,0,0,0
S00000282929,2914622,"2026-01-04 03:40:31",14850,13413,1437,0,13413,0,0,0,0
S00000282929,2914623,"2026-01-04 03:40:31",0,0,0,0,0,0,0,0,0
S00000282932,2915469,"2026-01-05 03:39:33",14850,12934,1916,0,12934,0,0,0,0
S00000282932,2915470,"2026-01-05 03:39:33",0,0,0,0,0,0,0,0,0
S00000282937,2916909,"2026-01-06 03:42:05",14107,11832,2275,0,11832,0,0,0,0
S00000282937,2916910,"2026-01-06 03:42:05",0,0,0,0,0,0,0,0,0
S00000282944,2914651,"2026-01-04 03:41:28",14850,13413,1437,0,13413,0,0,0,0
S00000282944,2914652,"2026-01-04 03:41:28",0,0,0,0,0,0,0,0,0
S00000282945,2915508,"2026-01-05 03:40:48",14850,12934,1916,0,12934,0,0,0,0
S00000282945,2915509,"2026-01-05 03:40:48",0,0,0,0,0,0,0,0,0
S00000282949,2916892,"2026-01-06 03:41:29",14850,12455,2395,0,12455,0,0,0,0
S00000282949,2916893,"2026-01-06 03:41:29",0,0,0,0,0,0,0,0,0
S00000282949,2916894,"2026-01-06 03:41:32",19800,16607,3193,0,16607,0,0,0,0
S00000282957,2915512,"2026-01-05 03:40:56",14850,12934,1916,0,12934,0,0,0,0
S00000282957,2915513,"2026-01-05 03:40:56",0,0,0,0,0,0,0,0,0
S00000282962,2915465,"2026-01-05 03:39:24",14850,12934,1916,0,12934,0,0,0,0
S00000282962,2915466,"2026-01-05 03:39:24",0,0,0,0,0,0,0,0,0
S00000282963,2915498,"2026-01-05 03:40:29",14850,12934,1916,0,12934,0,0,0,0
S00000282963,2915499,"2026-01-05 03:40:29",0,0,0,0,0,0,0,0,0
S00000282965,2915504,"2026-01-05 03:40:41",14850,12934,1916,0,12934,0,0,0,0
S00000282965,2915505,"2026-01-05 03:40:41",0,0,0,0,0,0,0,0,0
S00000282995,2915492,"2026-01-05 03:40:18",14850,14850,0,0,14850,0,0,0,0
S00000282995,2915493,"2026-01-05 03:40:18",0,0,0,0,0,0,0,0,0
S00000282995,2916008,"2026-01-05 15:39:51",6600,5749,851,0,5749,0,0,0,0
S00000282995,2916009,"2026-01-05 15:39:51",0,0,0,0,0,0,0,0,0
S00000283002,2915484,"2026-01-05 03:40:02",14850,12934,1916,0,12934,0,0,0,0
S00000283002,2915485,"2026-01-05 03:40:02",0,0,0,0,0,0,0,0,0
S00000283017,2915480,"2026-01-05 03:39:55",14850,12934,1916,0,12934,0,0,0,0
S00000283017,2915481,"2026-01-05 03:39:55",0,0,0,0,0,0,0,0,0
S00000283020,2916890,"2026-01-06 03:41:25",14107,11832,2275,0,11832,0,0,0,0
S00000283020,2916891,"2026-01-06 03:41:25",0,0,0,0,0,0,0,0,0
S00000283022,2915502,"2026-01-05 03:40:36",14850,12934,1916,0,12934,0,0,0,0
S00000283022,2915503,"2026-01-05 03:40:36",0,0,0,0,0,0,0,0,0
S00000283027,2916884,"2026-01-06 03:41:15",14850,12455,2395,0,12455,0,0,0,0
S00000283027,2916885,"2026-01-06 03:41:15",0,0,0,0,0,0,0,0,0
S00000283037,2916913,"2026-01-06 03:42:13",14850,12455,2395,0,12455,0,0,0,0
S00000283037,2916914,"2026-01-06 03:42:13",0,0,0,0,0,0,0,0,0
S00000283038,2912977,"2026-01-02 08:50:58",14107,13652,455,0,13652,0,0,0,0
S00000283038,2912978,"2026-01-02 08:50:58",0,0,0,0,0,0,0,0,0
S00000283041,2916253,"2026-01-06 03:15:25",14850,12455,2395,0,12455,0,0,0,0
S00000283041,2916254,"2026-01-06 03:15:25",0,0,0,0,0,0,0,0,0
S00000283043,2916921,"2026-01-06 03:42:29",14850,12455,2395,0,12455,0,0,0,0
S00000283043,2916922,"2026-01-06 03:42:29",0,0,0,0,0,0,0,0,0
S00000283060,2916886,"2026-01-06 03:41:18",21450,17991,3459,0,17991,0,0,0,0
S00000283060,2916887,"2026-01-06 03:41:18",0,0,0,0,0,0,0,0,0
S00000283074,2916895,"2026-01-06 03:41:36",14850,12455,2395,0,12455,0,0,0,0
S00000283074,2916896,"2026-01-06 03:41:36",0,0,0,0,0,0,0,0,0
S00000283081,2916899,"2026-01-06 03:41:44",14850,12455,2395,0,12455,0,0,0,0
S00000283081,2916900,"2026-01-06 03:41:44",0,0,0,0,0,0,0,0,0
S00000283132,2916897,"2026-01-06 03:41:40",14850,12455,2395,0,12455,0,0,0,0
S00000283132,2916898,"2026-01-06 03:41:40",0,0,0,0,0,0,0,0,0
S00000283141,2916919,"2026-01-06 03:42:25",14850,12455,2395,0,12455,0,0,0,0
S00000283141,2916920,"2026-01-06 03:42:25",0,0,0,0,0,0,0,0,0
S00000283190,2906348,"2026-01-01 04:34:18",14107,14107,0,0,14107,0,0,0,0
S00000283190,2911889,"2026-01-01 04:34:18",0,0,0,0,0,0,0,0,0
S00000283318,2916153,"2026-01-05 19:12:40",0,0,0,0,0,0,0,0,0
S00000283318,2916154,"2026-01-05 19:12:40",7425,6467,958,0,6467,0,0,0,0
S00000283634,2913891,"2026-01-03 03:44:54",19800,18523,1277,0,18523,0,0,0,0
S00000283655,2912090,"2026-01-01 14:02:27",0,0,0,0,0,0,0,0,0
S00000283655,2912091,"2026-01-01 14:02:27",14107,14107,0,0,14107,0,0,0,0
S00000283658,2913092,"2026-01-02 17:03:19",0,0,0,0,0,0,0,0,0
S00000283658,2913093,"2026-01-02 17:03:19",7425,7186,239,0,7186,0,0,0,0
S00000283697,2912023,"2026-01-01 04:39:01",21450,21450,0,0,21450,0,0,0,0
S00000283697,2912024,"2026-01-01 04:39:01",0,0,0,0,0,0,0,0,0
S00000283794,2912164,"2026-01-02 08:18:24",14850,14371,479,0,14371,0,0,0,0
S00000283794,2912165,"2026-01-02 08:18:24",0,0,0,0,0,0,0,0,0
S00000283944,2911989,"2026-01-01 04:37:56",14850,14850,0,0,14850,0,0,0,0
S00000283944,2911990,"2026-01-01 04:37:56",0,0,0,0,0,0,0,0,0
S00000284063,2911941,"2026-01-01 04:36:10",14107,14107,0,0,14107,0,0,0,0
S00000284063,2911942,"2026-01-01 04:36:10",0,0,0,0,0,0,0,0,0
S00000284295,2911991,"2026-01-01 04:38:00",14850,14850,0,0,14850,0,0,0,0
S00000284295,2911992,"2026-01-01 04:38:00",0,0,0,0,0,0,0,0,0
S00000284392,2912979,"2026-01-02 08:51:02",14107,13652,455,0,13652,0,0,0,0
S00000284392,2912980,"2026-01-02 08:51:02",0,0,0,0,0,0,0,0,0
S00000284396,2911981,"2026-01-01 04:37:37",19800,19800,0,0,19800,0,0,0,0
S00000284399,2911945,"2026-01-01 04:36:19",14107,14107,0,0,14107,0,0,0,0
S00000284399,2911946,"2026-01-01 04:36:19",0,0,0,0,0,0,0,0,0
S00000284401,2911915,"2026-01-01 04:35:20",14107,14107,0,0,14107,0,0,0,0
S00000284401,2911916,"2026-01-01 04:35:20",0,0,0,0,0,0,0,0,0
S00000284435,2911865,"2026-01-01 04:33:27",14107,14107,0,0,14107,0,0,0,0
S00000284435,2911866,"2026-01-01 04:33:27",0,0,0,0,0,0,0,0,0
S00000284530,2911867,"2026-01-01 04:33:31",14107,14107,0,0,14107,0,0,0,0
S00000284530,2911868,"2026-01-01 04:33:31",0,0,0,0,0,0,0,0,0
S00000284533,2911923,"2026-01-01 04:35:35",14107,14107,0,0,14107,0,0,0,0
S00000284533,2911924,"2026-01-01 04:35:35",0,0,0,0,0,0,0,0,0
S00000284534,2912050,"2026-01-01 04:40:00",14850,14850,0,0,14850,0,0,0,0
S00000284534,2912051,"2026-01-01 04:40:00",0,0,0,0,0,0,0,0,0
S00000284544,2916022,"2026-01-05 00:00:00",-19800,-19800,0,0,-19800,0,0,0,0
S00000284546,2912027,"2026-01-01 04:39:10",14107,14107,0,0,14107,0,0,0,0
S00000284546,2912028,"2026-01-01 04:39:10",0,0,0,0,0,0,0,0,0
S00000284547,2911906,"2026-01-01 04:34:59",14107,14107,0,0,14107,0,0,0,0
S00000284547,2911907,"2026-01-01 04:34:59",0,0,0,0,0,0,0,0,0
S00000284569,2912985,"2026-01-02 08:51:14",14107,13652,455,0,13652,0,0,0,0
S00000284569,2912986,"2026-01-02 08:51:14",0,0,0,0,0,0,0,0,0
S00000284575,2912997,"2026-01-02 08:51:39",14107,13652,455,0,13652,0,0,0,0
S00000284575,2912998,"2026-01-02 08:51:39",0,0,0,0,0,0,0,0,0
S00000284579,2911929,"2026-01-01 04:35:47",14107,14107,0,0,14107,0,0,0,0
S00000284579,2911930,"2026-01-01 04:35:47",0,0,0,0,0,0,0,0,0
S00000284580,2911937,"2026-01-01 04:36:03",14107,14107,0,0,14107,0,0,0,0
S00000284580,2911938,"2026-01-01 04:36:03",0,0,0,0,0,0,0,0,0
S00000284586,2911935,"2026-01-01 04:35:59",14107,14107,0,0,14107,0,0,0,0
S00000284586,2911936,"2026-01-01 04:35:59",0,0,0,0,0,0,0,0,0
S00000284588,2911953,"2026-01-01 04:36:35",14850,14850,0,0,14850,0,0,0,0
S00000284588,2911954,"2026-01-01 04:36:35",0,0,0,0,0,0,0,0,0
S00000284588,2911955,"2026-01-01 04:36:38",19800,19800,0,0,19800,0,0,0,0
S00000284597,2911999,"2026-01-01 04:38:15",14850,14850,0,0,14850,0,0,0,0
S00000284597,2912000,"2026-01-01 04:38:15",0,0,0,0,0,0,0,0,0
S00000284603,2912965,"2026-01-02 08:50:29",14107,13652,455,0,13652,0,0,0,0
S00000284603,2912966,"2026-01-02 08:50:29",0,0,0,0,0,0,0,0,0
S00000284630,2911895,"2026-01-01 04:34:32",14850,14850,0,0,14850,0,0,0,0
S00000284630,2911896,"2026-01-01 04:34:32",0,0,0,0,0,0,0,0,0
S00000284630,2911897,"2026-01-01 04:34:36",19800,19800,0,0,19800,0,0,0,0
S00000284642,2911908,"2026-01-01 04:35:03",14107,14107,0,0,14107,0,0,0,0
S00000284642,2911909,"2026-01-01 04:35:03",0,0,0,0,0,0,0,0,0
S00000284643,2913876,"2026-01-03 03:44:24",14107,13197,910,0,13197,0,0,0,0
S00000284643,2913877,"2026-01-03 03:44:24",0,0,0,0,0,0,0,0,0
S00000284656,2911958,"2026-01-01 04:36:46",14107,14107,0,0,14107,0,0,0,0
S00000284656,2911959,"2026-01-01 04:36:46",0,0,0,0,0,0,0,0,0
S00000284658,2911949,"2026-01-01 04:36:27",14107,14107,0,0,14107,0,0,0,0
S00000284658,2911950,"2026-01-01 04:36:27",0,0,0,0,0,0,0,0,0
S00000284660,2913016,"2026-01-02 08:52:18",14107,13652,455,0,13652,0,0,0,0
S00000284660,2913017,"2026-01-02 08:52:18",0,0,0,0,0,0,0,0,0
S00000284663,2911927,"2026-01-01 04:35:43",14850,14850,0,0,14850,0,0,0,0
S00000284663,2911928,"2026-01-01 04:35:43",0,0,0,0,0,0,0,0,0
S00000284664,2911887,"2026-01-01 04:34:14",14850,14850,0,0,14850,0,0,0,0
S00000284664,2911888,"2026-01-01 04:34:14",0,0,0,0,0,0,0,0,0
S00000284666,2911995,"2026-01-01 04:38:07",14107,14107,0,0,14107,0,0,0,0
S00000284666,2911996,"2026-01-01 04:38:07",0,0,0,0,0,0,0,0,0
S00000284674,2911962,"2026-01-01 04:36:53",14107,14107,0,0,14107,0,0,0,0
S00000284674,2911963,"2026-01-01 04:36:54",0,0,0,0,0,0,0,0,0
S00000284679,2909922,"2026-01-01 03:17:53",14850,14850,0,0,14850,0,0,0,0
S00000284679,2909923,"2026-01-01 03:17:53",0,0,0,0,0,0,0,0,0
S00000284683,2911869,"2026-01-01 04:33:34",14850,14850,0,0,14850,0,0,0,0
S00000284683,2911870,"2026-01-01 04:33:34",0,0,0,0,0,0,0,0,0
S00000284684,2911921,"2026-01-01 04:35:32",14107,14107,0,0,14107,0,0,0,0
S00000284684,2911922,"2026-01-01 04:35:32",0,0,0,0,0,0,0,0,0
S00000284688,2912981,"2026-01-02 08:51:06",14850,14371,479,0,14371,0,0,0,0
S00000284688,2912982,"2026-01-02 08:51:06",0,0,0,0,0,0,0,0,0
S00000284709,2911874,"2026-01-01 04:33:46",14850,14850,0,0,14850,0,0,0,0
S00000284709,2911875,"2026-01-01 04:33:46",0,0,0,0,0,0,0,0,0
S00000284710,2913005,"2026-01-02 08:51:55",21450,20759,691,0,20759,0,0,0,0
S00000284710,2913006,"2026-01-02 08:51:55",0,0,0,0,0,0,0,0,0
S00000284712,2912001,"2026-01-01 04:38:19",14850,14850,0,0,14850,0,0,0,0
S00000284712,2912002,"2026-01-01 04:38:19",0,0,0,0,0,0,0,0,0
S00000284719,2913913,"2026-01-03 03:45:35",14850,13892,958,0,13892,0,0,0,0
S00000284719,2913914,"2026-01-03 03:45:35",0,0,0,0,0,0,0,0,0
S00000284719,2913915,"2026-01-03 03:45:37",19800,18523,1277,0,18523,0,0,0,0
S00000284721,2913142,"2026-01-03 03:15:17",14850,13892,958,0,13892,0,0,0,0
S00000284721,2913143,"2026-01-03 03:15:17",0,0,0,0,0,0,0,0,0
S00000284725,2912125,"2026-01-01 21:31:30",0,0,0,0,0,0,0,0,0
S00000284725,2912126,"2026-01-01 21:31:30",14107,14107,0,0,14107,0,0,0,0
S00000284734,2913009,"2026-01-02 08:52:04",14850,14371,479,0,14371,0,0,0,0
S00000284734,2913010,"2026-01-02 08:52:04",0,0,0,0,0,0,0,0,0
S00000284734,2913011,"2026-01-02 08:52:07",19800,19162,638,0,19162,0,0,0,0
S00000284741,2913855,"2026-01-03 03:43:41",21450,20067,1383,0,20067,0,0,0,0
S00000284741,2913856,"2026-01-03 03:43:41",0,0,0,0,0,0,0,0,0
S00000284741,2913857,"2026-01-03 03:43:44",19800,18523,1277,0,18523,0,0,0,0
S00000284744,2913003,"2026-01-02 08:51:51",14850,14371,479,0,14371,0,0,0,0
S00000284744,2913004,"2026-01-02 08:51:51",0,0,0,0,0,0,0,0,0
S00000284753,2913012,"2026-01-02 08:52:11",14850,14371,479,0,14371,0,0,0,0
S00000284753,2913013,"2026-01-02 08:52:11",0,0,0,0,0,0,0,0,0
S00000284755,2913903,"2026-01-03 03:45:17",14850,13892,958,0,13892,0,0,0,0
S00000284755,2913904,"2026-01-03 03:45:17",0,0,0,0,0,0,0,0,0
S00000284759,2913907,"2026-01-03 03:45:24",14850,13892,958,0,13892,0,0,0,0
S00000284759,2913908,"2026-01-03 03:45:24",0,0,0,0,0,0,0,0,0
S00000284762,2912159,"2026-01-02 08:18:13",14107,13652,455,0,13652,0,0,0,0
S00000284762,2912160,"2026-01-02 08:18:13",0,0,0,0,0,0,0,0,0
S00000284762,2912161,"2026-01-02 08:18:16",19800,19162,638,0,19162,0,0,0,0
S00000284764,2911876,"2026-01-01 04:33:49",14107,14107,0,0,14107,0,0,0,0
S00000284764,2911877,"2026-01-01 04:33:49",0,0,0,0,0,0,0,0,0
S00000284770,2913909,"2026-01-03 03:45:28",21450,20067,1383,0,20067,0,0,0,0
S00000284770,2913910,"2026-01-03 03:45:28",0,0,0,0,0,0,0,0,0
S00000284771,2867698,"2026-01-01 04:35:12",14850,14850,0,0,14850,0,0,0,0
S00000284771,2911912,"2026-01-01 04:35:12",0,0,0,0,0,0,0,0,0
S00000284774,2912036,"2026-01-01 04:39:28",14850,14850,0,0,14850,0,0,0,0
S00000284774,2912037,"2026-01-01 04:39:28",0,0,0,0,0,0,0,0,0
S00000284774,2912038,"2026-01-01 04:39:32",19800,19800,0,0,19800,0,0,0,0
S00000284779,2911968,"2026-01-01 04:37:10",14107,14107,0,0,14107,0,0,0,0
S00000284779,2911969,"2026-01-01 04:37:10",0,0,0,0,0,0,0,0,0
S00000284781,2912973,"2026-01-02 08:50:47",14850,14371,479,0,14371,0,0,0,0
S00000284781,2912974,"2026-01-02 08:50:47",0,0,0,0,0,0,0,0,0
S00000284782,2912983,"2026-01-02 08:51:10",21450,20759,691,0,20759,0,0,0,0
S00000284782,2912984,"2026-01-02 08:51:10",0,0,0,0,0,0,0,0,0
S00000284783,2914684,"2026-01-04 03:42:37",14850,13413,1437,0,13413,0,0,0,0
S00000284783,2914685,"2026-01-04 03:42:37",0,0,0,0,0,0,0,0,0
S00000284789,2911960,"2026-01-01 04:36:50",14850,14850,0,0,14850,0,0,0,0
S00000284789,2911961,"2026-01-01 04:36:50",0,0,0,0,0,0,0,0,0
S00000284791,2912975,"2026-01-02 08:50:55",14850,14371,479,0,14371,0,0,0,0
S00000284791,2912976,"2026-01-02 08:50:55",0,0,0,0,0,0,0,0,0
S00000284794,2912993,"2026-01-02 08:51:31",14850,14371,479,0,14371,0,0,0,0
S00000284794,2912994,"2026-01-02 08:51:31",0,0,0,0,0,0,0,0,0
S00000284798,2907656,"2026-01-04 03:43:20",14850,13413,1437,0,13413,0,0,0,0
S00000284798,2914707,"2026-01-04 03:43:20",0,0,0,0,0,0,0,0,0
S00000284799,2913872,"2026-01-03 03:44:16",14850,13892,958,0,13892,0,0,0,0
S00000284799,2913873,"2026-01-03 03:44:16",0,0,0,0,0,0,0,0,0
S00000284800,2912017,"2026-01-01 04:38:50",14850,14850,0,0,14850,0,0,0,0
S00000284800,2912018,"2026-01-01 04:38:50",0,0,0,0,0,0,0,0,0
S00000284803,2913018,"2026-01-02 08:52:24",14850,14371,479,0,14371,0,0,0,0
S00000284803,2913019,"2026-01-02 08:52:24",0,0,0,0,0,0,0,0,0
S00000284809,2912015,"2026-01-01 04:38:46",14850,14850,0,0,14850,0,0,0,0
S00000284809,2912016,"2026-01-01 04:38:46",0,0,0,0,0,0,0,0,0
S00000284811,2911974,"2026-01-01 04:37:22",14850,14850,0,0,14850,0,0,0,0
S00000284811,2911975,"2026-01-01 04:37:22",0,0,0,0,0,0,0,0,0
S00000284815,2913001,"2026-01-02 08:51:46",14850,14371,479,0,14371,0,0,0,0
S00000284815,2913002,"2026-01-02 08:51:46",0,0,0,0,0,0,0,0,0
S00000284816,2911997,"2026-01-01 04:38:11",14107,14107,0,0,14107,0,0,0,0
S00000284816,2911998,"2026-01-01 04:38:11",0,0,0,0,0,0,0,0,0
S00000284817,2913897,"2026-01-03 03:45:08",14850,13892,958,0,13892,0,0,0,0
S00000284817,2913898,"2026-01-03 03:45:08",0,0,0,0,0,0,0,0,0
S00000284820,2914010,"2026-01-04 03:15:09",14850,13413,1437,0,13413,0,0,0,0
S00000284820,2914011,"2026-01-04 03:15:09",0,0,0,0,0,0,0,0,0
S00000284833,2912971,"2026-01-02 08:50:43",20377,19720,657,0,19720,0,0,0,0
S00000284833,2912972,"2026-01-02 08:50:43",0,0,0,0,0,0,0,0,0
S00000284845,2913874,"2026-01-03 03:44:20",14850,13892,958,0,13892,0,0,0,0
S00000284845,2913875,"2026-01-03 03:44:20",0,0,0,0,0,0,0,0,0
S00000284861,2916026,"2026-01-05 16:34:01",0,0,0,0,0,0,0,0,0
S00000284861,2916027,"2026-01-05 16:34:01",7425,6467,958,0,6467,0,0,0,0
S00000284862,2914724,"2026-01-04 03:43:55",21450,19375,2075,0,19375,0,0,0,0
S00000284862,2914725,"2026-01-04 03:43:55",0,0,0,0,0,0,0,0,0
S00000284866,2913870,"2026-01-03 03:44:12",14850,13892,958,0,13892,0,0,0,0
S00000284866,2913871,"2026-01-03 03:44:12",0,0,0,0,0,0,0,0,0
S00000284876,2915530,"2026-01-05 03:41:32",14850,12934,1916,0,12934,0,0,0,0
S00000284876,2915531,"2026-01-05 03:41:32",0,0,0,0,0,0,0,0,0
S00000284878,2913899,"2026-01-03 03:45:12",14850,13892,958,0,13892,0,0,0,0
S00000284878,2913902,"2026-01-03 03:45:13",0,0,0,0,0,0,0,0,0
S00000284881,2913868,"2026-01-03 03:44:08",14107,13197,910,0,13197,0,0,0,0
S00000284881,2913869,"2026-01-03 03:44:08",0,0,0,0,0,0,0,0,0
S00000284886,2913878,"2026-01-03 03:44:28",14850,13892,958,0,13892,0,0,0,0
S00000284886,2913879,"2026-01-03 03:44:28",0,0,0,0,0,0,0,0,0
S00000284887,2916953,"2026-01-06 03:43:33",14850,12455,2395,0,12455,0,0,0,0
S00000284887,2916954,"2026-01-06 03:43:33",0,0,0,0,0,0,0,0,0
S00000284887,2916955,"2026-01-06 03:43:36",19800,16607,3193,0,16607,0,0,0,0
S00000284890,2914712,"2026-01-04 03:43:32",14850,13413,1437,0,13413,0,0,0,0
S00000284890,2914713,"2026-01-04 03:43:32",0,0,0,0,0,0,0,0,0
S00000284906,2882650,"2026-01-04 03:42:51",14850,13413,1437,0,13413,0,0,0,0
S00000284906,2914694,"2026-01-04 03:42:51",0,0,0,0,0,0,0,0,0
S00000284907,2914678,"2026-01-04 03:42:22",21450,19375,2075,0,19375,0,0,0,0
S00000284907,2914679,"2026-01-04 03:42:22",0,0,0,0,0,0,0,0,0
S00000284908,2915520,"2026-01-05 03:41:14",14850,12934,1916,0,12934,0,0,0,0
S00000284908,2915521,"2026-01-05 03:41:14",0,0,0,0,0,0,0,0,0
S00000284911,2916949,"2026-01-06 03:43:27",14850,0,14850,0,0,0,0,0,0
S00000284911,2916950,"2026-01-06 03:43:27",0,0,0,0,0,0,0,0,0
S00000284919,2915534,"2026-01-05 03:41:39",20377,17748,2629,0,17748,0,0,0,0
S00000284919,2915535,"2026-01-05 03:41:39",0,0,0,0,0,0,0,0,0
S00000284921,2916960,"2026-01-06 03:43:50",14850,0,14850,0,0,0,0,0,0
S00000284921,2916961,"2026-01-06 03:43:50",0,0,0,0,0,0,0,0,0
S00000284924,2913882,"2026-01-03 03:44:36",14107,13197,910,0,13197,0,0,0,0
S00000284924,2913883,"2026-01-03 03:44:36",0,0,0,0,0,0,0,0,0
S00000284925,2914692,"2026-01-04 03:42:48",14850,13413,1437,0,13413,0,0,0,0
S00000284925,2914693,"2026-01-04 03:42:48",0,0,0,0,0,0,0,0,0
S00000284930,2914708,"2026-01-04 03:43:24",14107,12742,1365,0,12742,0,0,0,0
S00000284930,2914709,"2026-01-04 03:43:24",0,0,0,0,0,0,0,0,0
S00000284932,2914710,"2026-01-04 03:43:28",14850,13413,1437,0,13413,0,0,0,0
S00000284932,2914711,"2026-01-04 03:43:28",0,0,0,0,0,0,0,0,0
S00000284933,2913892,"2026-01-03 03:44:58",14850,13892,958,0,13892,0,0,0,0
S00000284933,2913893,"2026-01-03 03:44:58",0,0,0,0,0,0,0,0,0
S00000284938,2913116,"2026-01-03 03:45:04",14850,0,14850,0,0,0,0,0,0
S00000284938,2913896,"2026-01-03 03:45:04",0,0,0,0,0,0,0,0,0
S00000284940,2913911,"2026-01-03 03:45:32",14850,13892,958,0,13892,0,0,0,0
S00000284940,2913912,"2026-01-03 03:45:32",0,0,0,0,0,0,0,0,0
S00000284943,2916945,"2026-01-06 03:43:19",14850,12455,2395,0,12455,0,0,0,0
S00000284943,2916946,"2026-01-06 03:43:19",0,0,0,0,0,0,0,0,0
S00000284948,2914888,"2026-01-05 03:15:09",14850,12934,1916,0,12934,0,0,0,0
S00000284948,2914889,"2026-01-05 03:15:09",0,0,0,0,0,0,0,0,0
S00000284955,2915537,"2026-01-05 03:41:48",14850,12934,1916,0,12934,0,0,0,0
S00000284955,2915538,"2026-01-05 03:41:48",0,0,0,0,0,0,0,0,0
S00000284969,2915522,"2026-01-05 03:41:18",14850,12934,1916,0,12934,0,0,0,0
S00000284969,2915523,"2026-01-05 03:41:18",0,0,0,0,0,0,0,0,0
S00000284972,2916956,"2026-01-06 03:43:40",14850,0,14850,0,0,0,0,0,0
S00000284972,2916957,"2026-01-06 03:43:40",0,0,0,0,0,0,0,0,0
S00000284976,2914714,"2026-01-04 03:43:35",14107,12742,1365,0,12742,0,0,0,0
S00000284976,2914715,"2026-01-04 03:43:35",0,0,0,0,0,0,0,0,0
S00000284980,2888112,"2026-01-05 03:15:18",14850,12934,1916,0,12934,0,0,0,0
S00000284980,2914891,"2026-01-05 03:15:18",0,0,0,0,0,0,0,0,0
S00000284986,2916141,"2026-01-05 18:26:49",0,0,0,0,0,0,0,0,0
S00000284986,2916142,"2026-01-05 18:26:49",14850,12934,1916,0,12934,0,0,0,0
S00000284988,2916947,"2026-01-06 03:43:23",14850,12455,2395,0,12455,0,0,0,0
S00000284988,2916948,"2026-01-06 03:43:23",0,0,0,0,0,0,0,0,0
S00000284993,2916932,"2026-01-06 03:42:51",14850,12455,2395,0,12455,0,0,0,0
S00000284993,2916933,"2026-01-06 03:42:51",0,0,0,0,0,0,0,0,0
S00000285015,2877440,"2026-01-05 03:41:43",14850,12934,1916,0,12934,0,0,0,0
S00000285015,2915536,"2026-01-05 03:41:43",0,0,0,0,0,0,0,0,0
S00000285031,2915526,"2026-01-05 03:41:25",14850,12934,1916,0,12934,0,0,0,0
S00000285031,2915527,"2026-01-05 03:41:25",0,0,0,0,0,0,0,0,0
S00000285057,2916958,"2026-01-06 03:43:44",14850,12455,2395,0,12455,0,0,0,0
S00000285057,2916959,"2026-01-06 03:43:44",0,0,0,0,0,0,0,0,0
S00000285059,2916930,"2026-01-06 03:42:47",14850,12455,2395,0,12455,0,0,0,0
S00000285059,2916931,"2026-01-06 03:42:47",0,0,0,0,0,0,0,0,0
S00000285079,2916951,"2026-01-06 03:43:30",21450,17991,3459,0,17991,0,0,0,0
S00000285079,2916952,"2026-01-06 03:43:30",0,0,0,0,0,0,0,0,0
S00000285561,2916020,"2026-01-05 16:31:38",0,0,0,0,0,0,0,0,0
S00000285561,2916021,"2026-01-05 16:31:38",7425,6467,958,0,6467,0,0,0,0
S00000285694,2913111,"2026-01-02 20:07:15",0,0,0,0,0,0,0,0,0
S00000285694,2913112,"2026-01-02 20:07:15",10725,10380,345,0,10380,0,0,0,0
S00000285702,2914846,"2026-01-04 20:17:33",0,0,0,0,0,0,0,0,0
S00000285702,2914847,"2026-01-04 20:17:33",14850,13413,1437,0,13413,0,0,0,0
S00000285855,2912086,"2026-01-01 13:29:12",0,0,0,0,0,0,0,0,0
S00000285855,2912087,"2026-01-01 13:29:12",7425,7425,0,0,7425,0,0,0,0
S00000285959,2912146,"2026-01-02 00:07:25",0,0,0,0,0,0,0,0,0
S00000285959,2912147,"2026-01-02 00:07:25",14850,14371,479,0,14371,0,0,0,0
S00000286145,2914744,"2026-01-04 08:12:27",0,0,0,0,0,0,0,0,0
S00000286145,2914745,"2026-01-04 08:12:27",7425,6707,718,0,6707,0,0,0,0
S00000286147,2913117,"2026-01-02 21:54:12",0,0,0,0,0,0,0,0,0
S00000286147,2913118,"2026-01-02 21:54:12",14850,14371,479,0,14371,0,0,0,0
S00000286173,2916054,"2026-01-05 18:01:18",0,0,0,0,0,0,0,0,0
S00000286173,2916055,"2026-01-05 18:01:18",7425,6467,958,0,6467,0,0,0,0
S00000286224,2914822,"2026-01-04 16:33:53",0,0,0,0,0,0,0,0,0
S00000286224,2914823,"2026-01-04 16:33:53",14850,13413,1437,0,13413,0,0,0,0
S00000286249,2913932,"2026-01-03 10:59:20",0,0,0,0,0,0,0,0,0
S00000286249,2913933,"2026-01-03 10:59:20",7425,6946,479,0,6946,0,0,0,0
S00000286286,2916159,"2026-01-05 19:26:36",0,0,0,0,0,0,0,0,0
S00000286286,2916160,"2026-01-05 19:26:36",7425,6467,958,0,6467,0,0,0,0
S00000286314,2916172,"2026-01-05 20:35:12",0,0,0,0,0,0,0,0,0
S00000286314,2916173,"2026-01-05 20:35:13",7425,6467,958,0,6467,0,0,0,0
S00000286316,2916051,"2026-01-05 17:37:26",0,0,0,0,0,0,0,0,0
S00000286316,2916052,"2026-01-05 17:37:26",7425,6467,958,0,6467,0,0,0,0
S00000286384,2912115,"2026-01-01 20:36:48",0,0,0,0,0,0,0,0,0
S00000286384,2912116,"2026-01-01 20:36:49",10725,10725,0,0,10725,0,0,0,0
S00000286385,2914746,"2026-01-04 09:14:55",19800,17884,1916,0,17884,0,0,0,0
S00000286409,2915602,"2026-01-05 11:27:24",0,0,0,0,0,0,0,0,0
S00000286409,2915603,"2026-01-05 11:27:24",7425,6467,958,0,6467,0,0,0,0
S00000286418,2912134,"2026-01-01 22:50:33",0,0,0,0,0,0,0,0,0
S00000286418,2912135,"2026-01-01 22:50:33",7425,7425,0,0,7425,0,0,0,0
S00000286422,2913050,"2026-01-02 10:09:44",0,0,0,0,0,0,0,0,0
S00000286422,2913051,"2026-01-02 10:09:44",7425,7186,239,0,7186,0,0,0,0
S00000286429,2913123,"2026-01-02 22:32:11",0,0,0,0,0,0,0,0,0
S00000286429,2913124,"2026-01-02 22:32:11",7425,7186,239,0,7186,0,0,0,0
S00000286430,2912121,"2026-01-01 21:29:44",0,0,0,0,0,0,0,0,0
S00000286430,2912122,"2026-01-01 21:29:44",10725,10725,0,0,10725,0,0,0,0
S00000286431,2913114,"2026-01-02 20:43:06",0,0,0,0,0,0,0,0,0
S00000286431,2913115,"2026-01-02 20:43:06",7425,7186,239,0,7186,0,0,0,0
S00000286438,2912082,"2026-01-01 10:30:25",0,0,0,0,0,0,0,0,0
S00000286438,2912083,"2026-01-01 10:30:25",10725,10725,0,0,10725,0,0,0,0
S00000286440,2913921,"2026-01-03 08:26:24",0,0,0,0,0,0,0,0,0
S00000286440,2913922,"2026-01-03 08:26:24",7425,6946,479,0,6946,0,0,0,0
S00000286446,2912058,"2026-01-01 07:43:34",7425,7425,0,0,7425,0,0,0,0
S00000286446,2912059,"2026-01-01 07:43:38",9900,9900,0,0,9900,0,0,0,0
S00000286446,2912060,"2026-01-01 07:43:38",0,0,0,0,0,0,0,0,0
S00000286447,2914001,"2026-01-03 23:09:57",0,0,0,0,0,0,0,0,0
S00000286447,2914002,"2026-01-03 23:09:57",10725,10034,691,0,10034,0,0,0,0
S00000286450,2914003,"2026-01-03 23:32:20",7425,6946,479,0,6946,0,0,0,0
S00000286450,2914004,"2026-01-03 23:32:24",9900,9262,638,0,9262,0,0,0,0
S00000286450,2914005,"2026-01-03 23:32:24",0,0,0,0,0,0,0,0,0
S00000286453,2913991,"2026-01-03 20:45:00",0,0,0,0,0,0,0,0,0
S00000286453,2913992,"2026-01-03 20:45:00",7425,6946,479,0,6946,0,0,0,0
S00000286454,2913078,"2026-01-02 14:45:24",0,0,0,0,0,0,0,0,0
S00000286454,2913079,"2026-01-02 14:45:24",7425,7186,239,0,7186,0,0,0,0
S00000286457,2909875,"2026-01-01 00:27:17",7425,7425,0,0,7425,0,0,0,0
S00000286457,2909876,"2026-01-01 00:27:21",9900,9900,0,0,9900,0,0,0,0
S00000286457,2909877,"2026-01-01 00:27:21",0,0,0,0,0,0,0,0,0
S00000286462,2914762,"2026-01-04 10:58:14",0,0,0,0,0,0,0,0,0
S00000286462,2914763,"2026-01-04 10:58:14",7425,6707,718,0,6707,0,0,0,0
S00000286471,2913119,"2026-01-02 22:08:37",0,0,0,0,0,0,0,0,0
S00000286471,2913120,"2026-01-02 22:08:38",7425,0,7425,0,0,0,0,0,0
S00000286476,2913080,"2026-01-02 14:54:18",0,0,0,0,0,0,0,0,0
S00000286476,2913081,"2026-01-02 14:54:18",7425,7186,239,0,7186,0,0,0,0
S00000286477,2913028,"2026-01-02 09:00:28",0,0,0,0,0,0,0,0,0
S00000286477,2913029,"2026-01-02 09:00:28",7425,7186,239,0,7186,0,0,0,0
S00000286478,2913926,"2026-01-03 10:45:05",0,0,0,0,0,0,0,0,0
S00000286478,2913927,"2026-01-03 10:45:05",7425,6946,479,0,6946,0,0,0,0
S00000286480,2913097,"2026-01-02 17:38:05",0,0,0,0,0,0,0,0,0
S00000286480,2913098,"2026-01-02 17:38:05",7425,7186,239,0,7186,0,0,0,0
S00000286483,2914868,"2026-01-04 22:08:19",0,0,0,0,0,0,0,0,0
S00000286483,2914869,"2026-01-04 22:08:19",7425,6707,718,0,6707,0,0,0,0
S00000286489,2913969,"2026-01-03 16:04:28",0,0,0,0,0,0,0,0,0
S00000286489,2913970,"2026-01-03 16:04:28",7425,990,6435,0,990,0,0,0,0
S00000286492,2914742,"2026-01-04 08:01:24",0,0,0,0,0,0,0,0,0
S00000286492,2914743,"2026-01-04 08:01:24",7425,6707,718,0,6707,0,0,0,0
S00000286493,2912152,"2026-01-02 06:53:49",0,0,0,0,0,0,0,0,0
S00000286493,2912153,"2026-01-02 06:53:49",10725,10380,345,0,10380,0,0,0,0
S00000286494,2915976,"2026-01-05 12:53:22",0,0,0,0,0,0,0,0,0
S00000286494,2915977,"2026-01-05 12:53:22",7425,6467,958,0,6467,0,0,0,0
S00000286495,2913950,"2026-01-03 12:46:59",0,0,0,0,0,0,0,0,0
S00000286495,2913951,"2026-01-03 12:46:59",7425,6946,479,0,6946,0,0,0,0
S00000286496,2913066,"2026-01-02 12:32:00",7425,7186,239,0,7186,0,0,0,0
S00000286496,2913067,"2026-01-02 12:32:04",9900,9581,319,0,9581,0,0,0,0
S00000286496,2913068,"2026-01-02 12:32:04",0,0,0,0,0,0,0,0,0
S00000286500,2915598,"2026-01-05 11:26:40",0,0,0,0,0,0,0,0,0
S00000286500,2915599,"2026-01-05 11:26:40",7425,6467,958,0,6467,0,0,0,0
S00000286502,2913069,"2026-01-02 12:36:12",0,0,0,0,0,0,0,0,0
S00000286502,2913070,"2026-01-02 12:36:12",7425,7186,239,0,7186,0,0,0,0
S00000286504,2914854,"2026-01-04 20:34:40",0,0,0,0,0,0,0,0,0
S00000286504,2914855,"2026-01-04 20:34:40",10725,9688,1037,0,9688,0,0,0,0
S00000286509,2913094,"2026-01-02 17:03:28",7425,7186,239,0,7186,0,0,0,0
S00000286509,2913095,"2026-01-02 17:03:32",9900,9581,319,0,9581,0,0,0,0
S00000286509,2913096,"2026-01-02 17:03:32",0,0,0,0,0,0,0,0,0
S00000286512,2916203,"2026-01-05 21:42:53",0,0,0,0,0,0,0,0,0
S00000286512,2916204,"2026-01-05 21:42:53",7425,6467,958,0,6467,0,0,0,0
S00000286515,2913979,"2026-01-03 19:10:47",0,0,0,0,0,0,0,0,0
S00000286515,2913980,"2026-01-03 19:10:47",10725,10034,691,0,10034,0,0,0,0
S00000286516,2913938,"2026-01-03 11:34:53",0,0,0,0,0,0,0,0,0
S00000286516,2913939,"2026-01-03 11:34:53",7425,6946,479,0,6946,0,0,0,0
S00000286518,2913134,"2026-01-03 00:31:06",0,0,0,0,0,0,0,0,0
S00000286518,2913135,"2026-01-03 00:31:06",7425,6946,479,0,6946,0,0,0,0
S00000286522,2916143,"2026-01-05 18:36:12",7425,6467,958,0,6467,0,0,0,0
S00000286522,2916144,"2026-01-05 18:36:17",9900,8623,1277,0,8623,0,0,0,0
S00000286522,2916145,"2026-01-05 18:36:17",0,0,0,0,0,0,0,0,0
S00000286523,2913132,"2026-01-03 00:09:55",0,0,0,0,0,0,0,0,0
S00000286523,2913133,"2026-01-03 00:09:55",7425,6946,479,0,6946,0,0,0,0
S00000286525,2914754,"2026-01-04 09:56:02",0,0,0,0,0,0,0,0,0
S00000286525,2914755,"2026-01-04 09:56:02",7425,6707,718,0,6707,0,0,0,0
S00000286527,2913987,"2026-01-03 20:18:15",0,0,0,0,0,0,0,0,0
S00000286527,2913988,"2026-01-03 20:18:15",7425,0,7425,0,0,0,0,0,0
S00000286530,2913923,"2026-01-03 08:41:55",0,0,0,0,0,0,0,0,0
S00000286530,2913924,"2026-01-03 08:41:55",7425,6946,479,0,6946,0,0,0,0
S00000286533,2913934,"2026-01-03 11:24:23",0,0,0,0,0,0,0,0,0
S00000286533,2913935,"2026-01-03 11:24:23",7425,6946,479,0,6946,0,0,0,0
S00000286534,2913936,"2026-01-03 11:30:31",0,0,0,0,0,0,0,0,0
S00000286534,2913937,"2026-01-03 11:30:31",7425,6946,479,0,6946,0,0,0,0
S00000286536,2914818,"2026-01-04 15:48:22",0,0,0,0,0,0,0,0,0
S00000286536,2914819,"2026-01-04 15:48:22",7425,6707,718,0,6707,0,0,0,0
S00000286545,2914768,"2026-01-04 11:48:56",0,0,0,0,0,0,0,0,0
S00000286545,2914769,"2026-01-04 11:48:56",7425,6707,718,0,6707,0,0,0,0
S00000286546,2914780,"2026-01-04 13:01:18",0,0,0,0,0,0,0,0,0
S00000286546,2914781,"2026-01-04 13:01:18",7425,6707,718,0,6707,0,0,0,0
S00000286547,2913965,"2026-01-03 14:03:18",0,0,0,0,0,0,0,0,0
S00000286547,2913966,"2026-01-03 14:03:18",10725,10034,691,0,10034,0,0,0,0
S00000286552,2913967,"2026-01-03 16:02:52",0,0,0,0,0,0,0,0,0
S00000286552,2913968,"2026-01-03 16:02:52",7425,6946,479,0,6946,0,0,0,0
S00000286553,2914747,"2026-01-04 09:14:57",7425,6707,718,0,6707,0,0,0,0
S00000286553,2914748,"2026-01-04 09:15:01",19800,17884,1916,0,17884,0,0,0,0
S00000286553,2914749,"2026-01-04 09:15:02",0,0,0,0,0,0,0,0,0
S00000286555,2916244,"2026-01-06 02:24:21",0,0,0,0,0,0,0,0,0
S00000286555,2916245,"2026-01-06 02:24:21",7425,0,7425,0,0,0,0,0,0
S00000286556,2914856,"2026-01-04 20:40:59",0,0,0,0,0,0,0,0,0
S00000286556,2914857,"2026-01-04 20:40:59",7425,6707,718,0,6707,0,0,0,0
S00000286557,2913971,"2026-01-03 17:02:42",0,0,0,0,0,0,0,0,0
S00000286557,2913972,"2026-01-03 17:02:42",7425,6946,479,0,6946,0,0,0,0
S00000286559,2913983,"2026-01-03 19:26:54",0,0,0,0,0,0,0,0,0
S00000286559,2913984,"2026-01-03 19:26:54",7425,6946,479,0,6946,0,0,0,0
S00000286562,2913973,"2026-01-03 18:08:12",0,0,0,0,0,0,0,0,0
S00000286562,2913974,"2026-01-03 18:08:12",7425,990,6435,0,990,0,0,0,0
S00000286564,2914841,"2026-01-04 19:41:17",0,0,0,0,0,0,0,0,0
S00000286564,2914842,"2026-01-04 19:41:17",7425,6707,718,0,6707,0,0,0,0
S00000286566,2914756,"2026-01-04 10:38:39",0,0,0,0,0,0,0,0,0
S00000286566,2914757,"2026-01-04 10:38:39",7425,6707,718,0,6707,0,0,0,0
S00000286567,2914772,"2026-01-04 12:07:26",0,0,0,0,0,0,0,0,0
S00000286567,2914773,"2026-01-04 12:07:26",7425,6707,718,0,6707,0,0,0,0
S00000286570,2915903,"2026-01-05 12:10:08",7425,6467,958,0,6467,0,0,0,0
S00000286570,2915904,"2026-01-05 12:10:12",9900,8623,1277,0,8623,0,0,0,0
S00000286570,2915905,"2026-01-05 12:10:13",0,0,0,0,0,0,0,0,0
S00000286573,2914770,"2026-01-04 11:48:59",0,0,0,0,0,0,0,0,0
S00000286573,2914771,"2026-01-04 11:48:59",7425,6707,718,0,6707,0,0,0,0
S00000286576,2914735,"2026-01-04 05:38:55",10725,9688,1037,0,9688,0,0,0,0
S00000286576,2914736,"2026-01-04 05:38:59",0,0,0,0,0,0,0,0,0
S00000286576,2914737,"2026-01-04 05:38:59",9900,8942,958,0,8942,0,0,0,0
S00000286578,2916151,"2026-01-05 19:05:59",0,0,0,0,0,0,0,0,0
S00000286578,2916152,"2026-01-05 19:05:59",7425,6467,958,0,6467,0,0,0,0
S00000286580,2914007,"2026-01-04 00:35:33",0,0,0,0,0,0,0,0,0
S00000286580,2914008,"2026-01-04 00:35:33",7425,6707,718,0,6707,0,0,0,0
S00000286581,2914874,"2026-01-04 22:38:16",0,0,0,0,0,0,0,0,0
S00000286581,2914875,"2026-01-04 22:38:16",7425,0,7425,0,0,0,0,0,0
S00000286588,2914782,"2026-01-04 13:06:14",0,0,0,0,0,0,0,0,0
S00000286588,2914783,"2026-01-04 13:06:14",7425,495,6930,0,495,0,0,0,0
S00000286591,2916184,"2026-01-05 21:13:53",0,0,0,0,0,0,0,0,0
S00000286591,2916185,"2026-01-05 21:13:53",7425,6467,958,0,6467,0,0,0,0
S00000286593,2914813,"2026-01-04 15:09:54",0,0,0,0,0,0,0,0,0
S00000286593,2914814,"2026-01-04 15:09:54",7425,6707,718,0,6707,0,0,0,0
S00000286596,2916001,"2026-01-05 14:51:06",0,0,0,0,0,0,0,0,0
S00000286596,2916002,"2026-01-05 14:51:06",7425,6467,958,0,6467,0,0,0,0
S00000286599,2914820,"2026-01-04 16:28:51",0,0,0,0,0,0,0,0,0
S00000286599,2914821,"2026-01-04 16:28:51",7425,6707,718,0,6707,0,0,0,0
S00000286608,2914829,"2026-01-04 18:37:41",0,0,0,0,0,0,0,0,0
S00000286608,2914830,"2026-01-04 18:37:42",7425,6707,718,0,6707,0,0,0,0
S00000286609,2916230,"2026-01-05 23:56:54",7425,6467,958,0,6467,0,0,0,0
S00000286609,2916231,"2026-01-05 23:56:59",9900,8623,1277,0,8623,0,0,0,0
S00000286609,2916232,"2026-01-05 23:56:59",0,0,0,0,0,0,0,0,0
S00000286611,2916223,"2026-01-05 23:25:52",7425,6467,958,0,6467,0,0,0,0
S00000286611,2916224,"2026-01-05 23:25:57",9900,8623,1277,0,8623,0,0,0,0
S00000286611,2916225,"2026-01-05 23:25:57",0,0,0,0,0,0,0,0,0
S00000286612,2916182,"2026-01-05 21:07:31",0,0,0,0,0,0,0,0,0
S00000286612,2916183,"2026-01-05 21:07:31",7425,6467,958,0,6467,0,0,0,0
S00000286614,2915579,"2026-01-05 09:30:38",0,0,0,0,0,0,0,0,0
S00000286614,2915580,"2026-01-05 09:30:38",7425,6467,958,0,6467,0,0,0,0
S00000286616,2916219,"2026-01-05 23:10:29",0,0,0,0,0,0,0,0,0
S00000286616,2916220,"2026-01-05 23:10:29",7425,0,7425,0,0,0,0,0,0
S00000286619,2914876,"2026-01-04 23:04:17",0,0,0,0,0,0,0,0,0
S00000286619,2914877,"2026-01-04 23:04:17",10725,9688,1037,0,9688,0,0,0,0
S00000286620,2916199,"2026-01-05 21:40:34",0,0,0,0,0,0,0,0,0
S00000286620,2916200,"2026-01-05 21:40:34",7425,6467,958,0,6467,0,0,0,0
S00000286624,2916226,"2026-01-05 23:29:20",0,0,0,0,0,0,0,0,0
S00000286624,2916227,"2026-01-05 23:29:20",7425,0,7425,0,0,0,0,0,0
S00000286625,2916241,"2026-01-06 01:08:56",7425,6228,1197,0,6228,0,0,0,0
S00000286625,2916242,"2026-01-06 01:09:00",9900,8304,1596,0,8304,0,0,0,0
S00000286625,2916243,"2026-01-06 01:09:00",0,0,0,0,0,0,0,0,0
S00000286629,2915559,"2026-01-05 07:37:16",0,0,0,0,0,0,0,0,0
S00000286629,2915560,"2026-01-05 07:37:16",7425,6467,958,0,6467,0,0,0,0
S00000286630,2915563,"2026-01-05 08:10:14",7425,6467,958,0,6467,0,0,0,0
S00000286630,2915564,"2026-01-05 08:10:18",9900,8623,1277,0,8623,0,0,0,0
S00000286630,2915565,"2026-01-05 08:10:18",0,0,0,0,0,0,0,0,0
S00000286634,2916015,"2026-01-05 16:26:55",0,0,0,0,0,0,0,0,0
S00000286634,2916016,"2026-01-05 16:26:55",7425,6467,958,0,6467,0,0,0,0
S00000286636,2916012,"2026-01-05 15:42:52",0,0,0,0,0,0,0,0,0
S00000286636,2916013,"2026-01-05 15:42:52",7425,6467,958,0,6467,0,0,0,0
S00000286640,2915811,"2026-01-05 11:44:12",0,0,0,0,0,0,0,0,0
S00000286640,2915812,"2026-01-05 11:44:12",11092,11092,0,0,11092,0,0,0,0
S00000286640,2915815,"2026-01-05 11:49:52",20732,18057,2675,0,18057,0,0,0,0
S00000286640,2915816,"2026-01-05 11:49:52",0,0,0,0,0,0,0,0,0
S00000286640,2916014,"2026-01-05 00:00:00",-11092,-11092,0,0,-11092,0,0,0,0
S00000286640,2916053,"2026-01-05 00:00:00",-20732,-20732,0,0,-20732,0,0,0,0
S00000286656,2916032,"2026-01-05 16:37:01",0,0,0,0,0,0,0,0,0
S00000286656,2916033,"2026-01-05 16:37:01",7425,6467,958,0,6467,0,0,0,0
S00000286657,2916038,"2026-01-05 16:56:14",0,0,0,0,0,0,0,0,0
S00000286657,2916039,"2026-01-05 16:56:14",7425,6467,958,0,6467,0,0,0,0
S00000286660,2916209,"2026-01-05 22:28:28",0,0,0,0,0,0,0,0,0
S00000286660,2916210,"2026-01-05 22:28:28",7425,6467,958,0,6467,0,0,0,0
S00000286666,2916194,"2026-01-05 21:38:31",7425,6467,958,0,6467,0,0,0,0
S00000286666,2916195,"2026-01-05 21:38:35",9900,8623,1277,0,8623,0,0,0,0
S00000286666,2916196,"2026-01-05 21:38:35",0,0,0,0,0,0,0,0,0
S00000286668,2916190,"2026-01-05 21:25:55",0,0,0,0,0,0,0,0,0
S00000286668,2916191,"2026-01-05 21:25:55",7425,6467,958,0,6467,0,0,0,0
S00000286691,2916213,"2026-01-05 22:33:58",0,0,0,0,0,0,0,0,0
S00000286691,2916214,"2026-01-05 22:33:58",7425,6467,958,0,6467,0,0,0,0
S00000286694,2916239,"2026-01-06 00:59:34",0,0,0,0,0,0,0,0,0
S00000286694,2916240,"2026-01-06 00:59:34",10725,8996,1729,0,8996,0,0,0,0
